Nome,Tipo,Caminho,URL
Chutes Alternados de Glúteos no Banco.gif,image/gif,gifs e animaçoes/Gifs com Bonecos2/206 Gifs de Treino Funcional e HIIT,https://drive.google.com/file/d/143VQCCXdvDrrojC1hSVPpRQvKByqEFd2/view?usp=drivesdk
Exercícios de escada de agilidade lateral.gif,image/gif,gifs e animaçoes/Gifs com Bonecos2/206 Gifs de Treino Funcional e HIIT,https://drive.google.com/file/d/112w1ERbEoFavh_sGofrXw-mFGiIvHiGj/view?usp=drivesdk
Lançamento de bola medicinal.gif,image/gif,gifs e animaçoes/Gifs com Bonecos2/206 Gifs de Treino Funcional e HIIT,https://drive.google.com/file/d/141Oci5PhtM-5vYBujWekT9ujcbGhyRf5/view?usp=drivesdk
Superman.gif,image/gif,gifs e animaçoes/Gifs com Bonecos2/206 Gifs de Treino Funcional e HIIT,https://drive.google.com/file/d/167s54CCQHyNtjpV4WAQLlFyI4YKA6U3-/view?usp=drivesdk
Subida no Step com Elevação de Joelhos.gif,image/gif,gifs e animaçoes/Gifs com Bonecos2/206 Gifs de Treino Funcional e HIIT,https://drive.google.com/file/d/19kULFE_hzIcRg1LmWC1uc2hRM4YNnRwV/view?usp=drivesdk
Flexão de Braços com Apoio dos Joelhos Fechada.gif,image/gif,gifs e animaçoes/Gifs com Bonecos2/206 Gifs de Treino Funcional e HIIT,https://drive.google.com/file/d/1AYSdAzzEswlHYVxgP5eVl5T0v_x7RpbP/view?usp=drivesdk
Saltos de afastamento.gif,image/gif,gifs e animaçoes/Gifs com Bonecos2/206 Gifs de Treino Funcional e HIIT,https://drive.google.com/file/d/1CF3UG7B9yUYkv4gBED6otBHR2wMhtKP-/view?usp=drivesdk
Burpees.gif,image/gif,gifs e animaçoes/Gifs com Bonecos2/206 Gifs de Treino Funcional e HIIT,https://drive.google.com/file/d/1Cnza48WaYBA9zI2XFFf7SoQ4h-OM0dia/view?usp=drivesdk
Exercícios das 5 Marcas.gif,image/gif,gifs e animaçoes/Gifs com Bonecos2/206 Gifs de Treino Funcional e HIIT,https://drive.google.com/file/d/1EpdoUaRSYtnZyR0uoWuulAlFtz5VA2W6/view?usp=drivesdk
Flexão cobra.gif,image/gif,gifs e animaçoes/Gifs com Bonecos2/206 Gifs de Treino Funcional e HIIT,https://drive.google.com/file/d/1OTYOhTnCZk7Br9qwTsC0ClDs_-0VY_A4/view?usp=drivesdk
Polichinelo Frontal.gif,image/gif,gifs e animaçoes/Gifs com Bonecos2/206 Gifs de Treino Funcional e HIIT,https://drive.google.com/file/d/1OsCj_rbxAo0IOeSp1SU_CThE4MmYAIaJ/view?usp=drivesdk
Salto para Caixa 2 para 1.gif,image/gif,gifs e animaçoes/Gifs com Bonecos2/206 Gifs de Treino Funcional e HIIT,https://drive.google.com/file/d/1PzbdRfdXXzbcTnTpnYjgg_vOPQYJEhsv/view?usp=drivesdk
Desenvolvimento de ombro unilateral com banda.gif,image/gif,gifs e animaçoes/Gifs com Bonecos2/206 Gifs de Treino Funcional e HIIT,https://drive.google.com/file/d/1YTWWpTpvFH5nX32pCba5gV_tglrckCNH/view?usp=drivesdk
Flexão de Braço no Bosu.gif,image/gif,gifs e animaçoes/Gifs com Bonecos2/206 Gifs de Treino Funcional e HIIT,https://drive.google.com/file/d/1cNCEUNyNXcHTrej1itPSctiFYcPKa9jL/view?usp=drivesdk
Flexão com Rotação.gif,image/gif,gifs e animaçoes/Gifs com Bonecos2/206 Gifs de Treino Funcional e HIIT,https://drive.google.com/file/d/1cyM96rdppAlWTADBtgKBe6AC_sygSjTj/view?usp=drivesdk
Flexão.gif,image/gif,gifs e animaçoes/Gifs com Bonecos2/206 Gifs de Treino Funcional e HIIT,https://drive.google.com/file/d/1hL49-lTbrtZgDLd_eiTVaBtsU5mbRAmf/view?usp=drivesdk
Flexão de Braço com Uma Perna.gif,image/gif,gifs e animaçoes/Gifs com Bonecos2/206 Gifs de Treino Funcional e HIIT,https://drive.google.com/file/d/1q4VvQdbd4Ws9KHUUcDeF4LDzHSmuQNmn/view?usp=drivesdk
Elevação Pélvica com Banda de Resistência.gif,image/gif,gifs e animaçoes/Gifs com Bonecos2/206 Gifs de Treino Funcional e HIIT,https://drive.google.com/file/d/1qT_Emf6Kcr3Do5uA-aaf8cZnvB1q9dTP/view?usp=drivesdk
Soco direto de direita.gif,image/gif,gifs e animaçoes/Gifs com Bonecos2/206 Gifs de Treino Funcional e HIIT,https://drive.google.com/file/d/1tIrShInT9iLm49OoumjL1UHmY3XvzbEQ/view?usp=drivesdk
Snap Jumps.gif,image/gif,gifs e animaçoes/Gifs com Bonecos2/206 Gifs de Treino Funcional e HIIT,https://drive.google.com/file/d/12974Cfx-iCd7TeD1ZARokMJ9jLiUh4SA/view?usp=drivesdk
Socos.gif,image/gif,gifs e animaçoes/Gifs com Bonecos2/206 Gifs de Treino Funcional e HIIT,https://drive.google.com/file/d/13qy6TMknV_P8JCSpIGkR2Mu1tMlt0OUW/view?usp=drivesdk
Abdução de Quadril Sentado com Faixa Elástica.gif,image/gif,gifs e animaçoes/Gifs com Bonecos2/206 Gifs de Treino Funcional e HIIT,https://drive.google.com/file/d/1EQvv8LbY9LNNzLo6YZ2CT4mqjybWuH5e/view?usp=drivesdk
Coice com Perna Flexionada.gif,image/gif,gifs e animaçoes/Gifs com Bonecos2/206 Gifs de Treino Funcional e HIIT,https://drive.google.com/file/d/1GuTYOtVVKIsY0kKBORXCfwGc-HvrAqn7/view?usp=drivesdk
Arremesso de Bola de Reação.gif,image/gif,gifs e animaçoes/Gifs com Bonecos2/206 Gifs de Treino Funcional e HIIT,https://drive.google.com/file/d/1IB7L4XD2BiWstaQSt9IN_BAWdTDCjzed/view?usp=drivesdk
Extensão De Perna Reta.gif,image/gif,gifs e animaçoes/Gifs com Bonecos2/206 Gifs de Treino Funcional e HIIT,https://drive.google.com/file/d/1OXykwNKnvvMRwe1bD9kax_3TelICVEDO/view?usp=drivesdk
Minhoca.gif,image/gif,gifs e animaçoes/Gifs com Bonecos2/206 Gifs de Treino Funcional e HIIT,https://drive.google.com/file/d/1Q1_WTx-8NaDG9XXWg9RWHyF_aRR_iRcc/view?usp=drivesdk
Corrida com Elevação dos Joelhos.gif,image/gif,gifs e animaçoes/Gifs com Bonecos2/206 Gifs de Treino Funcional e HIIT,https://drive.google.com/file/d/1U8XIhSKjkNKEldsrcd-GkW_AqBswNONl/view?usp=drivesdk
Salto em Agachamento com Joelhos Flexionados.gif,image/gif,gifs e animaçoes/Gifs com Bonecos2/206 Gifs de Treino Funcional e HIIT,https://drive.google.com/file/d/1f-Cvs3wtxk_QkjXzWw6bm_8gnoG_nhrS/view?usp=drivesdk
Desenvolvimento de ombro sentado com faixa de resistência.gif,image/gif,gifs e animaçoes/Gifs com Bonecos2/206 Gifs de Treino Funcional e HIIT,https://drive.google.com/file/d/1h1pRQUEGIZNEiiUFlsqtTd5yhXtahR9D/view?usp=drivesdk
Extensão de Quadril no Banco.gif,image/gif,gifs e animaçoes/Gifs com Bonecos2/206 Gifs de Treino Funcional e HIIT,https://drive.google.com/file/d/1mVxcaMohJ9qykWuqp75cLadqwOE7mfaB/view?usp=drivesdk
Agachamento Cossaco.gif,image/gif,gifs e animaçoes/Gifs com Bonecos2/206 Gifs de Treino Funcional e HIIT,https://drive.google.com/file/d/1rJnhUr60Iil3W14rOL6c-AcREKsemTc4/view?usp=drivesdk
Salto na Caixa para Agachamento Pistola.gif,image/gif,gifs e animaçoes/Gifs com Bonecos2/206 Gifs de Treino Funcional e HIIT,https://drive.google.com/file/d/1rpah1lU2Iz9pVUz7a5x7SM0Cd8m06bkH/view?usp=drivesdk
Ponte Unilateral Com Uma Perna Levantada.gif,image/gif,gifs e animaçoes/Gifs com Bonecos2/206 Gifs de Treino Funcional e HIIT,https://drive.google.com/file/d/1wI8gg0ycqkPtR74m4WFUhpmNHF1ZRPrf/view?usp=drivesdk
Chutes até o Glúteo.gif,image/gif,gifs e animaçoes/Gifs com Bonecos2/206 Gifs de Treino Funcional e HIIT,https://drive.google.com/file/d/1zrqh-iVYxFbOV9MMxfi_psQMOhw7kIXp/view?usp=drivesdk
Corrida com Joelhos Altos.gif,image/gif,gifs e animaçoes/Gifs com Bonecos2/206 Gifs de Treino Funcional e HIIT,https://drive.google.com/file/d/1zwnMtNZLhjblYOVijtoqzjKGA9D7cZZX/view?usp=drivesdk
Corrida de Sprint com Assistência de Faixa Elástica.gif,image/gif,gifs e animaçoes/Gifs com Bonecos2/206 Gifs de Treino Funcional e HIIT,https://drive.google.com/file/d/1-JU7xwMOCAu9xfG7XDtOIr0FuP5AMtw-/view?usp=drivesdk
Agachamento com Faixa Elástica em Afundo.gif,image/gif,gifs e animaçoes/Gifs com Bonecos2/206 Gifs de Treino Funcional e HIIT,https://drive.google.com/file/d/1152IFm4g0C2Cmmnj2foK-83cA_R0Lh5M/view?usp=drivesdk
Elevação de Panturrilha em Uma Perna.gif,image/gif,gifs e animaçoes/Gifs com Bonecos2/206 Gifs de Treino Funcional e HIIT,https://drive.google.com/file/d/16JPKOQP7GZd4-fiD9NZ9FssYzIbuJUMi/view?usp=drivesdk
Agachamento com Salto.gif,image/gif,gifs e animaçoes/Gifs com Bonecos2/206 Gifs de Treino Funcional e HIIT,https://drive.google.com/file/d/16l6q9hhYGKLpP9jpTDk84pkqFku1jnm8/view?usp=drivesdk
Agachamento Camarão.gif,image/gif,gifs e animaçoes/Gifs com Bonecos2/206 Gifs de Treino Funcional e HIIT,https://drive.google.com/file/d/178m8Ilzp9KthO0DSv6K6riXg77wsyp_d/view?usp=drivesdk
Agachamento.gif,image/gif,gifs e animaçoes/Gifs com Bonecos2/206 Gifs de Treino Funcional e HIIT,https://drive.google.com/file/d/17waE6-IVAPXcM8tMIYbgj80tF02Zkgi1/view?usp=drivesdk
Rolamento na bola suíça.gif,image/gif,gifs e animaçoes/Gifs com Bonecos2/206 Gifs de Treino Funcional e HIIT,https://drive.google.com/file/d/19DFQY9uCukfkyIXPkqwLBoKCY3EN7RIC/view?usp=drivesdk
Rosca martelo com garrafa de água.gif,image/gif,gifs e animaçoes/Gifs com Bonecos2/206 Gifs de Treino Funcional e HIIT,https://drive.google.com/file/d/1A0LC309CrAMUXUiIjwaxYudRd2EV_rKD/view?usp=drivesdk
Flexão de ombro com faixa.gif,image/gif,gifs e animaçoes/Gifs com Bonecos2/206 Gifs de Treino Funcional e HIIT,https://drive.google.com/file/d/1IjjR2HsHdtU7yNnfxO9eL-TLy0JW57wF/view?usp=drivesdk
Agachamento com Elevação dos Joelhos.gif,image/gif,gifs e animaçoes/Gifs com Bonecos2/206 Gifs de Treino Funcional e HIIT,https://drive.google.com/file/d/1JRHeg6Q0ft7g6j5qYD5ZdoSHDJNfh3io/view?usp=drivesdk
Flexão de pernas com toalha.gif,image/gif,gifs e animaçoes/Gifs com Bonecos2/206 Gifs de Treino Funcional e HIIT,https://drive.google.com/file/d/1LpmfFB2c-BzxUEggJZ1DUS96K8JO0-Jv/view?usp=drivesdk
Flexão de Parede.gif,image/gif,gifs e animaçoes/Gifs com Bonecos2/206 Gifs de Treino Funcional e HIIT,https://drive.google.com/file/d/1MdwY0QxqS2IvXevWfmdKxK3R5yTD6RKS/view?usp=drivesdk
Passo Invertido com Elevação do Joelho.gif,image/gif,gifs e animaçoes/Gifs com Bonecos2/206 Gifs de Treino Funcional e HIIT,https://drive.google.com/file/d/1QmK1xX5sb-Oy8SToIn5YrxKc6IIumvU0/view?usp=drivesdk
Flexão de Pernas com Faixa Elástica.gif,image/gif,gifs e animaçoes/Gifs com Bonecos2/206 Gifs de Treino Funcional e HIIT,https://drive.google.com/file/d/1SuW_73TmiFwrTDiIxt0GqS_Z_RveA-vZ/view?usp=drivesdk
Supino em Pé com Faixa Elástica.gif,image/gif,gifs e animaçoes/Gifs com Bonecos2/206 Gifs de Treino Funcional e HIIT,https://drive.google.com/file/d/1jrwCQVxs2JBD7rzF3RuDQKnCs8K7wgZe/view?usp=drivesdk
Agachamento Sumô sem Pesos.gif,image/gif,gifs e animaçoes/Gifs com Bonecos2/206 Gifs de Treino Funcional e HIIT,https://drive.google.com/file/d/1oGi5yOCoQuDjjWX6m8Iahrd0Io0Z181W/view?usp=drivesdk
Flexão de Braço com Bola Medicinal com Apoio em Um Braço.gif,image/gif,gifs e animaçoes/Gifs com Bonecos2/206 Gifs de Treino Funcional e HIIT,https://drive.google.com/file/d/1uqPgSpHKz0fx_0nkRQwAKBoAdPdWmCkJ/view?usp=drivesdk
Salto na Caixa.gif,image/gif,gifs e animaçoes/Gifs com Bonecos2/206 Gifs de Treino Funcional e HIIT,https://drive.google.com/file/d/1xV2yUh7dVYfRPjg-w-nXywEzoGMCba51/view?usp=drivesdk
Desenvolvimento lateral com gymstick.gif,image/gif,gifs e animaçoes/Gifs com Bonecos2/206 Gifs de Treino Funcional e HIIT,https://drive.google.com/file/d/10H2LIhyMngEEYLrkrOiOxJISHdwkmTXr/view?usp=drivesdk
Hiperextensão Reversa com Faixa de Resistência.gif,image/gif,gifs e animaçoes/Gifs com Bonecos2/206 Gifs de Treino Funcional e HIIT,https://drive.google.com/file/d/163HdLiaXCpjqJe2S9Bl8f_EbgMxr0-6D/view?usp=drivesdk
Exercícios de Escada de Agilidade.gif,image/gif,gifs e animaçoes/Gifs com Bonecos2/206 Gifs de Treino Funcional e HIIT,https://drive.google.com/file/d/195-GwYSjmsQiX_UREF81ZIEC5Ift3n-Y/view?usp=drivesdk
Extensão de Tríceps com Faixa Elástica.gif,image/gif,gifs e animaçoes/Gifs com Bonecos2/206 Gifs de Treino Funcional e HIIT,https://drive.google.com/file/d/1OsWBSU6vUwliXhc-47djDHxxaB3gbZ7f/view?usp=drivesdk
Glúteos Coice com Faixa Elástica.gif,image/gif,gifs e animaçoes/Gifs com Bonecos2/206 Gifs de Treino Funcional e HIIT,https://drive.google.com/file/d/1SeiWL9-DjjmqPsYC2jJVgspC1LaitkCY/view?usp=drivesdk
Mergulho reverso.gif,image/gif,gifs e animaçoes/Gifs com Bonecos2/206 Gifs de Treino Funcional e HIIT,https://drive.google.com/file/d/1SvFTBaXfFjXdMwfKyN3bgN18HzTXHebl/view?usp=drivesdk
Afundo com Gymstick.gif,image/gif,gifs e animaçoes/Gifs com Bonecos2/206 Gifs de Treino Funcional e HIIT,https://drive.google.com/file/d/1ZkGHkqUnL193l3ZRGlRIv6FDd9PKvQHO/view?usp=drivesdk
Afundo Lateral.gif,image/gif,gifs e animaçoes/Gifs com Bonecos2/206 Gifs de Treino Funcional e HIIT,https://drive.google.com/file/d/1aHFEpmZlRrSVl_gFlbJ0i8qq6qtEYL2V/view?usp=drivesdk
Flexão de Pernas deitado com Faixa Elástica.gif,image/gif,gifs e animaçoes/Gifs com Bonecos2/206 Gifs de Treino Funcional e HIIT,https://drive.google.com/file/d/1bGrUcMx-FOAiDeHBrxAUB-ZjeXOJUExg/view?usp=drivesdk
Boxe Sombra.gif,image/gif,gifs e animaçoes/Gifs com Bonecos2/206 Gifs de Treino Funcional e HIIT,https://drive.google.com/file/d/1dkxy1xt4ejzs5fb8lnIMdgQcY_0sIvvl/view?usp=drivesdk
Elevação de panturrilha em pé.gif,image/gif,gifs e animaçoes/Gifs com Bonecos2/206 Gifs de Treino Funcional e HIIT,https://drive.google.com/file/d/1e5o_ERrb2Z2UnVKl_2agHKbRnzZOwCph/view?usp=drivesdk
Corrida Latera.gif,image/gif,gifs e animaçoes/Gifs com Bonecos2/206 Gifs de Treino Funcional e HIIT,https://drive.google.com/file/d/1jK_N-TvsdYPd7_TUtcjG4b6sK56J1mPh/view?usp=drivesdk
Wall Sit com Inclinação de Tronco.gif,image/gif,gifs e animaçoes/Gifs com Bonecos2/206 Gifs de Treino Funcional e HIIT,https://drive.google.com/file/d/1m-t3gdkI42gcYbayiurvRmp0OkvC0kzx/view?usp=drivesdk
Cópia de Abdominal de Rã com Bola de Exercícios.gif,image/gif,gifs e animaçoes/Gifs com Bonecos2/206 Gifs de Treino Funcional e HIIT,https://drive.google.com/file/d/1r9MTwpS_CM5cL1HiUih2MKQZetdt4BZj/view?usp=drivesdk
Extensão de Tríceps com Faixas Elásticas.gif,image/gif,gifs e animaçoes/Gifs com Bonecos2/206 Gifs de Treino Funcional e HIIT,https://drive.google.com/file/d/1rY1taK1IhxgIeAlRB52HWR_Nq-Tf19AG/view?usp=drivesdk
Bola na parede.gif,image/gif,gifs e animaçoes/Gifs com Bonecos2/206 Gifs de Treino Funcional e HIIT,https://drive.google.com/file/d/1ss1CsfZvf1EhZ5X2l0dDMqzTZtTanGYL/view?usp=drivesdk
Elevação de Panturrilha com Faixa Elástica de Resistência.gif,image/gif,gifs e animaçoes/Gifs com Bonecos2/206 Gifs de Treino Funcional e HIIT,https://drive.google.com/file/d/1-9UWpri85WPT1LkkwUE6T9V6BZXB5loE/view?usp=drivesdk
Cruz de ferro com halteres.gif,image/gif,gifs e animaçoes/Gifs com Bonecos2/206 Gifs de Treino Funcional e HIIT,https://drive.google.com/file/d/159YcaVEO6tS0bb3e39Cmb1VcY4pN_5lX/view?usp=drivesdk
Extensão de Tríceps Acima da Cabeça com Gymstick.gif,image/gif,gifs e animaçoes/Gifs com Bonecos2/206 Gifs de Treino Funcional e HIIT,https://drive.google.com/file/d/18Z0b0U2wpmFJwYrL4KylmRnLGDSHjI6o/view?usp=drivesdk
Flexão de Braço na Parede com Pegada Fechada.gif,image/gif,gifs e animaçoes/Gifs com Bonecos2/206 Gifs de Treino Funcional e HIIT,https://drive.google.com/file/d/19bg3tLiEunWhoa8X8eqrfr8JmjBUosS0/view?usp=drivesdk
Levantamento Terra Unilateral.gif,image/gif,gifs e animaçoes/Gifs com Bonecos2/206 Gifs de Treino Funcional e HIIT,https://drive.google.com/file/d/1Af0cWcpTbXQPORCsTdJDrMfwu9TzcO2y/view?usp=drivesdk
Agachamento Pistola com Apoio em Caixa.gif,image/gif,gifs e animaçoes/Gifs com Bonecos2/206 Gifs de Treino Funcional e HIIT,https://drive.google.com/file/d/1B-AnfAv03x6qQxMm1rP3JsCHDCpekIGe/view?usp=drivesdk
Afundo no banco.gif,image/gif,gifs e animaçoes/Gifs com Bonecos2/206 Gifs de Treino Funcional e HIIT,https://drive.google.com/file/d/1DDq6N75aUv35KTPNS9sok4U8VTwoI0M-/view?usp=drivesdk
Pulos com Abertura de Pernas.gif,image/gif,gifs e animaçoes/Gifs com Bonecos2/206 Gifs de Treino Funcional e HIIT,https://drive.google.com/file/d/1LSCo-nuh6dnd4zsg6ZE7-MaNuNVeDza5/view?usp=drivesdk
Salto em Distância.gif,image/gif,gifs e animaçoes/Gifs com Bonecos2/206 Gifs de Treino Funcional e HIIT,https://drive.google.com/file/d/1LaBdJB1Bx0RSHFDQYEhUDXAe0EEqjYY3/view?usp=drivesdk
Agachamento Dividido Profundo.gif,image/gif,gifs e animaçoes/Gifs com Bonecos2/206 Gifs de Treino Funcional e HIIT,https://drive.google.com/file/d/1P-LQJJKyTVVISvFKXqGfg1-l82nNnhh-/view?usp=drivesdk
Agachamento búlgaro com salto.gif,image/gif,gifs e animaçoes/Gifs com Bonecos2/206 Gifs de Treino Funcional e HIIT,https://drive.google.com/file/d/1VhYtcnE5qR90IbGoUIQWiQ_xdTpjDEoY/view?usp=drivesdk
Elevação com Giro do Cotovelo Oposto para o Joelho.gif,image/gif,gifs e animaçoes/Gifs com Bonecos2/206 Gifs de Treino Funcional e HIIT,https://drive.google.com/file/d/1eTzbYFvYbCRJRpE1LqLVPR9aJBEGSudu/view?usp=drivesdk
Passo Lateral em Alta Velocidade.gif,image/gif,gifs e animaçoes/Gifs com Bonecos2/206 Gifs de Treino Funcional e HIIT,https://drive.google.com/file/d/1ibMq2kmvN3FRKGq8-hYVW0PeDcbFu4TH/view?usp=drivesdk
Corrida com Salto.gif,image/gif,gifs e animaçoes/Gifs com Bonecos2/206 Gifs de Treino Funcional e HIIT,https://drive.google.com/file/d/1jtjflOPfFrAh4U3hrBX0LFeSQx-Cb6eA/view?usp=drivesdk
Inclinação Pélvica.gif,image/gif,gifs e animaçoes/Gifs com Bonecos2/206 Gifs de Treino Funcional e HIIT,https://drive.google.com/file/d/1udydeAxR_z6-qTg-BKXpD2qRtwN4jdzR/view?usp=drivesdk
Avanço com Joelho Alto em Cima da Bola Bosu.gif,image/gif,gifs e animaçoes/Gifs com Bonecos2/206 Gifs de Treino Funcional e HIIT,https://drive.google.com/file/d/1vJw99JeydzUokIzFqOd2Vx9LI3EHUqRT/view?usp=drivesdk
Desenvolvimento militar com peso do corpo.gif,image/gif,gifs e animaçoes/Gifs com Bonecos2/206 Gifs de Treino Funcional e HIIT,https://drive.google.com/file/d/1wJd0bLn53i5jKBXtl1G7Q5amKat7LX1J/view?usp=drivesdk
Caminhar.gif,image/gif,gifs e animaçoes/Gifs com Bonecos2/206 Gifs de Treino Funcional e HIIT,https://drive.google.com/file/d/12ZzeaQap45qUHg9Ed-KPV_ardGTBkWMw/view?usp=drivesdk
Abdução de Quadril em Pé.gif,image/gif,gifs e animaçoes/Gifs com Bonecos2/206 Gifs de Treino Funcional e HIIT,https://drive.google.com/file/d/17YMREKGvfaG1DvrVor97zUr8VIWSlkGd/view?usp=drivesdk
Levantamento Lateral de Perna em Quatro Apoios.gif,image/gif,gifs e animaçoes/Gifs com Bonecos2/206 Gifs de Treino Funcional e HIIT,https://drive.google.com/file/d/1D89tlyzE5P33Z4lSrMFFTK6Ii-sW8iij/view?usp=drivesdk
Andar de Bicicleta ao Ar Livre.gif,image/gif,gifs e animaçoes/Gifs com Bonecos2/206 Gifs de Treino Funcional e HIIT,https://drive.google.com/file/d/1N68n30t-FZfwYlV1TvjOYoKcwWvLal88/view?usp=drivesdk
Avanço com Joelho Elevado em Caminhada.gif,image/gif,gifs e animaçoes/Gifs com Bonecos2/206 Gifs de Treino Funcional e HIIT,https://drive.google.com/file/d/1a7qapEQGs40SQfm8yAfLWWV8aSUPVA1G/view?usp=drivesdk
Elevação Lateral de Perna com Faixa Elástica.gif,image/gif,gifs e animaçoes/Gifs com Bonecos2/206 Gifs de Treino Funcional e HIIT,https://drive.google.com/file/d/1bvwbSbDKWxDI7FFUpNtS56eIAFd5z-U7/view?usp=drivesdk
Extensão de Pernas com Faixa Elástica Sentado.gif,image/gif,gifs e animaçoes/Gifs com Bonecos2/206 Gifs de Treino Funcional e HIIT,https://drive.google.com/file/d/1l6A1vw3vHjyL271Gay6ZUOc-3aCUNuaU/view?usp=drivesdk
Passagem de Bola Medicinal de Peito em Pé.gif,image/gif,gifs e animaçoes/Gifs com Bonecos2/206 Gifs de Treino Funcional e HIIT,https://drive.google.com/file/d/1o8ZnExG8sQAY_yBjLGyY5aAefVbR0caM/view?usp=drivesdk
Patinador.gif,image/gif,gifs e animaçoes/Gifs com Bonecos2/206 Gifs de Treino Funcional e HIIT,https://drive.google.com/file/d/1tkLIOJHtioMYrE8c7cIofAg-Lh5bHQZY/view?usp=drivesdk
Agachamento no Banco com Peso Corporal.gif,image/gif,gifs e animaçoes/Gifs com Bonecos2/206 Gifs de Treino Funcional e HIIT,https://drive.google.com/file/d/1x_ps4mML6wt-fGNmt7Az3cAmANl-lPsR/view?usp=drivesdk
Supino com haltere pegada fechada.gif,image/gif,gifs e animaçoes/Gifs com Bonecos2/500 Gifs de Musculação/Peitoral,https://drive.google.com/file/d/1Sg3vJGjyj8rR9jlTvweT8cuOzyblGRCL/view?usp=drivesdk
Supino no smith com o triângulo.gif,image/gif,gifs e animaçoes/Gifs com Bonecos2/500 Gifs de Musculação/Peitoral,https://drive.google.com/file/d/1t_zl6hEsBKARmF4AYqc1i_Tc38suPpuv/view?usp=drivesdk
Crucifixo Deitado com Cabo.gif,image/gif,gifs e animaçoes/Gifs com Bonecos2/500 Gifs de Musculação/Peitoral,https://drive.google.com/file/d/119A37C-Nzer3jtCm-zDziIwwbSN99FmE/view?usp=drivesdk
Supino com kettlebell no chão.gif,image/gif,gifs e animaçoes/Gifs com Bonecos2/500 Gifs de Musculação/Peitoral,https://drive.google.com/file/d/17YOE2_DiY7MU0GOPpWmE-MEE5KVcYJev/view?usp=drivesdk
Supino reto em pé no cross over.gif,image/gif,gifs e animaçoes/Gifs com Bonecos2/500 Gifs de Musculação/Peitoral,https://drive.google.com/file/d/1BGltbcmUYvg7fziOre7XSHKF8p54tYDd/view?usp=drivesdk
Supino com kettlebell de um braço.gif,image/gif,gifs e animaçoes/Gifs com Bonecos2/500 Gifs de Musculação/Peitoral,https://drive.google.com/file/d/1Eh8imc0OyCPBoIHN-MqlHOnoGnC1NM3y/view?usp=drivesdk
Supino invertido com pegada aberta.gif,image/gif,gifs e animaçoes/Gifs com Bonecos2/500 Gifs de Musculação/Peitoral,https://drive.google.com/file/d/1KaXKvoySHVfqdrEpJD5RWKjnsnxHO34-/view?usp=drivesdk
Supino inclinado com cabo.gif,image/gif,gifs e animaçoes/Gifs com Bonecos2/500 Gifs de Musculação/Peitoral,https://drive.google.com/file/d/1KnvA-f-Zbeq_70c2TEy0tusYzusZmeSy/view?usp=drivesdk
Crucifixo Inclinado Cross.gif,image/gif,gifs e animaçoes/Gifs com Bonecos2/500 Gifs de Musculação/Peitoral,https://drive.google.com/file/d/1LFaotSQiqD_x0okUIMN4XohMBo-eNHL6/view?usp=drivesdk
Supino Inclinado na Alavanca.gif,image/gif,gifs e animaçoes/Gifs com Bonecos2/500 Gifs de Musculação/Peitoral,https://drive.google.com/file/d/1LdqzMwZhnmK3O1yTRckt8UGHlVitmib_/view?usp=drivesdk
Pullover de braço reto com halteres (joelhos a 90 graus).gif,image/gif,gifs e animaçoes/Gifs com Bonecos2/500 Gifs de Musculação/Peitoral,https://drive.google.com/file/d/1NzM0p4TPxr37Tj1ptrDqudnOtJ3VSci-/view?usp=drivesdk
Supino Declinado Unilateral Pegada Martelo com Haltere.gif,image/gif,gifs e animaçoes/Gifs com Bonecos2/500 Gifs de Musculação/Peitoral,https://drive.google.com/file/d/1UXeHPc8UvYxa6DcP0ktr6xUktd5dcDxI/view?usp=drivesdk
Supino declinada com alavanca.gif,image/gif,gifs e animaçoes/Gifs com Bonecos2/500 Gifs de Musculação/Peitoral,https://drive.google.com/file/d/1aocqSAlxqIbDerxUYsklC_HutSDwjaVs/view?usp=drivesdk
Voador no pec deck.gif,image/gif,gifs e animaçoes/Gifs com Bonecos2/500 Gifs de Musculação/Peitoral,https://drive.google.com/file/d/1ih5_x-3N5JJqrb-ztg2vzyORWDTKizIy/view?usp=drivesdk
Voador unilateral no Solo com Barra.gif,image/gif,gifs e animaçoes/Gifs com Bonecos2/500 Gifs de Musculação/Peitoral,https://drive.google.com/file/d/1isi7Xqao2o9HP09Rlmdm4cNbI7N9KOut/view?usp=drivesdk
Crucifixo com Halteres Declinado.gif,image/gif,gifs e animaçoes/Gifs com Bonecos2/500 Gifs de Musculação/Peitoral,https://drive.google.com/file/d/1twLjPDsszHqx2YIaMAYPicPbT47ANyBC/view?usp=drivesdk
Supino Reto na Máquina.gif,image/gif,gifs e animaçoes/Gifs com Bonecos2/500 Gifs de Musculação/Peitoral,https://drive.google.com/file/d/1vVZoPx1uNBQI5Is0M1l706GU_CcDEKOk/view?usp=drivesdk
Crossover de peitoral superior com cabo.gif,image/gif,gifs e animaçoes/Gifs com Bonecos2/500 Gifs de Musculação/Peitoral,https://drive.google.com/file/d/1-M00y00o8semP6nnubAKXkALGTOWEJdJ/view?usp=drivesdk
Supino na Máquina para Miolo do Peitoral.gif,image/gif,gifs e animaçoes/Gifs com Bonecos2/500 Gifs de Musculação/Peitoral,https://drive.google.com/file/d/1-ZuBW5nxWQBEwO_dApe4ezRGP1_Wqiwn/view?usp=drivesdk
Supino Inclinado com Halteres.gif,image/gif,gifs e animaçoes/Gifs com Bonecos2/500 Gifs de Musculação/Peitoral,https://drive.google.com/file/d/100lPrnPyVRpY9P57VxdeTjWfDznuG8EF/view?usp=drivesdk
Máquina de voador de peito inclinado.gif,image/gif,gifs e animaçoes/Gifs com Bonecos2/500 Gifs de Musculação/Peitoral,https://drive.google.com/file/d/1GIhwURJPCOyoVrtUL8BKQUIpSGMHMhDE/view?usp=drivesdk
Supino com Alavanca.gif,image/gif,gifs e animaçoes/Gifs com Bonecos2/500 Gifs de Musculação/Peitoral,https://drive.google.com/file/d/1GOt0FHSsh5QmT2tdLtPmS0uksGoIx5hS/view?usp=drivesdk
Supino Unilateral no Cabo.gif,image/gif,gifs e animaçoes/Gifs com Bonecos2/500 Gifs de Musculação/Peitoral,https://drive.google.com/file/d/1KoHgYrVwIF7ITyL1KnWHJGUgaEFLvRxA/view?usp=drivesdk
Supino declinado pegada martelo.gif,image/gif,gifs e animaçoes/Gifs com Bonecos2/500 Gifs de Musculação/Peitoral,https://drive.google.com/file/d/1Mj9rN7ZyZuquQiorou3suKBHOpYhM07D/view?usp=drivesdk
Supino Inclinado na Máquina com Pegada Martelo.gif,image/gif,gifs e animaçoes/Gifs com Bonecos2/500 Gifs de Musculação/Peitoral,https://drive.google.com/file/d/1NjmH77daHob6-pgMnfnkiiEMPpgkgbFz/view?usp=drivesdk
Supino Declinado com Halteres.gif,image/gif,gifs e animaçoes/Gifs com Bonecos2/500 Gifs de Musculação/Peitoral,https://drive.google.com/file/d/1OEDEnqTGv4awvvMfx_fhzhKhOf1MwP-W/view?usp=drivesdk
Supino pegada martelo.gif,image/gif,gifs e animaçoes/Gifs com Bonecos2/500 Gifs de Musculação/Peitoral,https://drive.google.com/file/d/1TsROVnGMXeNJbBRV5kALjyjYjndFQ_E8/view?usp=drivesdk
Crucifixo com halteres.gif,image/gif,gifs e animaçoes/Gifs com Bonecos2/500 Gifs de Musculação/Peitoral,https://drive.google.com/file/d/1ZPq-o-tim7cyUGY54CZiVUb3wIsEeN05/view?usp=drivesdk
Crucifixo Unilateral em Declinado com Cabo.gif,image/gif,gifs e animaçoes/Gifs com Bonecos2/500 Gifs de Musculação/Peitoral,https://drive.google.com/file/d/1ZnqMsJ8shCiRQyCC8_jQ4ekPPJ5Qqyf0/view?usp=drivesdk
Supino Unilateral com Halteres com Pegada Reversa.gif,image/gif,gifs e animaçoes/Gifs com Bonecos2/500 Gifs de Musculação/Peitoral,https://drive.google.com/file/d/1jh9xRRJ6hvwN2rgk4kS7Br8qvzdmXFnO/view?usp=drivesdk
Paralelas.gif,image/gif,gifs e animaçoes/Gifs com Bonecos2/500 Gifs de Musculação/Peitoral,https://drive.google.com/file/d/1lOmzQGUHST4CEXNJ-hZKN4u5gYtBCOYD/view?usp=drivesdk
Supino com halteres com pegada fechada.gif,image/gif,gifs e animaçoes/Gifs com Bonecos2/500 Gifs de Musculação/Peitoral,https://drive.google.com/file/d/1uQDHjUQfDGES_q2KvaG-jKms80NnzVW4/view?usp=drivesdk
Voador com Halteres para Cima.gif,image/gif,gifs e animaçoes/Gifs com Bonecos2/500 Gifs de Musculação/Peitoral,https://drive.google.com/file/d/11Q_m6ikWorf4bsRVHjnNkmdtIgioeDs4/view?usp=drivesdk
Supino unilateral com Alavanca.gif,image/gif,gifs e animaçoes/Gifs com Bonecos2/500 Gifs de Musculação/Peitoral,https://drive.google.com/file/d/1DmAgIX2U84I1pAVajqL-RxblgAzoUj4_/view?usp=drivesdk
Supino com barra declinado.gif,image/gif,gifs e animaçoes/Gifs com Bonecos2/500 Gifs de Musculação/Peitoral,https://drive.google.com/file/d/1HhVFhCUlB99pWo5MZPry-fHwvO_Vk8Ur/view?usp=drivesdk
Supino com Pegada Fechada Sentado com Cabo.gif,image/gif,gifs e animaçoes/Gifs com Bonecos2/500 Gifs de Musculação/Peitoral,https://drive.google.com/file/d/1HhpZFERtTz3O_Gkc9VjWrXJgnL7JdWfc/view?usp=drivesdk
Supino declinada na máquina.gif,image/gif,gifs e animaçoes/Gifs com Bonecos2/500 Gifs de Musculação/Peitoral,https://drive.google.com/file/d/1PdTCk9UF2vW_vF36a-S-NdR6B3MnL6uG/view?usp=drivesdk
Crucifixo com Cabo Declinado.gif,image/gif,gifs e animaçoes/Gifs com Bonecos2/500 Gifs de Musculação/Peitoral,https://drive.google.com/file/d/1Y-Xl5rOrepoU7XjAnl5bua01wqidIMub/view?usp=drivesdk
Crossover na Alavanca.gif,image/gif,gifs e animaçoes/Gifs com Bonecos2/500 Gifs de Musculação/Peitoral,https://drive.google.com/file/d/1_OzaxuOJswWB9YkI4lZraP2XelcTgsfz/view?usp=drivesdk
Supino Inclinado com Halteres e Pegada Invertida.gif,image/gif,gifs e animaçoes/Gifs com Bonecos2/500 Gifs de Musculação/Peitoral,https://drive.google.com/file/d/1fa5_hdokG8slMuASvK_uwW2OOpFhGEha/view?usp=drivesdk
Supino no banco inclinado 30 graus com pegada invertida.gif,image/gif,gifs e animaçoes/Gifs com Bonecos2/500 Gifs de Musculação/Peitoral,https://drive.google.com/file/d/1vAc0h0XRK5LKKy_5pQJGcI795HiJrmbO/view?usp=drivesdk
Supino na máquina Smith.gif,image/gif,gifs e animaçoes/Gifs com Bonecos2/500 Gifs de Musculação/Peitoral,https://drive.google.com/file/d/1wcEFqOVqt0BzpDAsfAIw5CqWgPqa7uhI/view?usp=drivesdk
Cross over polia baixa.gif,image/gif,gifs e animaçoes/Gifs com Bonecos2/500 Gifs de Musculação/Peitoral,https://drive.google.com/file/d/1x5WVVSiKdTq4l7QXkdw-L6_YRvut32ES/view?usp=drivesdk
Agachamento Sumô com Barra.gif,image/gif,gifs e animaçoes/Gifs com Bonecos2/500 Gifs de Musculação/Pernas,https://drive.google.com/file/d/112nj0OJGbS1VNvoKSjMF8hO7wCvCLWMj/view?usp=drivesdk
Stiff com barra.gif,image/gif,gifs e animaçoes/Gifs com Bonecos2/500 Gifs de Musculação/Pernas,https://drive.google.com/file/d/1ExR8hMCoNuD7mjgeY93RYnG2m7Cv8p72/view?usp=drivesdk
Agachamento com Salto usando Barra Hexagonal.gif,image/gif,gifs e animaçoes/Gifs com Bonecos2/500 Gifs de Musculação/Pernas,https://drive.google.com/file/d/1qTiW_O6qNxw8qcI5nYKKu9FXeVLaeLhy/view?usp=drivesdk
Agachamento Goblet com Haltere.gif,image/gif,gifs e animaçoes/Gifs com Bonecos2/500 Gifs de Musculação/Pernas,https://drive.google.com/file/d/1tJfi6JDGPc-eY21O5t3Ye9JGZ8UqsQzp/view?usp=drivesdk
Levantamento Terra.gif,image/gif,gifs e animaçoes/Gifs com Bonecos2/500 Gifs de Musculação/Pernas,https://drive.google.com/file/d/1vsNfRWk2AwvbOousBejsGXoLbMkZLNOb/view?usp=drivesdk
Agachamento Hack Invertido.gif,image/gif,gifs e animaçoes/Gifs com Bonecos2/500 Gifs de Musculação/Pernas,https://drive.google.com/file/d/15RVYRTx5xklyh1hzH6F2QNpOWNIz10sL/view?usp=drivesdk
Elevação de Joelho com Halteres.gif,image/gif,gifs e animaçoes/Gifs com Bonecos2/500 Gifs de Musculação/Pernas,https://drive.google.com/file/d/18Za09FpUBATtnmDKt-lQx4r-rihqtJOS/view?usp=drivesdk
Agachamento Frontal com Kettlebell.gif,image/gif,gifs e animaçoes/Gifs com Bonecos2/500 Gifs de Musculação/Pernas,https://drive.google.com/file/d/1C5qLjZ2npEUcKm1-DQQRxHN95vNPRm3p/view?usp=drivesdk
Agachamento Frontal com Cabo.gif,image/gif,gifs e animaçoes/Gifs com Bonecos2/500 Gifs de Musculação/Pernas,https://drive.google.com/file/d/1EERMOvOuI0o4_mdegjqnsnJzIzxiRTRy/view?usp=drivesdk
Levantamento com Suporte.gif,image/gif,gifs e animaçoes/Gifs com Bonecos2/500 Gifs de Musculação/Pernas,https://drive.google.com/file/d/1Go6MIbFkwnhwgrzNysjsAOcXyl534Psp/view?usp=drivesdk
Flexão de Pernas com Halteres Declinado.gif,image/gif,gifs e animaçoes/Gifs com Bonecos2/500 Gifs de Musculação/Pernas,https://drive.google.com/file/d/1KMNIE6pOD7LAAIwEfv2HSGlXdhXf6pXJ/view?usp=drivesdk
Agachamento Skater.gif,image/gif,gifs e animaçoes/Gifs com Bonecos2/500 Gifs de Musculação/Pernas,https://drive.google.com/file/d/1M18WXf8BR7TeyXdT4KaPUdNo8VTrtQHe/view?usp=drivesdk
Flexão de Pernas na Bola de Estabilidade.gif,image/gif,gifs e animaçoes/Gifs com Bonecos2/500 Gifs de Musculação/Pernas,https://drive.google.com/file/d/1QA_YvbVXQJnNvgU_g92G3E4gXGitAA2c/view?usp=drivesdk
Afundo com Halteres.gif,image/gif,gifs e animaçoes/Gifs com Bonecos2/500 Gifs de Musculação/Pernas,https://drive.google.com/file/d/1SjVpidd1psfy6gnpwawTie9lngD9AtL7/view?usp=drivesdk
Agachamento unilateral cruzado com Barra.gif,image/gif,gifs e animaçoes/Gifs com Bonecos2/500 Gifs de Musculação/Pernas,https://drive.google.com/file/d/1To3TffhMzaELESFp23k427rCaK_L2KAf/view?usp=drivesdk
Levantamento Terra Romeno.gif,image/gif,gifs e animaçoes/Gifs com Bonecos2/500 Gifs de Musculação/Pernas,https://drive.google.com/file/d/1Vx_havDT7mj56GjUNkXD_haryZyR9saa/view?usp=drivesdk
Agachamento Sumô sem Pesos.gif,image/gif,gifs e animaçoes/Gifs com Bonecos2/500 Gifs de Musculação/Pernas,https://drive.google.com/file/d/1W2JD_aVGC5_U_qK5adsL3p1wLN3y2XuL/view?usp=drivesdk
Agachamento no Landmine.gif,image/gif,gifs e animaçoes/Gifs com Bonecos2/500 Gifs de Musculação/Pernas,https://drive.google.com/file/d/1jSJgxTSjvTH01SxoKLgkWgRPTuSJu4DF/view?usp=drivesdk
Leg Press.gif,image/gif,gifs e animaçoes/Gifs com Bonecos2/500 Gifs de Musculação/Pernas,https://drive.google.com/file/d/1l7QxkxJXQYpHooySRkQkhyWpMJIQofRm/view?usp=drivesdk
Ponte de Glúteos com Barra.gif,image/gif,gifs e animaçoes/Gifs com Bonecos2/500 Gifs de Musculação/Pernas,https://drive.google.com/file/d/1o_4EI7f4uwEcoeu5OmXMaspwTklNJ2sw/view?usp=drivesdk
Mesa flexora.gif,image/gif,gifs e animaçoes/Gifs com Bonecos2/500 Gifs de Musculação/Pernas,https://drive.google.com/file/d/1pNoTF0v1TR6NDto9vphy_q2TZdCw27GD/view?usp=drivesdk
Agachamento Sissy.gif,image/gif,gifs e animaçoes/Gifs com Bonecos2/500 Gifs de Musculação/Pernas,https://drive.google.com/file/d/1x-CeZoTsmpcsBVa331TeyuqwTw5XvmW5/view?usp=drivesdk
Levantamento Terra Sumô com Halteres.gif,image/gif,gifs e animaçoes/Gifs com Bonecos2/500 Gifs de Musculação/Pernas,https://drive.google.com/file/d/1zyfLyu9wmpbDyih6KJVHNxmvzY4SGMMS/view?usp=drivesdk
Avanço sem Peso Corporal.gif,image/gif,gifs e animaçoes/Gifs com Bonecos2/500 Gifs de Musculação/Pernas,https://drive.google.com/file/d/11cIM6-rtpe-0Hb-w5OThUmGucNMKWQoP/view?usp=drivesdk
Agachamento Frontal com Barra no Banco.gif,image/gif,gifs e animaçoes/Gifs com Bonecos2/500 Gifs de Musculação/Pernas,https://drive.google.com/file/d/16CTFFs3qhnyMQxmpd5i64jb4nM8y1GIo/view?usp=drivesdk
Agachamento no Smith.gif,image/gif,gifs e animaçoes/Gifs com Bonecos2/500 Gifs de Musculação/Pernas,https://drive.google.com/file/d/1EIBHgmvr1dp5zQwCszKwEqKt8GYdGS-L/view?usp=drivesdk
Levantamento Terra com Kettlebell.gif,image/gif,gifs e animaçoes/Gifs com Bonecos2/500 Gifs de Musculação/Pernas,https://drive.google.com/file/d/1KvzNhTmYXhUBMoqQzI0QzMcnKF_yXMlY/view?usp=drivesdk
Levantamento terra romeno com halteres.gif,image/gif,gifs e animaçoes/Gifs com Bonecos2/500 Gifs de Musculação/Pernas,https://drive.google.com/file/d/1LSijuIbjmKeQiokDOYI8yIC5hX9aQpcT/view?usp=drivesdk
Agachamento.gif,image/gif,gifs e animaçoes/Gifs com Bonecos2/500 Gifs de Musculação/Pernas,https://drive.google.com/file/d/1MLsrtN3-_vqxmF-HyTo15cJHZcuCM659/view?usp=drivesdk
Agachamento Jefferson.gif,image/gif,gifs e animaçoes/Gifs com Bonecos2/500 Gifs de Musculação/Pernas,https://drive.google.com/file/d/1NS4XiopXwsCFepFBE7C4UExUtKyQfcjr/view?usp=drivesdk
Flexão Nórdica.gif,image/gif,gifs e animaçoes/Gifs com Bonecos2/500 Gifs de Musculação/Pernas,https://drive.google.com/file/d/1S5VHoqVHIAJi68hir8x8REl-krLL9tDm/view?usp=drivesdk
Agachamento com salto e halteres.gif,image/gif,gifs e animaçoes/Gifs com Bonecos2/500 Gifs de Musculação/Pernas,https://drive.google.com/file/d/1klPVMJKNFO0RjPHPOxe3F2EuIsNUf2q1/view?usp=drivesdk
Agachamento Frontal com Barra no Smith.gif,image/gif,gifs e animaçoes/Gifs com Bonecos2/500 Gifs de Musculação/Pernas,https://drive.google.com/file/d/1klocJSpNamDa4M_5UNJGe21WNUl2WwaM/view?usp=drivesdk
Elevação de Perna em Pé com Alavanca.gif,image/gif,gifs e animaçoes/Gifs com Bonecos2/500 Gifs de Musculação/Pernas,https://drive.google.com/file/d/1lZkcmu4u-qS-WZweAOBuVfiPjpBMPu0P/view?usp=drivesdk
Mesa Flexora Unilateral.gif,image/gif,gifs e animaçoes/Gifs com Bonecos2/500 Gifs de Musculação/Pernas,https://drive.google.com/file/d/1nvi7KfUdErCFyo46fV0RjKXPFxrYwUS0/view?usp=drivesdk
Avanço com Halteres.gif,image/gif,gifs e animaçoes/Gifs com Bonecos2/500 Gifs de Musculação/Pernas,https://drive.google.com/file/d/1qTGl64uW1j3ydiY3TU9F6xT9QGdUNbap/view?usp=drivesdk
Agachamento com kettlebell.gif,image/gif,gifs e animaçoes/Gifs com Bonecos2/500 Gifs de Musculação/Pernas,https://drive.google.com/file/d/1sC6yKYQmy4wiR7MOj86OFEx8Cu7eSqQu/view?usp=drivesdk
Agachamento com Halteres no Banco.gif,image/gif,gifs e animaçoes/Gifs com Bonecos2/500 Gifs de Musculação/Pernas,https://drive.google.com/file/d/1t50G4mSaao_Mw9sAUYBLmDwi71NZWXfZ/view?usp=drivesdk
Levantamento Terra com Barra Hexagonal.gif,image/gif,gifs e animaçoes/Gifs com Bonecos2/500 Gifs de Musculação/Pernas,https://drive.google.com/file/d/1u1hC_cG2wvOSZTnzaj7hEJ2UHhz4gKlN/view?usp=drivesdk
Agachamento na Máquina Hack.gif,image/gif,gifs e animaçoes/Gifs com Bonecos2/500 Gifs de Musculação/Pernas,https://drive.google.com/file/d/1vnxOqyr6BRkxa6qo058_M7c53BVL_djg/view?usp=drivesdk
Agachamento Camarão.gif,image/gif,gifs e animaçoes/Gifs com Bonecos2/500 Gifs de Musculação/Pernas,https://drive.google.com/file/d/1ANv7UOW0eodo-Vzuh9rzEBBv8sjyhG1t/view?usp=drivesdk
Descida de um Pé Só.gif,image/gif,gifs e animaçoes/Gifs com Bonecos2/500 Gifs de Musculação/Pernas,https://drive.google.com/file/d/1Jb33s2wJLe8m_tfCnsnyrVqEHgapRUSk/view?usp=drivesdk
Levantamento Terra com Alavanca.gif,image/gif,gifs e animaçoes/Gifs com Bonecos2/500 Gifs de Musculação/Pernas,https://drive.google.com/file/d/1UJOpAtB1rmaSpZJoeVKRCrggvl0j5X9J/view?usp=drivesdk
Rosca bíceps alta com halteres.gif,image/gif,gifs e animaçoes/Gifs com Bonecos2/500 Gifs de Musculação/Bíceps,https://drive.google.com/file/d/12V88VxcjK-L_sVROm_yTVLUw2bqXzowL/view?usp=drivesdk
Rosca spider unilateral.gif,image/gif,gifs e animaçoes/Gifs com Bonecos2/500 Gifs de Musculação/Bíceps,https://drive.google.com/file/d/1_nRxSLY2nSqiS7XCIdSdVjnPJu5QFsnu/view?usp=drivesdk
Rosca bíceps unilateral no cabo alto.gif,image/gif,gifs e animaçoes/Gifs com Bonecos2/500 Gifs de Musculação/Bíceps,https://drive.google.com/file/d/1bQtY0Uk5PMtMJx9WVRucd-4jm46hMnOD/view?usp=drivesdk
Rosca alternada com halteres sentado.gif,image/gif,gifs e animaçoes/Gifs com Bonecos2/500 Gifs de Musculação/Bíceps,https://drive.google.com/file/d/1dnaVIgktDIPV7hK4q1ehO3ywiQH7lM1L/view?usp=drivesdk
Rosca Direta com Barra deitado em Banco Alto.gif,image/gif,gifs e animaçoes/Gifs com Bonecos2/500 Gifs de Musculação/Bíceps,https://drive.google.com/file/d/1modKzNPVJs-SU3SKw61ic_lhjUuBgdNW/view?usp=drivesdk
Rosca martelo com halteres no banco scott.gif,image/gif,gifs e animaçoes/Gifs com Bonecos2/500 Gifs de Musculação/Bíceps,https://drive.google.com/file/d/1vCownYvsz8LSDiJi9YR3WHneh5BIsREg/view?usp=drivesdk
Rosca com Polia Alta.gif,image/gif,gifs e animaçoes/Gifs com Bonecos2/500 Gifs de Musculação/Bíceps,https://drive.google.com/file/d/12hp4si-PeDRZsiaesKaoAlcQYq5pxEkk/view?usp=drivesdk
Rosca scott alternados com halteres.gif,image/gif,gifs e animaçoes/Gifs com Bonecos2/500 Gifs de Musculação/Bíceps,https://drive.google.com/file/d/15mm8MSDP-lGzRIUqHjtXNoYi-FqTky0y/view?usp=drivesdk
Máquina de rosca direta.gif,image/gif,gifs e animaçoes/Gifs com Bonecos2/500 Gifs de Musculação/Bíceps,https://drive.google.com/file/d/1B7QpzAsYIwbOnTfG_nz27w6hE15a7Nuh/view?usp=drivesdk
Rosca com barra.gif,image/gif,gifs e animaçoes/Gifs com Bonecos2/500 Gifs de Musculação/Bíceps,https://drive.google.com/file/d/1EgM-HiidRQroxUB-4CtRrRA-K0HQiVmD/view?usp=drivesdk
Rosca Concentrada com Pegada Fechada Sentado.gif,image/gif,gifs e animaçoes/Gifs com Bonecos2/500 Gifs de Musculação/Bíceps,https://drive.google.com/file/d/1EvW5iy5N1iNDeJCorP9LpgfXTNNtaLt_/view?usp=drivesdk
Rosca Direta com Barra no colete scott.gif,image/gif,gifs e animaçoes/Gifs com Bonecos2/500 Gifs de Musculação/Bíceps,https://drive.google.com/file/d/1FqVlVxhCC8ibL42GMr05P1wuBIrJ7z-h/view?usp=drivesdk
Rosca bíceps inclinada com halteres sentado.gif,image/gif,gifs e animaçoes/Gifs com Bonecos2/500 Gifs de Musculação/Bíceps,https://drive.google.com/file/d/1Hg3otQaOAF2gfx-b7Mz9Nl-h9_Wmpfd6/view?usp=drivesdk
Rosca scott com halteres.gif,image/gif,gifs e animaçoes/Gifs com Bonecos2/500 Gifs de Musculação/Bíceps,https://drive.google.com/file/d/1LjmDzLHW5QNvZ0ZkJvRnxupZPcFhspzC/view?usp=drivesdk
Rosca Scott com Barra W.gif,image/gif,gifs e animaçoes/Gifs com Bonecos2/500 Gifs de Musculação/Bíceps,https://drive.google.com/file/d/1MHmzx71B340sH2KPky6VFU8jAbHKACvg/view?usp=drivesdk
Rosca bíceps com halteres.gif,image/gif,gifs e animaçoes/Gifs com Bonecos2/500 Gifs de Musculação/Bíceps,https://drive.google.com/file/d/1OQYVAypSGaOzRGwKllwxIItzkCLnSpS5/view?usp=drivesdk
Rosca concentrada unilateral com cabo.gif,image/gif,gifs e animaçoes/Gifs com Bonecos2/500 Gifs de Musculação/Bíceps,https://drive.google.com/file/d/1PNmvK4jZmG4FzLd19_2p6b36fdMkGg69/view?usp=drivesdk
Rosca Zottman.gif,image/gif,gifs e animaçoes/Gifs com Bonecos2/500 Gifs de Musculação/Bíceps,https://drive.google.com/file/d/1YJbpHr6FqKwUlK2E42aPw89BgFeqYvAN/view?usp=drivesdk
Rosca martelo.gif,image/gif,gifs e animaçoes/Gifs com Bonecos2/500 Gifs de Musculação/Bíceps,https://drive.google.com/file/d/1Za7J__vaHBCSaRtJOWR1tKMpmfPZ2PXr/view?usp=drivesdk
Rosca martelo com corda.gif,image/gif,gifs e animaçoes/Gifs com Bonecos2/500 Gifs de Musculação/Bíceps,https://drive.google.com/file/d/1aMF5MUJw3vfq8pn_sguP7IQGBR5cjFmH/view?usp=drivesdk
Rosca pronada no banco inclinado.gif,image/gif,gifs e animaçoes/Gifs com Bonecos2/500 Gifs de Musculação/Bíceps,https://drive.google.com/file/d/1oTbL8jRHvYMoJnDXi-W8sKmtaTxaJWAQ/view?usp=drivesdk
Rosca Unilateral com Cabo.gif,image/gif,gifs e animaçoes/Gifs com Bonecos2/500 Gifs de Musculação/Bíceps,https://drive.google.com/file/d/1ot2gVwpBOmbR_71QZpn-0mBr4rLgC8UE/view?usp=drivesdk
Rosca com cabo de um braço.gif,image/gif,gifs e animaçoes/Gifs com Bonecos2/500 Gifs de Musculação/Bíceps,https://drive.google.com/file/d/1yuUbx4DZYgwMWVdgomfF1kt1MLW7j_Qw/view?usp=drivesdk
Rosca de bíceps com alavanca.gif,image/gif,gifs e animaçoes/Gifs com Bonecos2/500 Gifs de Musculação/Bíceps,https://drive.google.com/file/d/1V5ttxTUKCp3gWlU7xygnG74AtMIzhfGP/view?usp=drivesdk
Rosca bíceps inclinada com cabos.gif,image/gif,gifs e animaçoes/Gifs com Bonecos2/500 Gifs de Musculação/Bíceps,https://drive.google.com/file/d/1WK86zevuWVThCuEpysapCyLQcXnYwsXr/view?usp=drivesdk
Rosca scott unilateral com halteres.gif,image/gif,gifs e animaçoes/Gifs com Bonecos2/500 Gifs de Musculação/Bíceps,https://drive.google.com/file/d/1trUNeG-dZxMcuAXKqQwG92GeKTPgUUcS/view?usp=drivesdk
Remada Unilateral com Barra.gif,image/gif,gifs e animaçoes/Gifs com Bonecos2/500 Gifs de Musculação/Costas,https://drive.google.com/file/d/12SK4xHO1SYDJqSb0Jf-FJGhF5Q_O1clu/view?usp=drivesdk
Remada Unilateral com Cabo.gif,image/gif,gifs e animaçoes/Gifs com Bonecos2/500 Gifs de Musculação/Costas,https://drive.google.com/file/d/14qVJTWR8SQZGRklqh3OZO2mqJpvnM2So/view?usp=drivesdk
Remada Curvada no Smith.gif,image/gif,gifs e animaçoes/Gifs com Bonecos2/500 Gifs de Musculação/Costas,https://drive.google.com/file/d/1KJNXuVKl-ofJ9PLTzAGMl6YuV1-uFQsW/view?usp=drivesdk
Remada Sentada com Cabo.gif,image/gif,gifs e animaçoes/Gifs com Bonecos2/500 Gifs de Musculação/Costas,https://drive.google.com/file/d/1Oh_XbUdyqNgqVlOtxUMFquj0seXgWqvk/view?usp=drivesdk
Pull Up.gif,image/gif,gifs e animaçoes/Gifs com Bonecos2/500 Gifs de Musculação/Costas,https://drive.google.com/file/d/1SeoPkJidyOjy983XOjYspqpqB_jdC1Cd/view?usp=drivesdk
Remada Curvada Inclinada com Barra.gif,image/gif,gifs e animaçoes/Gifs com Bonecos2/500 Gifs de Musculação/Costas,https://drive.google.com/file/d/1VQ3Zaw2qe650x48QTOvRO1EKVOIKoVa_/view?usp=drivesdk
Remada curvada com halteres.gif,image/gif,gifs e animaçoes/Gifs com Bonecos2/500 Gifs de Musculação/Costas,https://drive.google.com/file/d/1XrjrXbBU_o90mUS-zMvFSxKhccBP7kSA/view?usp=drivesdk
Remada T com Landmine.gif,image/gif,gifs e animaçoes/Gifs com Bonecos2/500 Gifs de Musculação/Costas,https://drive.google.com/file/d/1_5YLa5S5Njwi8CqfJtY5wN4gUdEQRoTb/view?usp=drivesdk
Remada unilateral com barra landmine.gif,image/gif,gifs e animaçoes/Gifs com Bonecos2/500 Gifs de Musculação/Costas,https://drive.google.com/file/d/1gBj7dLf0739AA5dwQNLFdNuOUG2CGixU/view?usp=drivesdk
Serrote.gif,image/gif,gifs e animaçoes/Gifs com Bonecos2/500 Gifs de Musculação/Costas,https://drive.google.com/file/d/1tDl1uDi67E67cQBNFtoZusQmE1vLn_TI/view?usp=drivesdk
Remada Invertida.gif,image/gif,gifs e animaçoes/Gifs com Bonecos2/500 Gifs de Musculação/Costas,https://drive.google.com/file/d/1uLoryujX5g6vf7UJlOkKg-fYJkifyg3Q/view?usp=drivesdk
Flexão com parada de mãos.gif,image/gif,gifs e animaçoes/Gifs com Bonecos2/123 Gifs de Calistenia/123 Gifs de Calistenia,https://drive.google.com/file/d/12qKhUEn93OavwJaQ1P94SvjlK9dmmjyN/view?usp=drivesdk
Flexão Declinada.gif,image/gif,gifs e animaçoes/Gifs com Bonecos2/123 Gifs de Calistenia/123 Gifs de Calistenia,https://drive.google.com/file/d/1EPWV4uvjkUImxlxenHFIwbRTFZnubonG/view?usp=drivesdk
Caminhada na Parada de Mão.gif,image/gif,gifs e animaçoes/Gifs com Bonecos2/123 Gifs de Calistenia/123 Gifs de Calistenia,https://drive.google.com/file/d/1SBHaFcXA0xTnRXtaLeyiJr0oQ-0kZSZD/view?usp=drivesdk
Barra Fixa com Pegada por Trás do Pescoço.gif,image/gif,gifs e animaçoes/Gifs com Bonecos2/123 Gifs de Calistenia/123 Gifs de Calistenia,https://drive.google.com/file/d/10BF-JUjyo8HvwHkL-qVlKMrDmIHoVLuq/view?usp=drivesdk
Flexão de braço com adução da escapula.gif,image/gif,gifs e animaçoes/Gifs com Bonecos2/123 Gifs de Calistenia/123 Gifs de Calistenia,https://drive.google.com/file/d/11ofickcBTGHCVRa6wVtl5raEjbWJGRNC/view?usp=drivesdk
Flexão Fechada com bola medicinal.gif,image/gif,gifs e animaçoes/Gifs com Bonecos2/123 Gifs de Calistenia/123 Gifs de Calistenia,https://drive.google.com/file/d/16Njf0t9rWNK2khKIbEgwNxN_fbdmdE6D/view?usp=drivesdk
Remada Invertida Com Argolas.gif,image/gif,gifs e animaçoes/Gifs com Bonecos2/123 Gifs de Calistenia/123 Gifs de Calistenia,https://drive.google.com/file/d/16g97Z3FvZNewHvwD-Gm3SUMUM0Gmvua4/view?usp=drivesdk
Flexão de Braço com Bola de Estabilidade.gif,image/gif,gifs e animaçoes/Gifs com Bonecos2/123 Gifs de Calistenia/123 Gifs de Calistenia,https://drive.google.com/file/d/18SMOxrYIsNKUUT7veLu1yCcYKRHVs1mv/view?usp=drivesdk
Agachamento Sissy ajoelhado com Peso Corporal.gif,image/gif,gifs e animaçoes/Gifs com Bonecos2/123 Gifs de Calistenia/123 Gifs de Calistenia,https://drive.google.com/file/d/1JO74ZhzFqkiyKEupkrUPIhDQzt9Zg04K/view?usp=drivesdk
Agachamento no Banco com Peso Corporal.gif,image/gif,gifs e animaçoes/Gifs com Bonecos2/123 Gifs de Calistenia/123 Gifs de Calistenia,https://drive.google.com/file/d/1LvzFSib8dW3wspmiVPSM1Mn0VclmZlcZ/view?usp=drivesdk
Puxada escapular na barra fixa.gif,image/gif,gifs e animaçoes/Gifs com Bonecos2/123 Gifs de Calistenia/123 Gifs de Calistenia,https://drive.google.com/file/d/1MRsi2joTlicrsChY7hZQx_5vkYiF_hLz/view?usp=drivesdk
Barra fixa Assistida com Faixa Elástica.gif,image/gif,gifs e animaçoes/Gifs com Bonecos2/123 Gifs de Calistenia/123 Gifs de Calistenia,https://drive.google.com/file/d/1PIaPhY7YBoSYfLPlKm6K_HhKrIOYUXpS/view?usp=drivesdk
Alongamento do peitoral reverso.gif,image/gif,gifs e animaçoes/Gifs com Bonecos2/123 Gifs de Calistenia/123 Gifs de Calistenia,https://drive.google.com/file/d/1SG8lH_OLJTqmOnk7Tka-Dl_S8fnOHyXg/view?usp=drivesdk
Flexão de braço com palmas.gif,image/gif,gifs e animaçoes/Gifs com Bonecos2/123 Gifs de Calistenia/123 Gifs de Calistenia,https://drive.google.com/file/d/1XrDSR0oWCq16vB2suaPCK3wSdX7_K8kj/view?usp=drivesdk
Flexão de Peito com TRX.gif,image/gif,gifs e animaçoes/Gifs com Bonecos2/123 Gifs de Calistenia/123 Gifs de Calistenia,https://drive.google.com/file/d/1YoNlquP3PtsTvociTf0SsXzJs7sQWDz1/view?usp=drivesdk
Flexão de Braços com Toque no Ombro.gif,image/gif,gifs e animaçoes/Gifs com Bonecos2/123 Gifs de Calistenia/123 Gifs de Calistenia,https://drive.google.com/file/d/1jECwY1CmJQ6-ZjrY7LgAuxXRVV3kqz-f/view?usp=drivesdk
Flexão de um braço com apoio.gif,image/gif,gifs e animaçoes/Gifs com Bonecos2/123 Gifs de Calistenia/123 Gifs de Calistenia,https://drive.google.com/file/d/1lMeNYlQAHZGpmzEeqaxvcjIseN7Y2-jm/view?usp=drivesdk
Paralelas entre Cadeiras.gif,image/gif,gifs e animaçoes/Gifs com Bonecos2/123 Gifs de Calistenia/123 Gifs de Calistenia,https://drive.google.com/file/d/1qCojR5RM0M0LBRsDOYwd-u9meoPaYStN/view?usp=drivesdk
Flexão de joelhos.gif,image/gif,gifs e animaçoes/Gifs com Bonecos2/123 Gifs de Calistenia/123 Gifs de Calistenia,https://drive.google.com/file/d/1r3mqG90KM_AhGgdqQvrq8DhM73kc-DlY/view?usp=drivesdk
Barra fixa com Salto.gif,image/gif,gifs e animaçoes/Gifs com Bonecos2/123 Gifs de Calistenia/123 Gifs de Calistenia,https://drive.google.com/file/d/11tDANuhsTSlT0clTwgUwjaRziXm5ZaPQ/view?usp=drivesdk
Flexão com kettlebell profunda.gif,image/gif,gifs e animaçoes/Gifs com Bonecos2/123 Gifs de Calistenia/123 Gifs de Calistenia,https://drive.google.com/file/d/123i69zceQk9xjwJIECRP0HQfwi9w0vfw/view?usp=drivesdk
Mergulhos para tríceps no chão.gif,image/gif,gifs e animaçoes/Gifs com Bonecos2/123 Gifs de Calistenia/123 Gifs de Calistenia,https://drive.google.com/file/d/14lQPYdRE6fHgGXuWMm4dnoKLYsgkKdbg/view?usp=drivesdk
Flexão de Braço Declinada com Bola de Estabilidade.gif,image/gif,gifs e animaçoes/Gifs com Bonecos2/123 Gifs de Calistenia/123 Gifs de Calistenia,https://drive.google.com/file/d/167u3DVVfvssceRYvnS3E6RFaytg1ZOsg/view?usp=drivesdk
Flexão com barras de apoio.gif,image/gif,gifs e animaçoes/Gifs com Bonecos2/123 Gifs de Calistenia/123 Gifs de Calistenia,https://drive.google.com/file/d/17Wvx9rJ3nGrpe7iOM1SsSR0VMhcUGs6Q/view?usp=drivesdk
Elevação de Panturrilha em Uma Perna.gif,image/gif,gifs e animaçoes/Gifs com Bonecos2/123 Gifs de Calistenia/123 Gifs de Calistenia,https://drive.google.com/file/d/17uJ8hsA1x1tezcaVz-87qYQ2xVi7oOOe/view?usp=drivesdk
Flexão com Cruzamento dos Braços.gif,image/gif,gifs e animaçoes/Gifs com Bonecos2/123 Gifs de Calistenia/123 Gifs de Calistenia,https://drive.google.com/file/d/1CAKjdKUVULGSPiwFJ5jJNlTR0dq5LKVK/view?usp=drivesdk
Agachamento Camarão.gif,image/gif,gifs e animaçoes/Gifs com Bonecos2/123 Gifs de Calistenia/123 Gifs de Calistenia,https://drive.google.com/file/d/1EezN8U1vUTq-tQl5ql_WQWCDZL-w7q0Q/view?usp=drivesdk
Agachamento Pistola com Kettlebell.gif,image/gif,gifs e animaçoes/Gifs com Bonecos2/123 Gifs de Calistenia/123 Gifs de Calistenia,https://drive.google.com/file/d/1KYb-OFiZIew1_dxwdI48KmJQUTQxmkck/view?usp=drivesdk
Flexão de pivô entre cadeiras.gif,image/gif,gifs e animaçoes/Gifs com Bonecos2/123 Gifs de Calistenia/123 Gifs de Calistenia,https://drive.google.com/file/d/1MDxo2LBVwvX_Wk8qoVVqkYyu5VMbkcES/view?usp=drivesdk
Barra fixa com pegada neutra.gif,image/gif,gifs e animaçoes/Gifs com Bonecos2/123 Gifs de Calistenia/123 Gifs de Calistenia,https://drive.google.com/file/d/1TZWta4L9XR6h-nl-ypKLAUFQuTgMktxI/view?usp=drivesdk
Flexão de Braço com Arqueamento.gif,image/gif,gifs e animaçoes/Gifs com Bonecos2/123 Gifs de Calistenia/123 Gifs de Calistenia,https://drive.google.com/file/d/1W8Yef1BiGBie4TARC2wV8WdS5A3bvsJC/view?usp=drivesdk
Agachamento Pistol com TRX.gif,image/gif,gifs e animaçoes/Gifs com Bonecos2/123 Gifs de Calistenia/123 Gifs de Calistenia,https://drive.google.com/file/d/1gFqkK5n55XtAFDXtNqLQ5BhIQOPizakb/view?usp=drivesdk
Flexão reversa com cotovelos.gif,image/gif,gifs e animaçoes/Gifs com Bonecos2/123 Gifs de Calistenia/123 Gifs de Calistenia,https://drive.google.com/file/d/1iJ3EpV_HC1tzayYtKYcDlBTHO-Jb59Ct/view?usp=drivesdk
Flexão.gif,image/gif,gifs e animaçoes/Gifs com Bonecos2/123 Gifs de Calistenia/123 Gifs de Calistenia,https://drive.google.com/file/d/1l5btSo_xtXKtVaAbMhVzFBiOliwN3w7E/view?usp=drivesdk
Flexão de Dedos.gif,image/gif,gifs e animaçoes/Gifs com Bonecos2/123 Gifs de Calistenia/123 Gifs de Calistenia,https://drive.google.com/file/d/1rtZzdNRw4ybYRX6CMZF5h85EdpFHeWPw/view?usp=drivesdk
Barra Fixa com Pegada Supinada.gif,image/gif,gifs e animaçoes/Gifs com Bonecos2/123 Gifs de Calistenia/123 Gifs de Calistenia,https://drive.google.com/file/d/1uJCnWYXnUY5zfDbDP3ktCevCvd08VmGL/view?usp=drivesdk
Flexão plus.gif,image/gif,gifs e animaçoes/Gifs com Bonecos2/123 Gifs de Calistenia/123 Gifs de Calistenia,https://drive.google.com/file/d/10lJaq4BW6lB7R7LddBs8LvFVJDe5cK3R/view?usp=drivesdk
Flexão inclinada.gif,image/gif,gifs e animaçoes/Gifs com Bonecos2/123 Gifs de Calistenia/123 Gifs de Calistenia,https://drive.google.com/file/d/19CHGOEB9FNlq7Un0UiSIHRzZliRahu50/view?usp=drivesdk
Elevação Pélvica Declinado.gif,image/gif,gifs e animaçoes/Gifs com Bonecos2/123 Gifs de Calistenia/123 Gifs de Calistenia,https://drive.google.com/file/d/1AxvRIJHKNfRKdmFi2A4irfqJ1_Fp8nNy/view?usp=drivesdk
Flexão na parede.gif,image/gif,gifs e animaçoes/Gifs com Bonecos2/123 Gifs de Calistenia/123 Gifs de Calistenia,https://drive.google.com/file/d/1BbD8ndwuKYz1jYXJ223ohYUfL2ufXxWo/view?usp=drivesdk
Salto em Caixa com uma Perna.gif,image/gif,gifs e animaçoes/Gifs com Bonecos2/123 Gifs de Calistenia/123 Gifs de Calistenia,https://drive.google.com/file/d/1OmpCA8HSws6wFeQrnKs4Sjt7nDvlCfoI/view?usp=drivesdk
Flexão de Braço com Uma Perna.gif,image/gif,gifs e animaçoes/Gifs com Bonecos2/123 Gifs de Calistenia/123 Gifs de Calistenia,https://drive.google.com/file/d/1ZqKKQnWy2qGQGrVF63evVpOWt8zkb3wB/view?usp=drivesdk
Ponte em Unilateral.gif,image/gif,gifs e animaçoes/Gifs com Bonecos2/123 Gifs de Calistenia/123 Gifs de Calistenia,https://drive.google.com/file/d/1_1B5e3ZNilHvr_cibgdEPFv84JXd2bTz/view?usp=drivesdk
Elevação lateral com toalha na parede.gif,image/gif,gifs e animaçoes/Gifs com Bonecos2/123 Gifs de Calistenia/123 Gifs de Calistenia,https://drive.google.com/file/d/1c32XtQAlFiBcjTtC6SRSUYzr7aDTHOel/view?usp=drivesdk
Flexão de pivô com banco.gif,image/gif,gifs e animaçoes/Gifs com Bonecos2/123 Gifs de Calistenia/123 Gifs de Calistenia,https://drive.google.com/file/d/1cLn5Apre6r5xZxlHkQopnBX9ojKbnhts/view?usp=drivesdk
Flexão com Toque nos Dedos dos Pés.gif,image/gif,gifs e animaçoes/Gifs com Bonecos2/123 Gifs de Calistenia/123 Gifs de Calistenia,https://drive.google.com/file/d/1fG4Jxi_cG85uD2-KkzrF9oA1fqGzvzwh/view?usp=drivesdk
Elevação de panturrilha em pé.gif,image/gif,gifs e animaçoes/Gifs com Bonecos2/123 Gifs de Calistenia/123 Gifs de Calistenia,https://drive.google.com/file/d/1fMVUvxEsl2jPOwzO9oAHXFygG0YfDra_/view?usp=drivesdk
Extensão de tríceps.gif,image/gif,gifs e animaçoes/Gifs com Bonecos2/123 Gifs de Calistenia/123 Gifs de Calistenia,https://drive.google.com/file/d/1mw8RSruXqu4p2-0rZ8h1Y-VGbutCOOqi/view?usp=drivesdk
Flexão em pivô.gif,image/gif,gifs e animaçoes/Gifs com Bonecos2/123 Gifs de Calistenia/123 Gifs de Calistenia,https://drive.google.com/file/d/1n2scDFsnLSvABQs486RafIM_95gIUYGo/view?usp=drivesdk
Remada com o Peso do Corpo na Porta.gif,image/gif,gifs e animaçoes/Gifs com Bonecos2/123 Gifs de Calistenia/123 Gifs de Calistenia,https://drive.google.com/file/d/1pqGIc7ykS1s_GeHBYNbHjYjwKGADLPzu/view?usp=drivesdk
Flexão hindu modificada.gif,image/gif,gifs e animaçoes/Gifs com Bonecos2/123 Gifs de Calistenia/123 Gifs de Calistenia,https://drive.google.com/file/d/1sdrkmtzG2iOb9pctR2YXbPg2aKK-L298/view?usp=drivesdk
Rotação interna do ombro sentada com cabo.gif,image/gif,gifs e animaçoes/Gifs com Bonecos/136 Gifs de Mobilidade e alongamento,https://drive.google.com/file/d/1-0XDu3eX611tqFhGfye20JFA8qKKKliz/view?usp=drivesdk
Rotação externa com cabo a 90 graus.gif,image/gif,gifs e animaçoes/Gifs com Bonecos/136 Gifs de Mobilidade e alongamento,https://drive.google.com/file/d/140dfN5O2nbsHVu9LcC58Cye_v-RQpe1k/view?usp=drivesdk
Postura da Virilha Sentada.gif,image/gif,gifs e animaçoes/Gifs com Bonecos/136 Gifs de Mobilidade e alongamento,https://drive.google.com/file/d/16Z-g1xvnvOCzpNZRiyZNoAjhpJwz3SuW/view?usp=drivesdk
Postura do Bebê Feliz.gif,image/gif,gifs e animaçoes/Gifs com Bonecos/136 Gifs de Mobilidade e alongamento,https://drive.google.com/file/d/1EjrHuPyJ5L1mNLM09_5OPKNQwFp3mrui/view?usp=drivesdk
Toque nos Dedos dos Pés Sentado.gif,image/gif,gifs e animaçoes/Gifs com Bonecos/136 Gifs de Mobilidade e alongamento,https://drive.google.com/file/d/1Ga3eW_44NO3RcI8jL2TAWzafi-XwgmXX/view?usp=drivesdk
Rotação espinhal deitado.gif,image/gif,gifs e animaçoes/Gifs com Bonecos/136 Gifs de Mobilidade e alongamento,https://drive.google.com/file/d/1MrVxUcWlJ-Tuj6xHz6GpRTUw-WHnFsdk/view?usp=drivesdk
Postura do Arco Oscilante.gif,image/gif,gifs e animaçoes/Gifs com Bonecos/136 Gifs de Mobilidade e alongamento,https://drive.google.com/file/d/1_aQqP2Lh3MsMFJRurdqaKjnbksTI7Lxx/view?usp=drivesdk
Postura de peixe.gif,image/gif,gifs e animaçoes/Gifs com Bonecos/136 Gifs de Mobilidade e alongamento,https://drive.google.com/file/d/1qGNu2tS7dkSip_dUmtzQukJ0PTz4MKoN/view?usp=drivesdk
Rotação Interna do Quadril Sentado com Faixa Elástica.gif,image/gif,gifs e animaçoes/Gifs com Bonecos/136 Gifs de Mobilidade e alongamento,https://drive.google.com/file/d/1wpZAT4K7HmfhblvUaGNLJ35l1BtrLSaU/view?usp=drivesdk
Exercício de retração escapular sentada.gif,image/gif,gifs e animaçoes/Gifs com Bonecos/136 Gifs de Mobilidade e alongamento,https://drive.google.com/file/d/1yAxIOh_yXxfOVYB2HZaRjHMzeSF5FrHq/view?usp=drivesdk
Protração e retração da escápula.gif,image/gif,gifs e animaçoes/Gifs com Bonecos/136 Gifs de Mobilidade e alongamento,https://drive.google.com/file/d/15a1-mxrmiFkD_8pWiq2P3jL9d7iS4XFg/view?usp=drivesdk
Inclinação Lateral.gif,image/gif,gifs e animaçoes/Gifs com Bonecos/136 Gifs de Mobilidade e alongamento,https://drive.google.com/file/d/18XMd2UiAhh5YuBlEceGHXaK98_X73A5o/view?usp=drivesdk
Flexão alternada de ombro.gif,image/gif,gifs e animaçoes/Gifs com Bonecos/136 Gifs de Mobilidade e alongamento,https://drive.google.com/file/d/1G3O4UXDsh-u4lQVC72LIQ_vEShQ3HMIw/view?usp=drivesdk
Toque Lateral dos Dedos dos Pés em Pé.gif,image/gif,gifs e animaçoes/Gifs com Bonecos/136 Gifs de Mobilidade e alongamento,https://drive.google.com/file/d/1HxJG2YYJjxkeMffrZ3JIMXsMy1NuBHaW/view?usp=drivesdk
Toques de Dedos em Pé.gif,image/gif,gifs e animaçoes/Gifs com Bonecos/136 Gifs de Mobilidade e alongamento,https://drive.google.com/file/d/1MnLpDAmaPVq3tG80J7G-fqyKgBJlE88m/view?usp=drivesdk
Postura do sapo.gif,image/gif,gifs e animaçoes/Gifs com Bonecos/136 Gifs de Mobilidade e alongamento,https://drive.google.com/file/d/1N-OnBsp9iTeCjX4J-DxaP_xv6muCMKAO/view?usp=drivesdk
Levantamento de braço apoiado na parede.gif,image/gif,gifs e animaçoes/Gifs com Bonecos/136 Gifs de Mobilidade e alongamento,https://drive.google.com/file/d/1One2SauWqGC1o5BuaV_R6miJVuZDGzPK/view?usp=drivesdk
Rolo de espuma para ombro e peito frontal.gif,image/gif,gifs e animaçoes/Gifs com Bonecos/136 Gifs de Mobilidade e alongamento,https://drive.google.com/file/d/1QmjAfZf9VCsx4RbSQaRXFBBrAw63Xxeb/view?usp=drivesdk
Rotação interna de cabo a 90 graus.gif,image/gif,gifs e animaçoes/Gifs com Bonecos/136 Gifs de Mobilidade e alongamento,https://drive.google.com/file/d/1TqR0bP1wcoQ4_8d1mN7WeaJpiJgHdte7/view?usp=drivesdk
Pêndulo de ombro.gif,image/gif,gifs e animaçoes/Gifs com Bonecos/136 Gifs de Mobilidade e alongamento,https://drive.google.com/file/d/1YjLUQ2ABBmI7xc6GlDwN3sbIj82d8rZT/view?usp=drivesdk
Postura de meio sapo.gif,image/gif,gifs e animaçoes/Gifs com Bonecos/136 Gifs de Mobilidade e alongamento,https://drive.google.com/file/d/1a99QkqAtZ5EYB8Lf3GUdhFq_wB-rgSWi/view?usp=drivesdk
Rotação de Pé e Tornozelo.gif,image/gif,gifs e animaçoes/Gifs com Bonecos/136 Gifs de Mobilidade e alongamento,https://drive.google.com/file/d/1e34sVgCl-xBSQ6OptMuvNj5j6li9YQAO/view?usp=drivesdk
Elevação lateral de deltóide posterior com halteres.gif,image/gif,gifs e animaçoes/Gifs com Bonecos/136 Gifs de Mobilidade e alongamento,https://drive.google.com/file/d/1fd2MiBonOmSW405T_cVAkhNIWQ58ysIZ/view?usp=drivesdk
Joelho Alternado no Peito.gif,image/gif,gifs e animaçoes/Gifs com Bonecos/136 Gifs de Mobilidade e alongamento,https://drive.google.com/file/d/1sqBlw74hKCw_ayv3pHkIMqrk-M7EqT3f/view?usp=drivesdk
Inclinação Lateral em Pé.gif,image/gif,gifs e animaçoes/Gifs com Bonecos/136 Gifs de Mobilidade e alongamento,https://drive.google.com/file/d/1tFKtyu2wgwQws4Zo5VunCOWv4fnp84Ga/view?usp=drivesdk
Exercício de bailarina sentada.gif,image/gif,gifs e animaçoes/Gifs com Bonecos/136 Gifs de Mobilidade e alongamento,https://drive.google.com/file/d/1vAoseCSwgzC2zvEuGdZ7R7Of8IaYEZOT/view?usp=drivesdk
Postura da Cobra - Alongamento Abdominal.gif,image/gif,gifs e animaçoes/Gifs com Bonecos/136 Gifs de Mobilidade e alongamento,https://drive.google.com/file/d/1wD5qJThaa70lBgWUpobpUsqI8j2T_1EY/view?usp=drivesdk
Alongamento do Peito e Parte Frontal dos Ombros.gif,image/gif,gifs e animaçoes/Gifs com Bonecos/136 Gifs de Mobilidade e alongamento,https://drive.google.com/file/d/1wbq-rBAmSoz3QuSw4tmvXV64ZMn2eNUu/view?usp=drivesdk
Torção Oblíqua Sentada.gif,image/gif,gifs e animaçoes/Gifs com Bonecos/136 Gifs de Mobilidade e alongamento,https://drive.google.com/file/d/1xb-zgK5SHWmA8cw5pjkphQ4SYT52V00m/view?usp=drivesdk
Rolo de Espuma para os Glúteos.gif,image/gif,gifs e animaçoes/Gifs com Bonecos/136 Gifs de Mobilidade e alongamento,https://drive.google.com/file/d/1-0r08kEQ5GcSfkR_JgBRZeVnkOg5ofiF/view?usp=drivesdk
Rolamento de espuma nas costas.gif,image/gif,gifs e animaçoes/Gifs com Bonecos/136 Gifs de Mobilidade e alongamento,https://drive.google.com/file/d/15Nb6RHBVXQj1vSBuJuqlOi67yGY4hjwB/view?usp=drivesdk
Rolando como uma Bola.gif,image/gif,gifs e animaçoes/Gifs com Bonecos/136 Gifs de Mobilidade e alongamento,https://drive.google.com/file/d/18cJ5mdpS4-PiIWTP6kzqqZpgv0Nh68fL/view?usp=drivesdk
Rotação do corpo superior deitado.gif,image/gif,gifs e animaçoes/Gifs com Bonecos/136 Gifs de Mobilidade e alongamento,https://drive.google.com/file/d/1Ao5iM9Q0LiO6HAZcf5O2xrwaUi6uSuZ-/view?usp=drivesdk
Rotação da coluna torácica de joelhos.gif,image/gif,gifs e animaçoes/Gifs com Bonecos/136 Gifs de Mobilidade e alongamento,https://drive.google.com/file/d/1ES_R4yPVyEejIk9Xoxt5uVcxFKhzTrXj/view?usp=drivesdk
Rotação externa com cabo em posição de joelhos.gif,image/gif,gifs e animaçoes/Gifs com Bonecos/136 Gifs de Mobilidade e alongamento,https://drive.google.com/file/d/1Jh3wVXIqhuKVpcZBhMjLQo1j9m7n_yqs/view?usp=drivesdk
Rotação externa do ombro deitado com haltere.gif,image/gif,gifs e animaçoes/Gifs com Bonecos/136 Gifs de Mobilidade e alongamento,https://drive.google.com/file/d/1Moo3dyxDrgX209sZBfTzUitAc4lcT-Rc/view?usp=drivesdk
Dorsiflexão plantar.gif,image/gif,gifs e animaçoes/Gifs com Bonecos/136 Gifs de Mobilidade e alongamento,https://drive.google.com/file/d/1O2Z4dcKwFW2FPS6H2VNM9Vt4QFoFsGca/view?usp=drivesdk
Deslize de parede do serrátil com rolo de espuma.gif,image/gif,gifs e animaçoes/Gifs com Bonecos/136 Gifs de Mobilidade e alongamento,https://drive.google.com/file/d/1P5lcj3P_aH9wZtw9FYGH_shzA9CmJMe3/view?usp=drivesdk
Alongamento reverso assistido (peito e ombro).gif,image/gif,gifs e animaçoes/Gifs com Bonecos/136 Gifs de Mobilidade e alongamento,https://drive.google.com/file/d/1Ukfb92dpNGvW5Nmeq1RL_ApI7AvyDnJi/view?usp=drivesdk
Toque nos Dedos dos Pés em Pé.gif,image/gif,gifs e animaçoes/Gifs com Bonecos/136 Gifs de Mobilidade e alongamento,https://drive.google.com/file/d/1cfejK0-LXOxG-ckDo5f4R6cfgD9UJrYS/view?usp=drivesdk
Rotação para trás de joelhos.gif,image/gif,gifs e animaçoes/Gifs com Bonecos/136 Gifs de Mobilidade e alongamento,https://drive.google.com/file/d/1deBK2fBjjPvD72t_vk2_WzBq2Mz_O89F/view?usp=drivesdk
Postura do Arco.gif,image/gif,gifs e animaçoes/Gifs com Bonecos/136 Gifs de Mobilidade e alongamento,https://drive.google.com/file/d/1dgRK2bTMuatjT-RnNxMbdx8FrrvregXV/view?usp=drivesdk
Superman.gif,image/gif,gifs e animaçoes/Gifs com Bonecos/136 Gifs de Mobilidade e alongamento,https://drive.google.com/file/d/1eXTD_c8z9XJxCXOWOJG65b4YLiFdYmdk/view?usp=drivesdk
Rotação interna do ombro.gif,image/gif,gifs e animaçoes/Gifs com Bonecos/136 Gifs de Mobilidade e alongamento,https://drive.google.com/file/d/1p2PWOWNDbriQZB6aoQyaOtHI8AkW88Li/view?usp=drivesdk
Rotação em Pé.gif,image/gif,gifs e animaçoes/Gifs com Bonecos/136 Gifs de Mobilidade e alongamento,https://drive.google.com/file/d/1pCDXLVYbVi2PSdmxnWzg9X1rkKTGrD0x/view?usp=drivesdk
Alongamento de rotação da coluna em pé.gif,image/gif,gifs e animaçoes/Gifs com Bonecos/136 Gifs de Mobilidade e alongamento,https://drive.google.com/file/d/1tovmpiBotXe_TpKcBWr4vzJkAkBmZDpx/view?usp=drivesdk
Alongamentos de pés e tornozelos.gif,image/gif,gifs e animaçoes/Gifs com Bonecos/136 Gifs de Mobilidade e alongamento,https://drive.google.com/file/d/1yh1vOwcsBCezrqW0uL2FNhpotSKZof70/view?usp=drivesdk
Alongamento dos ombros por trás das costas.gif,image/gif,gifs e animaçoes/Gifs com Bonecos/136 Gifs de Mobilidade e alongamento,https://drive.google.com/file/d/17cK758qsh2C2HvbE2fyKhrC9ibMpTA07/view?usp=drivesdk
Arremesso de Bola de Reação.gif,image/gif,gifs e animaçoes/Gifs com Bonecos/136 Gifs de Mobilidade e alongamento,https://drive.google.com/file/d/1ACq-79xvaMZaIja5AAoOn3wDWXtbyvB6/view?usp=drivesdk
Rotação interna de ombro com cabo.gif,image/gif,gifs e animaçoes/Gifs com Bonecos/136 Gifs de Mobilidade e alongamento,https://drive.google.com/file/d/1C3tUPh43Y63LdwXyk9-vxYCD-EDKW9ZS/view?usp=drivesdk
Rolamento de espuma nos romboides.gif,image/gif,gifs e animaçoes/Gifs com Bonecos/136 Gifs de Mobilidade e alongamento,https://drive.google.com/file/d/1G-LAjdtUt3EPCXubtbnOG51srH5bi-wD/view?usp=drivesdk
Contração abdominal.gif,image/gif,gifs e animaçoes/Gifs com Bonecos/136 Gifs de Mobilidade e alongamento,https://drive.google.com/file/d/1I09KCvhWXovPBKVDS55iCB-yzrwYpHiB/view?usp=drivesdk
Alongamento do tendão de Aquiles em pé.gif,image/gif,gifs e animaçoes/Gifs com Bonecos/136 Gifs de Mobilidade e alongamento,https://drive.google.com/file/d/1IbRDWEPf4Xg8l0c2Y1dpelJhAnSZ-YYg/view?usp=drivesdk
Rotação externa do ombro.gif,image/gif,gifs e animaçoes/Gifs com Bonecos/136 Gifs de Mobilidade e alongamento,https://drive.google.com/file/d/1J_wc-ksnstt2c_FOQa9ytYeqTrBeSYps/view?usp=drivesdk
Rolo de espuma ombro posterior.gif,image/gif,gifs e animaçoes/Gifs com Bonecos/136 Gifs de Mobilidade e alongamento,https://drive.google.com/file/d/1NsMP8OhCNwjKch2DyHQZl1t3A21qvRre/view?usp=drivesdk
Alongamento dos flexores do quadril em posição de joelho.gif,image/gif,gifs e animaçoes/Gifs com Bonecos/136 Gifs de Mobilidade e alongamento,https://drive.google.com/file/d/1S3UrEGVEHAwTUNoZPMakmQGFSSoxaVwl/view?usp=drivesdk
Alongamento de panturrilha com uma perna esticada.gif,image/gif,gifs e animaçoes/Gifs com Bonecos/136 Gifs de Mobilidade e alongamento,https://drive.google.com/file/d/1VLiImyoCDtmHfIofFQDdGPSO7HQVQ7-W/view?usp=drivesdk
Alongamento dos isquiotibiais em pé com a perna cruzada.gif,image/gif,gifs e animaçoes/Gifs com Bonecos/136 Gifs de Mobilidade e alongamento,https://drive.google.com/file/d/1Wd_q5hzPpmVCDnNFeEh8sJiJbAdpYVMJ/view?usp=drivesdk
Alongamento do peitoral e do ombro na porta.gif,image/gif,gifs e animaçoes/Gifs com Bonecos/136 Gifs de Mobilidade e alongamento,https://drive.google.com/file/d/1Xt9jw2x_byjBLjV1mMvbCA-IJ39TgUIe/view?usp=drivesdk
Círculos com os braços.gif,image/gif,gifs e animaçoes/Gifs com Bonecos/136 Gifs de Mobilidade e alongamento,https://drive.google.com/file/d/1YqA1cN03nGSKIfimPtadqQ7-PAjwe8WZ/view?usp=drivesdk
Rotação Externa De Quadril Com Faixa Elástica.gif,image/gif,gifs e animaçoes/Gifs com Bonecos/136 Gifs de Mobilidade e alongamento,https://drive.google.com/file/d/1b9LaMLGYjfhDx_ME7F4yYh8UwV9VumA3/view?usp=drivesdk
Alongamento dos Isquiotibiais Sentado.gif,image/gif,gifs e animaçoes/Gifs com Bonecos/136 Gifs de Mobilidade e alongamento,https://drive.google.com/file/d/1b9RQHecS2SV3MM48f4yE3tJvvd4DYuJU/view?usp=drivesdk
Alongamento de tríceps em pé.gif,image/gif,gifs e animaçoes/Gifs com Bonecos/136 Gifs de Mobilidade e alongamento,https://drive.google.com/file/d/1iG72QQxzPV44ymHjivxMxvinHlxuPRsk/view?usp=drivesdk
Rotação Externa de Quadril Sentado com Faixa Elástica.gif,image/gif,gifs e animaçoes/Gifs com Bonecos/136 Gifs de Mobilidade e alongamento,https://drive.google.com/file/d/1oIWioL7mmsncSbY7SfDGxZ1x-giqahGi/view?usp=drivesdk
Alongamento Reverso de Pulso.gif,image/gif,gifs e animaçoes/Gifs com Bonecos/136 Gifs de Mobilidade e alongamento,https://drive.google.com/file/d/1voYrlwlamix-dJiPgZTfw7wMLarzwSNi/view?usp=drivesdk
Rotação externa de ombro com faixa elástica.gif,image/gif,gifs e animaçoes/Gifs com Bonecos/136 Gifs de Mobilidade e alongamento,https://drive.google.com/file/d/1wD3dt-CYJYOZMFCZXu2F_tL7uqh7hIq0/view?usp=drivesdk
Rotação externa de halteres apoiada no banco.gif,image/gif,gifs e animaçoes/Gifs com Bonecos/136 Gifs de Mobilidade e alongamento,https://drive.google.com/file/d/1x5cLsMguTmcjt8e2jDY14H6uJV_w2NUV/view?usp=drivesdk
Alongamento do desviador ulnar e extensor do punho.gif,image/gif,gifs e animaçoes/Gifs com Bonecos/136 Gifs de Mobilidade e alongamento,https://drive.google.com/file/d/1-Q6BG3Lh3Nyfzz5Yj-We5io6EL-3dktb/view?usp=drivesdk
Alongamento dos Adutores em Posição Sentada com Pernas Abertas.gif,image/gif,gifs e animaçoes/Gifs com Bonecos/136 Gifs de Mobilidade e alongamento,https://drive.google.com/file/d/116qNWZ-VNhY5J8OBjcIPuyYinyV2YHb9/view?usp=drivesdk
Catavento corporal.gif,image/gif,gifs e animaçoes/Gifs com Bonecos/136 Gifs de Mobilidade e alongamento,https://drive.google.com/file/d/117tCiyE-FRCEM4oZyvAns8X7qkDYMyz2/view?usp=drivesdk
Alongamento Sentado para a Panturrilha com Perna Esticada.gif,image/gif,gifs e animaçoes/Gifs com Bonecos/136 Gifs de Mobilidade e alongamento,https://drive.google.com/file/d/11pOljeJJ9IlbaPfUFaOdfkFmbxOid2yn/view?usp=drivesdk
Rolo de espuma para fascite plantar.gif,image/gif,gifs e animaçoes/Gifs com Bonecos/136 Gifs de Mobilidade e alongamento,https://drive.google.com/file/d/122QLCQQa9iPKcn5TG1sjVxDZ-hhQOCxI/view?usp=drivesdk
Alongamento dos flexores de quadril ajoelhado.gif,image/gif,gifs e animaçoes/Gifs com Bonecos/136 Gifs de Mobilidade e alongamento,https://drive.google.com/file/d/13AAXubdb8PE433brKxp8pB6wEKyn105A/view?usp=drivesdk
Alongamento Dinâmico do Peitoral.gif,image/gif,gifs e animaçoes/Gifs com Bonecos/136 Gifs de Mobilidade e alongamento,https://drive.google.com/file/d/171ZtyxjOzrV2AGC-IyFW8S-hnyPKkzp0/view?usp=drivesdk
Alongamento do trato iliotibial com rolo de espuma.gif,image/gif,gifs e animaçoes/Gifs com Bonecos/136 Gifs de Mobilidade e alongamento,https://drive.google.com/file/d/1H9FTlDDMuWCsJn-L4FKZmjUMZKA5jYHW/view?usp=drivesdk
Rolagem de espuma para isquiotibiais.gif,image/gif,gifs e animaçoes/Gifs com Bonecos/136 Gifs de Mobilidade e alongamento,https://drive.google.com/file/d/1JIYDBoFKQYsvOGNqIpJM1eN2Z-0jUTDB/view?usp=drivesdk
Quadrúpede com elevação de braço e perna contralateral.gif,image/gif,gifs e animaçoes/Gifs com Bonecos/136 Gifs de Mobilidade e alongamento,https://drive.google.com/file/d/1M8zDtGY0F_5dy5o7fYV155-6iIOTHa9Q/view?usp=drivesdk
Alongamento na parede do canto.gif,image/gif,gifs e animaçoes/Gifs com Bonecos/136 Gifs de Mobilidade e alongamento,https://drive.google.com/file/d/1MMMsi4PqKBDeSVbDws5N9k015tXzcGXF/view?usp=drivesdk
Alongamento em Círculos nos Punhos.gif,image/gif,gifs e animaçoes/Gifs com Bonecos/136 Gifs de Mobilidade e alongamento,https://drive.google.com/file/d/1Ok3HpR5j7YMfyFD_K1x8APoHg9RttIrb/view?usp=drivesdk
Rolamento de espuma nos quadríceps.gif,image/gif,gifs e animaçoes/Gifs com Bonecos/136 Gifs de Mobilidade e alongamento,https://drive.google.com/file/d/1PFe2r6D8YPrEaSAsHp4iMoUr8VhpYQ5-/view?usp=drivesdk
Alongamento Lateral da Parte Interna da Coxa.gif,image/gif,gifs e animaçoes/Gifs com Bonecos/136 Gifs de Mobilidade e alongamento,https://drive.google.com/file/d/1QVxX_ccTyvJSY5hxntVG1g_a1tOLsDOz/view?usp=drivesdk
Rolamento de Espuma para Panturrilhas.gif,image/gif,gifs e animaçoes/Gifs com Bonecos/136 Gifs de Mobilidade e alongamento,https://drive.google.com/file/d/1b8Ll5y6a3waq5QhoIuPZRCPsDKE8bo_a/view?usp=drivesdk
Alongamento dos adutores da coxa com rolo de espuma.gif,image/gif,gifs e animaçoes/Gifs com Bonecos/136 Gifs de Mobilidade e alongamento,https://drive.google.com/file/d/1gtxzYBO3yXbv-0Abw0OJxy-SKjqmCtzd/view?usp=drivesdk
Alongamento dos adutores sentado.gif,image/gif,gifs e animaçoes/Gifs com Bonecos/136 Gifs de Mobilidade e alongamento,https://drive.google.com/file/d/1j0IBPBynH4hjJrirNfOEiU14lSOA8Qvc/view?usp=drivesdk
Alongamento dos isquiotibiais em pé.gif,image/gif,gifs e animaçoes/Gifs com Bonecos/136 Gifs de Mobilidade e alongamento,https://drive.google.com/file/d/1li9v8oHD3ASgxzbJlNR0kJzS1scf2dfp/view?usp=drivesdk
Alongamento dos flexores dos dedos dos pés em pé.gif,image/gif,gifs e animaçoes/Gifs com Bonecos/136 Gifs de Mobilidade e alongamento,https://drive.google.com/file/d/1n07Uk7A4FhC1IP93WNXvqJ4sJrXe9PiK/view?usp=drivesdk
Alongamento de ombro com o braço cruzado.gif,image/gif,gifs e animaçoes/Gifs com Bonecos/136 Gifs de Mobilidade e alongamento,https://drive.google.com/file/d/1o01mgdMM3xeajvcaA6ueJxTQGG1hVbZg/view?usp=drivesdk
Alongamento de quadril 90-90.gif,image/gif,gifs e animaçoes/Gifs com Bonecos/136 Gifs de Mobilidade e alongamento,https://drive.google.com/file/d/1omYuNZJZFF8U3GkTpZDF1I75yKe0EqCF/view?usp=drivesdk
Círculos com um braço.gif,image/gif,gifs e animaçoes/Gifs com Bonecos/136 Gifs de Mobilidade e alongamento,https://drive.google.com/file/d/1sirrKH-nDjTUZOf7USJibkp2l87zHeng/view?usp=drivesdk
Alongamento do Piriforme Sentado.gif,image/gif,gifs e animaçoes/Gifs com Bonecos/136 Gifs de Mobilidade e alongamento,https://drive.google.com/file/d/1xSY5TOoT2OTcQzQ_h1FR-4h6iefrInWy/view?usp=drivesdk
Alongamento de Pernas Duplo.gif,image/gif,gifs e animaçoes/Gifs com Bonecos/136 Gifs de Mobilidade e alongamento,https://drive.google.com/file/d/11Sp6F_Lhg7Rtb_xZ-xQMvtV8AwJ83VnV/view?usp=drivesdk
Alongamento de panturrilha com uma perna.gif,image/gif,gifs e animaçoes/Gifs com Bonecos/136 Gifs de Mobilidade e alongamento,https://drive.google.com/file/d/12qcXh-6XhvWVDdf8y-8Y_0b4oGszsEsL/view?usp=drivesdk
Alongamento Inclinado Lateral em Pé.gif,image/gif,gifs e animaçoes/Gifs com Bonecos/136 Gifs de Mobilidade e alongamento,https://drive.google.com/file/d/183WKt8MurTu1-U3MVk-v9MJDPwA034jQ/view?usp=drivesdk
Alongamento do Peito Acima da Cabeça.gif,image/gif,gifs e animaçoes/Gifs com Bonecos/136 Gifs de Mobilidade e alongamento,https://drive.google.com/file/d/1CvsTNusVpPtpeGp-4xKLKeFvnWOI6Lon/view?usp=drivesdk
Alongamento de Quadríceps ajoelhado.gif,image/gif,gifs e animaçoes/Gifs com Bonecos/136 Gifs de Mobilidade e alongamento,https://drive.google.com/file/d/1EsZABxtgZoUEzmEo2AkK5qykwFRXA_uh/view?usp=drivesdk
Alongamento do Peitoral com um Braço em Pé.gif,image/gif,gifs e animaçoes/Gifs com Bonecos/136 Gifs de Mobilidade e alongamento,https://drive.google.com/file/d/1RWhQ-yl5ZwXKJHOWjhW8gvI5CfrqCl1e/view?usp=drivesdk
Alongamento do peito com rolo de espuma.gif,image/gif,gifs e animaçoes/Gifs com Bonecos/136 Gifs de Mobilidade e alongamento,https://drive.google.com/file/d/1RY5UfWkOAiURcDBXZbTZQOUkLBrSbEbe/view?usp=drivesdk
Adução de quadril deitado de lado.gif,image/gif,gifs e animaçoes/Gifs com Bonecos/136 Gifs de Mobilidade e alongamento,https://drive.google.com/file/d/1_Z8tRgZXiP_FoU6b25gQKi9OY_YmwZyO/view?usp=drivesdk
Alongamento do Peitoral até as Costas.gif,image/gif,gifs e animaçoes/Gifs com Bonecos/136 Gifs de Mobilidade e alongamento,https://drive.google.com/file/d/1dePbM34vDWoBM-QRO_eE6mc6KLFz96b2/view?usp=drivesdk
Alongamento dos Adutores com a Perna Estendida ajoelhado.gif,image/gif,gifs e animaçoes/Gifs com Bonecos/136 Gifs de Mobilidade e alongamento,https://drive.google.com/file/d/1xGkDWxDUciap1yjAhjIMBAWhe1JIVc30/view?usp=drivesdk
Abraços nos Joelhos em Pé.gif,image/gif,gifs e animaçoes/Gifs com Bonecos/136 Gifs de Mobilidade e alongamento,https://drive.google.com/file/d/103tMhDQfmPH3IO_SxF36kARQkv81N8JM/view?usp=drivesdk
Alongamento dos Adutores com Pernas Abertas em Pé.gif,image/gif,gifs e animaçoes/Gifs com Bonecos/136 Gifs de Mobilidade e alongamento,https://drive.google.com/file/d/15nnOgM_nuXKs7uRCprYvzWn53NYoxCeK/view?usp=drivesdk
Alongamento do tibial posterior.gif,image/gif,gifs e animaçoes/Gifs com Bonecos/136 Gifs de Mobilidade e alongamento,https://drive.google.com/file/d/19SN-2srnNqjZj9BXEP9PM0MrBTMzUQ5I/view?usp=drivesdk
Alongamento Borboleta.gif,image/gif,gifs e animaçoes/Gifs com Bonecos/136 Gifs de Mobilidade e alongamento,https://drive.google.com/file/d/1B6o4Toh_sKGQbYxqWBNwg-nHAeOSpDLm/view?usp=drivesdk
Alongamento Piriforme.gif,image/gif,gifs e animaçoes/Gifs com Bonecos/136 Gifs de Mobilidade e alongamento,https://drive.google.com/file/d/1HvX6ZsD6OFEdQ4a8j--seHrGgBTYsD3y/view?usp=drivesdk
Alongamento do ombro com toalha.gif,image/gif,gifs e animaçoes/Gifs com Bonecos/136 Gifs de Mobilidade e alongamento,https://drive.google.com/file/d/1MvmzkzN12SeTjVK9ErPFZnLbcFUjLuD_/view?usp=drivesdk
Alongamento em Pé dos Quadríceps.gif,image/gif,gifs e animaçoes/Gifs com Bonecos/136 Gifs de Mobilidade e alongamento,https://drive.google.com/file/d/1UMrKM0sjMXZE4Ji3YIb3DOp5cLewH_Lf/view?usp=drivesdk
Alongamento do Gastrocnêmio com Joelho Flexionado.gif,image/gif,gifs e animaçoes/Gifs com Bonecos/136 Gifs de Mobilidade e alongamento,https://drive.google.com/file/d/1V8ETd7zZAP5BB0oruhMnrpA1J6Hmipio/view?usp=drivesdk
Alongamento da Esfinge.gif,image/gif,gifs e animaçoes/Gifs com Bonecos/136 Gifs de Mobilidade e alongamento,https://drive.google.com/file/d/1pu8oW0i18tJCnDqTo7Js2c3a5rh07Wxr/view?usp=drivesdk
Alongamento de panturrilha em posição estática.gif,image/gif,gifs e animaçoes/Gifs com Bonecos/136 Gifs de Mobilidade e alongamento,https://drive.google.com/file/d/1rk-CmaJ5GandVHpYDioKDPtXxAak48nm/view?usp=drivesdk
Alongamento de Panturrilha com Corda.gif,image/gif,gifs e animaçoes/Gifs com Bonecos/136 Gifs de Mobilidade e alongamento,https://drive.google.com/file/d/1zd80Voe5KomZZtrWav-nvl3yiGIJPk2T/view?usp=drivesdk
Alongamento de panturrilha na parede.gif,image/gif,gifs e animaçoes/Gifs com Bonecos/136 Gifs de Mobilidade e alongamento,https://drive.google.com/file/d/10R-HYDcE63SN5hdIIixAgrXovX-N99nj/view?usp=drivesdk
Alongamento da panturrilha com descida do calcanhar.gif,image/gif,gifs e animaçoes/Gifs com Bonecos/136 Gifs de Mobilidade e alongamento,https://drive.google.com/file/d/11yCUDGNuWGDdvaUUmWTkeb2RGc1VXteW/view?usp=drivesdk
Puxada escapular na barra fixa.gif,image/gif,gifs e animaçoes/Gifs com Bonecos/136 Gifs de Mobilidade e alongamento,https://drive.google.com/file/d/17KIeaTd44Tdp83xqBIXRYOpZr2YNixSm/view?usp=drivesdk
Rotação Externa de Ombro com Cabo.gif,image/gif,gifs e animaçoes/Gifs com Bonecos/136 Gifs de Mobilidade e alongamento,https://drive.google.com/file/d/1CCsIsO_njeiErIjKUhl4fIIv5BXdNf1b/view?usp=drivesdk
Alongamento dos latíssimos dorsais com rolo de espuma.gif,image/gif,gifs e animaçoes/Gifs com Bonecos/136 Gifs de Mobilidade e alongamento,https://drive.google.com/file/d/1E4ECzZ4W4UFwkoClNfY3leXm2KBMebbS/view?usp=drivesdk
adução de pernas (alongamento do adutor maior).gif,image/gif,gifs e animaçoes/Gifs com Bonecos/136 Gifs de Mobilidade e alongamento,https://drive.google.com/file/d/1FJ5F7bfZSZr-cGMGd8mAJYIVDQBSJZw1/view?usp=drivesdk
Alongamento com PVC na Posição Frontal de Rack.gif,image/gif,gifs e animaçoes/Gifs com Bonecos/136 Gifs de Mobilidade e alongamento,https://drive.google.com/file/d/1I0rwx5N3C2v0dZ2Zr0tsPZySS31pH2CU/view?usp=drivesdk
Alongamento de Isquiotibiais em Pé.gif,image/gif,gifs e animaçoes/Gifs com Bonecos/136 Gifs de Mobilidade e alongamento,https://drive.google.com/file/d/1JRD7MIs8Ma-GcHun2foQ9fvOAqGcZmj_/view?usp=drivesdk
Alongamento de Glúteos Deitado.gif,image/gif,gifs e animaçoes/Gifs com Bonecos/136 Gifs de Mobilidade e alongamento,https://drive.google.com/file/d/1KKZNb4J9_Qr7NbihDNw5FHBRsv2peRuI/view?usp=drivesdk
Alongamento de ombro reverso em pé.gif,image/gif,gifs e animaçoes/Gifs com Bonecos/136 Gifs de Mobilidade e alongamento,https://drive.google.com/file/d/1LJZLhtPtrhD-WHXv3hzRo3TbYXR__9jq/view?usp=drivesdk
Alongamento das Costas com Rolo de Espuma.gif,image/gif,gifs e animaçoes/Gifs com Bonecos/136 Gifs de Mobilidade e alongamento,https://drive.google.com/file/d/1NST7wLcu5K5P40MbstuO3QKVWH7RenxD/view?usp=drivesdk
Alongamento Abraço com Tapinhas nas Costas.gif,image/gif,gifs e animaçoes/Gifs com Bonecos/136 Gifs de Mobilidade e alongamento,https://drive.google.com/file/d/1T8r0K89V-PlNZEbQ7XhjilgZvnAJBDRX/view?usp=drivesdk
Alongamento de panturrilha em passo largo.gif,image/gif,gifs e animaçoes/Gifs com Bonecos/136 Gifs de Mobilidade e alongamento,https://drive.google.com/file/d/1WH3iYcdG4n64JYgwqa5bXFblSSHAOY-I/view?usp=drivesdk
Alongamento da panturrilha agachado.gif,image/gif,gifs e animaçoes/Gifs com Bonecos/136 Gifs de Mobilidade e alongamento,https://drive.google.com/file/d/1aqh7A6qUqyeaPheidMpHqxMyPt3I7Vjx/view?usp=drivesdk
Alongamento do peitoral reverso.gif,image/gif,gifs e animaçoes/Gifs com Bonecos/136 Gifs de Mobilidade e alongamento,https://drive.google.com/file/d/1cm9nMdMhFicnz5HQZ59lCv1a2r1NvTCI/view?usp=drivesdk
Alongamento assistido reverso (peitoral e ombro).gif,image/gif,gifs e animaçoes/Gifs com Bonecos/136 Gifs de Mobilidade e alongamento,https://drive.google.com/file/d/1f-Ct3qvP4bJPUzYhgfZp4fJ5I3Bd2yTg/view?usp=drivesdk
Rotação Externa do Pé com Faixa Elástica.gif,image/gif,gifs e animaçoes/Gifs com Bonecos/136 Gifs de Mobilidade e alongamento,https://drive.google.com/file/d/1fv1tSmuGEDyrrv5I7j-0ZU-GqWJom5hU/view?usp=drivesdk
Alongamento de Isquiotibiais deitado.gif,image/gif,gifs e animaçoes/Gifs com Bonecos/136 Gifs de Mobilidade e alongamento,https://drive.google.com/file/d/1jUJOaJYMXhvH42yKrrtjmlvirncR0xOF/view?usp=drivesdk
Alongamento de Adutores com Pernas Afastadas em Pé.gif,image/gif,gifs e animaçoes/Gifs com Bonecos/136 Gifs de Mobilidade e alongamento,https://drive.google.com/file/d/1jWgiHPZy7ydQ7d_nJzLbCHmYge9b0ego/view?usp=drivesdk
Alongamento da parte superior das costas.gif,image/gif,gifs e animaçoes/Gifs com Bonecos/136 Gifs de Mobilidade e alongamento,https://drive.google.com/file/d/1l-FFyKX3uosy58YNyTddtEip99PkMDTW/view?usp=drivesdk
Alongamento de Quadríceps em Quatro Apoios.gif,image/gif,gifs e animaçoes/Gifs com Bonecos/136 Gifs de Mobilidade e alongamento,https://drive.google.com/file/d/1lJo_WNS4qiufQnxx8vHKr07AF9np4bT-/view?usp=drivesdk
Alongamento dos Extensores dos Dedos dos Pés.gif,image/gif,gifs e animaçoes/Gifs com Bonecos/136 Gifs de Mobilidade e alongamento,https://drive.google.com/file/d/1vAwCwmnvexU3_jh_y-T9CvUT2Zltd2OM/view?usp=drivesdk
Alongamento do manguito rotador.gif,image/gif,gifs e animaçoes/Gifs com Bonecos/136 Gifs de Mobilidade e alongamento,https://drive.google.com/file/d/1w9eB1W1WvHsKziVHxOUYJFQs0USUz20H/view?usp=drivesdk
Alongamento de Punho.gif,image/gif,gifs e animaçoes/Gifs com Bonecos/136 Gifs de Mobilidade e alongamento,https://drive.google.com/file/d/1yu0ZdY8uEKQ5xho33B-tLn9Uq2TM1QeE/view?usp=drivesdk
Máquina de flexão de tríceps.gif,image/gif,gifs e animaçoes/Gifs com Bonecos/500 Gifs de Musculação/Tríceps,https://drive.google.com/file/d/1L-ndRVuUC8CGafZk0wC10Y6QhxjapM0g/view?usp=drivesdk
Tríceps Francês Alternada com Halteres no Banco Inclinado.gif,image/gif,gifs e animaçoes/Gifs com Bonecos/500 Gifs de Musculação/Tríceps,https://drive.google.com/file/d/13nS03jR5dQ7kMtdVXqWd7syMudSqAV5y/view?usp=drivesdk
Tríceps francês na polia com corda.gif,image/gif,gifs e animaçoes/Gifs com Bonecos/500 Gifs de Musculação/Tríceps,https://drive.google.com/file/d/163YyLcW8Ujb_ycc_1XNX9CdJ1F9nFgTK/view?usp=drivesdk
Tríceps Testa com Banco Declinado com Halteres.gif,image/gif,gifs e animaçoes/Gifs com Bonecos/500 Gifs de Musculação/Tríceps,https://drive.google.com/file/d/1AHAdfutzfYYOLEAQBm58bQ8SGH9QQMLb/view?usp=drivesdk
Extensão de Tríceps deitado com Corda.gif,image/gif,gifs e animaçoes/Gifs com Bonecos/500 Gifs de Musculação/Tríceps,https://drive.google.com/file/d/1B6ceqjKcs3-UCZkJPFdtG_mg0H4J5nIa/view?usp=drivesdk
Tríceps pulley corda.gif,image/gif,gifs e animaçoes/Gifs com Bonecos/500 Gifs de Musculação/Tríceps,https://drive.google.com/file/d/1BpAYszBgAKsgXC5do5XySAyZ2SlsGt9o/view?usp=drivesdk
Tríceps Coice com Halteres.gif,image/gif,gifs e animaçoes/Gifs com Bonecos/500 Gifs de Musculação/Tríceps,https://drive.google.com/file/d/1X7aclKCPRQO8Wkgke8KmzAEp7GwgTBst/view?usp=drivesdk
Tríceps no Banco(1).gif,image/gif,gifs e animaçoes/Gifs com Bonecos/500 Gifs de Musculação/Tríceps,https://drive.google.com/file/d/1cfga6JVE3l1reHNL6-EJUV7O5WkE7Bid/view?usp=drivesdk
Extensão de tríceps no cabo deitado.gif,image/gif,gifs e animaçoes/Gifs com Bonecos/500 Gifs de Musculação/Tríceps,https://drive.google.com/file/d/1hmPUCY7YgqfFKSu4tNVx4M1I8kuMpxLj/view?usp=drivesdk
Tríceps pulley pegada invertida.gif,image/gif,gifs e animaçoes/Gifs com Bonecos/500 Gifs de Musculação/Tríceps,https://drive.google.com/file/d/1kTZjOrgG1QhMij8MTz63U5koAMBj6ptS/view?usp=drivesdk
Tríceps Testa com Barra Pegada Invertida.gif,image/gif,gifs e animaçoes/Gifs com Bonecos/500 Gifs de Musculação/Tríceps,https://drive.google.com/file/d/1nwVxiHAYCiV6avIqyMJOmgj5MTbbAleA/view?usp=drivesdk
Tríceps Coice com Cabo.gif,image/gif,gifs e animaçoes/Gifs com Bonecos/500 Gifs de Musculação/Tríceps,https://drive.google.com/file/d/1pDkQFvHuXjewAoGk4qBRYX39TH30aIU5/view?usp=drivesdk
Tríceps francês com barra W acima da cabeça sentado.gif,image/gif,gifs e animaçoes/Gifs com Bonecos/500 Gifs de Musculação/Tríceps,https://drive.google.com/file/d/1qNrdOC6TCx4hA_XrksJsBZrypuwkSBjQ/view?usp=drivesdk
Tríceps pulley barra.gif,image/gif,gifs e animaçoes/Gifs com Bonecos/500 Gifs de Musculação/Tríceps,https://drive.google.com/file/d/1wVadM3KAxpNv225vWq8_A60Os85TWSM-/view?usp=drivesdk
Tríceps Pulley barra V.gif,image/gif,gifs e animaçoes/Gifs com Bonecos/500 Gifs de Musculação/Tríceps,https://drive.google.com/file/d/1xem99HxTxhYBQJ5hQhfLZKBYoeFymVd9/view?usp=drivesdk
Tríceps francês no banco inclinado com halter.gif,image/gif,gifs e animaçoes/Gifs com Bonecos/500 Gifs de Musculação/Tríceps,https://drive.google.com/file/d/1ylUEZfWPfzfx5ZI9PDzko2h16LyiQsPZ/view?usp=drivesdk
Extensão de tríceps com um braço.gif,image/gif,gifs e animaçoes/Gifs com Bonecos/500 Gifs de Musculação/Tríceps,https://drive.google.com/file/d/11VVw_0FVnt9SA9ukEwFzhxN70ThxqDL4/view?usp=drivesdk
Extensão de Tríceps Testa Declinado Fechado.gif,image/gif,gifs e animaçoes/Gifs com Bonecos/500 Gifs de Musculação/Tríceps,https://drive.google.com/file/d/15kYFNC2du6poJrYyHIrb35t8Qh_7DnP5/view?usp=drivesdk
Extensão de Tríceps deitado com Barra W Pegada Fechada atrás da Cabeça.gif,image/gif,gifs e animaçoes/Gifs com Bonecos/500 Gifs de Musculação/Tríceps,https://drive.google.com/file/d/17mxHpAgVtAk_TLZ007NpQwHzCyC36O0J/view?usp=drivesdk
Extensão de tríceps na máquina pegada neutra.gif,image/gif,gifs e animaçoes/Gifs com Bonecos/500 Gifs de Musculação/Tríceps,https://drive.google.com/file/d/1B7_nIjCthAdb8zW2XXT_aEHefm94dRH7/view?usp=drivesdk
Mergulho de tríceps.gif,image/gif,gifs e animaçoes/Gifs com Bonecos/500 Gifs de Musculação/Tríceps,https://drive.google.com/file/d/1DXc-rxuIIBa5ABSgSXEkv1GiSt5w43lx/view?usp=drivesdk
Extensão Concentrada com Cabo no Joelho.gif,image/gif,gifs e animaçoes/Gifs com Bonecos/500 Gifs de Musculação/Tríceps,https://drive.google.com/file/d/1Gla_pVRFlU0hLAwIITXhcK9cNUwJkkcb/view?usp=drivesdk
Extensão de Tríceps Invertida com unilateral.gif,image/gif,gifs e animaçoes/Gifs com Bonecos/500 Gifs de Musculação/Tríceps,https://drive.google.com/file/d/1N6ZAumVY31LuvzuLx6vqpvNqNaF9hmkD/view?usp=drivesdk
Tríceps no Banco.gif,image/gif,gifs e animaçoes/Gifs com Bonecos/500 Gifs de Musculação/Tríceps,https://drive.google.com/file/d/1NzrH-6fiwQyWocHsm8WMbKGbLXJD4aDe/view?usp=drivesdk
Tríceps Francês com Halteres.gif,image/gif,gifs e animaçoes/Gifs com Bonecos/500 Gifs de Musculação/Tríceps,https://drive.google.com/file/d/1QwhPfQOgkjShwdiW3LctwgMoLdGK0iZ4/view?usp=drivesdk
Extensão de tríceps com cabo na posição horizontal.gif,image/gif,gifs e animaçoes/Gifs com Bonecos/500 Gifs de Musculação/Tríceps,https://drive.google.com/file/d/1V1emna1psWr2GnGdEv1cjltbA8bJfXGT/view?usp=drivesdk
Extensão de tríceps no cabo alto.gif,image/gif,gifs e animaçoes/Gifs com Bonecos/500 Gifs de Musculação/Tríceps,https://drive.google.com/file/d/1f7gwLGjYasun-h5QuibbFAzbsNpO4_tx/view?usp=drivesdk
Mergulho de tríceps com alavanca.gif,image/gif,gifs e animaçoes/Gifs com Bonecos/500 Gifs de Musculação/Tríceps,https://drive.google.com/file/d/1hQyT7SBvevEG4enKzRidQifQgcatY0Pm/view?usp=drivesdk
Extensão de tríceps com cabo inclinado.gif,image/gif,gifs e animaçoes/Gifs com Bonecos/500 Gifs de Musculação/Tríceps,https://drive.google.com/file/d/1oUlPocD_z8rN_DJFKxQ7g8OYIBSspuHc/view?usp=drivesdk
Tríceps testa com barra.gif,image/gif,gifs e animaçoes/Gifs com Bonecos/500 Gifs de Musculação/Tríceps,https://drive.google.com/file/d/1otY0YLNozmGMcvOJ_n1P1K8FewPpSjSS/view?usp=drivesdk
Tríceps testa pegada neutra com halteres.gif,image/gif,gifs e animaçoes/Gifs com Bonecos/500 Gifs de Musculação/Tríceps,https://drive.google.com/file/d/1pAUnWDLbN6KcaQWt3VnbCact803JPRvl/view?usp=drivesdk
Extensão de tríceps com barra atrás da cabeça.gif,image/gif,gifs e animaçoes/Gifs com Bonecos/500 Gifs de Musculação/Tríceps,https://drive.google.com/file/d/1pfMBocdEvgLy2rCrHmezJdtlbejV6PM4/view?usp=drivesdk
Extensão de Tríceps com Uma Mão no Pulley Alto Sobre a Cabeça.gif,image/gif,gifs e animaçoes/Gifs com Bonecos/500 Gifs de Musculação/Tríceps,https://drive.google.com/file/d/1-GCvE2DiOx9bPJpUxV3UIyfPpIaltfnd/view?usp=drivesdk
Supino Invertido com Pegada Fechada.gif,image/gif,gifs e animaçoes/Gifs com Bonecos/500 Gifs de Musculação/Tríceps,https://drive.google.com/file/d/19u9_WbiPYa0byAIHX03K1JvytYADpEaV/view?usp=drivesdk
Extensão de tríceps com barra W inclinada.gif,image/gif,gifs e animaçoes/Gifs com Bonecos/500 Gifs de Musculação/Tríceps,https://drive.google.com/file/d/1DkRFIDDqz918J2sDT6veCVl1CyOVAY-B/view?usp=drivesdk
Extensão de Tríceps com Cabo em Posição Ajoelhada.gif,image/gif,gifs e animaçoes/Gifs com Bonecos/500 Gifs de Musculação/Tríceps,https://drive.google.com/file/d/1JB5CAJQ_miHYRiW5qawRawocHB5JBq9v/view?usp=drivesdk
Extensão de tríceps com haltere em pronação com um braço.gif,image/gif,gifs e animaçoes/Gifs com Bonecos/500 Gifs de Musculação/Tríceps,https://drive.google.com/file/d/1NQMCe78ou2PMC0F9stgHuOkCB3fTjHgf/view?usp=drivesdk
Supino Fechado.gif,image/gif,gifs e animaçoes/Gifs com Bonecos/500 Gifs de Musculação/Tríceps,https://drive.google.com/file/d/1OgwmYJeuFQ6WmUnEfVG8nh-IAQWheK_9/view?usp=drivesdk
Extensão de Tríceps com Cabos Cruzados.gif,image/gif,gifs e animaçoes/Gifs com Bonecos/500 Gifs de Musculação/Tríceps,https://drive.google.com/file/d/1S9jqGLf_kfCFiumdcfDuIDpgjnQos7Y4/view?usp=drivesdk
Tríceps francês unilateral no cabo.gif,image/gif,gifs e animaçoes/Gifs com Bonecos/500 Gifs de Musculação/Tríceps,https://drive.google.com/file/d/1SJdaLVeZfSHYf8rd54hnFh5qHqQ7yLzF/view?usp=drivesdk
Extensão de Tríceps com deitado com Barra.gif,image/gif,gifs e animaçoes/Gifs com Bonecos/500 Gifs de Musculação/Tríceps,https://drive.google.com/file/d/1TRO1EN0DZIHM9uMpQqRe4vl8eoQtLsE8/view?usp=drivesdk
Extensão de tríceps na máquina.gif,image/gif,gifs e animaçoes/Gifs com Bonecos/500 Gifs de Musculação/Tríceps,https://drive.google.com/file/d/1UwuCgC6DbshOy5mTYjDGgUCqh_IAJhKa/view?usp=drivesdk
Flexão de apoio com elevação de braço.gif,image/gif,gifs e animaçoes/Gifs com Bonecos/500 Gifs de Musculação/Tríceps,https://drive.google.com/file/d/1VpZ4DECghB5kGSmRydu3mWolcbHXcTrP/view?usp=drivesdk
Extensão de tríceps com pegada invertida.gif,image/gif,gifs e animaçoes/Gifs com Bonecos/500 Gifs de Musculação/Tríceps,https://drive.google.com/file/d/1iMo79Ipg_57QMT3vFvoRKItdAgUpiiS4/view?usp=drivesdk
Mergulhos Assistidos para Tríceps.gif,image/gif,gifs e animaçoes/Gifs com Bonecos/500 Gifs de Musculação/Tríceps,https://drive.google.com/file/d/1rZFT7oEIj0XBRrb1fMTxyrXaT5rIG1rX/view?usp=drivesdk
Extensão de tríceps com haltere unilateral sentado.gif,image/gif,gifs e animaçoes/Gifs com Bonecos/500 Gifs de Musculação/Tríceps,https://drive.google.com/file/d/1u8I4KsAEEYZVnfzLQmh_K2lNL9xge323/view?usp=drivesdk
Tríceps Francês com Halter Bilateral.gif,image/gif,gifs e animaçoes/Gifs com Bonecos/500 Gifs de Musculação/Tríceps,https://drive.google.com/file/d/1vcMoStZBXpayYZvBsrGHWO1jjEx3pVGo/view?usp=drivesdk
Extensão de tríceps com barra em pé.gif,image/gif,gifs e animaçoes/Gifs com Bonecos/500 Gifs de Musculação/Tríceps,https://drive.google.com/file/d/12zwzmfi6phYfEFIaqR8ZBMg9rWp2_T6k/view?usp=drivesdk
Extensão de tríceps com cabo ajoelhado.gif,image/gif,gifs e animaçoes/Gifs com Bonecos/500 Gifs de Musculação/Tríceps,https://drive.google.com/file/d/1LxGN5XcsGve9fjdAywC21tIeF3Emqbog/view?usp=drivesdk
Extensão de tríceps lateral com cabo.gif,image/gif,gifs e animaçoes/Gifs com Bonecos/500 Gifs de Musculação/Tríceps,https://drive.google.com/file/d/1gmlzTMuXktBAgVH2xfi3flJP15gsx42c/view?usp=drivesdk
Remada com barra.gif,image/gif,gifs e animaçoes/Gifs com Bonecos/500 Gifs de Musculação/Trapézio,https://drive.google.com/file/d/1YxB1EgCR2XBfx00doFcmm3aH54X0rIiU/view?usp=drivesdk
Remada Alta com Halter.gif,image/gif,gifs e animaçoes/Gifs com Bonecos/500 Gifs de Musculação/Trapézio,https://drive.google.com/file/d/1ZkjufjII7TjB1PWIzWmVQOLBNbqMrQ3x/view?usp=drivesdk
Encolhimento na máquina.gif,image/gif,gifs e animaçoes/Gifs com Bonecos/500 Gifs de Musculação/Trapézio,https://drive.google.com/file/d/1bOHNt7d9q-N7Jt_MOThFnvt-MUVUpvMa/view?usp=drivesdk
Remada Inclinada a 45 Graus.gif,image/gif,gifs e animaçoes/Gifs com Bonecos/500 Gifs de Musculação/Trapézio,https://drive.google.com/file/d/1baePkEqA4LCjY-ou9rYe8JbjpolejOx6/view?usp=drivesdk
Puxada para o Rosto de Joelhos.gif,image/gif,gifs e animaçoes/Gifs com Bonecos/500 Gifs de Musculação/Trapézio,https://drive.google.com/file/d/17fH1QjMRTjcbbI5XAs9oMMTtsM_UCzQW/view?usp=drivesdk
Remada alta com halteres unilateral.gif,image/gif,gifs e animaçoes/Gifs com Bonecos/500 Gifs de Musculação/Trapézio,https://drive.google.com/file/d/1O5mE-5ZJXTP4tsT0I2gbLWCkcAXPchwA/view?usp=drivesdk
remada invertida com halteres inclinado.gif,image/gif,gifs e animaçoes/Gifs com Bonecos/500 Gifs de Musculação/Trapézio,https://drive.google.com/file/d/1tB8qKK-g2iaD20RZL8s8lQXcQ0HlImbA/view?usp=drivesdk
Face Pull.gif,image/gif,gifs e animaçoes/Gifs com Bonecos/500 Gifs de Musculação/Trapézio,https://drive.google.com/file/d/18EVLaMOdBqh74EVYp4AvnNJ_Z_xaeIP6/view?usp=drivesdk
Encolhimento Inclinado Pronado.gif,image/gif,gifs e animaçoes/Gifs com Bonecos/500 Gifs de Musculação/Trapézio,https://drive.google.com/file/d/1XwRFSu5Fqhw99DqIQ6huWckur5TcMNnt/view?usp=drivesdk
Remada invertida com cable inclinado.gif,image/gif,gifs e animaçoes/Gifs com Bonecos/500 Gifs de Musculação/Trapézio,https://drive.google.com/file/d/1bIixr0xNFAFRGOeG2A0eRNyQKHKl19l0/view?usp=drivesdk
Encolhimento com Cabo.gif,image/gif,gifs e animaçoes/Gifs com Bonecos/500 Gifs de Musculação/Trapézio,https://drive.google.com/file/d/1vjL2hTAg5_Hler8V0FkpPx5jxLgRMid6/view?usp=drivesdk
Remada em Y com cabo.gif,image/gif,gifs e animaçoes/Gifs com Bonecos/500 Gifs de Musculação/Trapézio,https://drive.google.com/file/d/1w97I2bAalP5KBzBoWKWaupIzt7Dowv1L/view?usp=drivesdk
Encolhimento de Barra Atrás das Costas.gif,image/gif,gifs e animaçoes/Gifs com Bonecos/500 Gifs de Musculação/Trapézio,https://drive.google.com/file/d/1A4pwrc_OVaWHIFFY8tUJabSyBVX9sjMG/view?usp=drivesdk
Voador de Deltoides Posterior com Cabo.gif,image/gif,gifs e animaçoes/Gifs com Bonecos/500 Gifs de Musculação/Trapézio,https://drive.google.com/file/d/1CjUJZ0rPE3YmqAVV2pHgSTgFHSDWTTck/view?usp=drivesdk
Encolhimento de Barra.gif,image/gif,gifs e animaçoes/Gifs com Bonecos/500 Gifs de Musculação/Trapézio,https://drive.google.com/file/d/1GFrPjhXMkX2T_zNGJocJdxnXQcRLJ0SE/view?usp=drivesdk
Meio Agachado com Puxada para o Rosto no Cabo.gif,image/gif,gifs e animaçoes/Gifs com Bonecos/500 Gifs de Musculação/Trapézio,https://drive.google.com/file/d/1QVEh52_bLj2wFQDzprFqYHKF3FrVaKi_/view?usp=drivesdk
Remada Alta com Cabo.gif,image/gif,gifs e animaçoes/Gifs com Bonecos/500 Gifs de Musculação/Trapézio,https://drive.google.com/file/d/1XjsPIknhhxhyvRIcLobSsmoWEHiyxpoI/view?usp=drivesdk
Puxada de face com cabo cruzado.gif,image/gif,gifs e animaçoes/Gifs com Bonecos/500 Gifs de Musculação/Trapézio,https://drive.google.com/file/d/1YGEe0jA_3kcJ9S_qvnBY6L4MceWW8A_3/view?usp=drivesdk
Encolhimento com Halteres em Declive.gif,image/gif,gifs e animaçoes/Gifs com Bonecos/500 Gifs de Musculação/Trapézio,https://drive.google.com/file/d/1k83H14zUfJa3mcNCsdeYTLmjF70J33N2/view?usp=drivesdk
Voador na Máquina para Deltoides Posteriores.gif,image/gif,gifs e animaçoes/Gifs com Bonecos/500 Gifs de Musculação/Trapézio,https://drive.google.com/file/d/1vosuhpJ0qXvtexioD2NLystmKzW-fp1I/view?usp=drivesdk
Encolhimento de ombros por trás com barra.gif,image/gif,gifs e animaçoes/Gifs com Bonecos/500 Gifs de Musculação/Trapézio,https://drive.google.com/file/d/1yb4cAy2c8_nx24jcPnXBfeDdnGgseuAw/view?usp=drivesdk
Elevações de ombros na paralela.gif,image/gif,gifs e animaçoes/Gifs com Bonecos/500 Gifs de Musculação/Trapézio,https://drive.google.com/file/d/1zZcwpgEtMR7HZkJ4mOxV19nElTksF_i-/view?usp=drivesdk
Remada Alta Com Barra W.gif,image/gif,gifs e animaçoes/Gifs com Bonecos/500 Gifs de Musculação/Trapézio,https://drive.google.com/file/d/12k7mDteAO7Ur548yc_pDq0WCnVBk6TER/view?usp=drivesdk
Dips de escápula.gif,image/gif,gifs e animaçoes/Gifs com Bonecos/500 Gifs de Musculação/Trapézio,https://drive.google.com/file/d/14Xj4q6XNTO1nd-KQuJHrMCHi-vJDPeM-/view?usp=drivesdk
Elevação de T com Halteres Inclinada.gif,image/gif,gifs e animaçoes/Gifs com Bonecos/500 Gifs de Musculação/Trapézio,https://drive.google.com/file/d/19F1KPJP6DPL8mSUCks9AL0aBXNBWsSmk/view?usp=drivesdk
Encolhimento com Halteres.gif,image/gif,gifs e animaçoes/Gifs com Bonecos/500 Gifs de Musculação/Trapézio,https://drive.google.com/file/d/1DhSLp4g8dGS0CeT0z1WVM-26RQMPlqU6/view?usp=drivesdk
Elevação lateral tronco inclinado.gif,image/gif,gifs e animaçoes/Gifs com Bonecos/500 Gifs de Musculação/Trapézio,https://drive.google.com/file/d/1JhmlvJApFysYPBjqGr8HjdRRU2E7trPS/view?usp=drivesdk
Encolhimento Acima da Cabeça.gif,image/gif,gifs e animaçoes/Gifs com Bonecos/500 Gifs de Musculação/Trapézio,https://drive.google.com/file/d/1Llrw5qn-Q6W9YpByvsFk3GBLdnjs7i8a/view?usp=drivesdk
Encolhimento de Ombros na Máquina Smith.gif,image/gif,gifs e animaçoes/Gifs com Bonecos/500 Gifs de Musculação/Trapézio,https://drive.google.com/file/d/1MuzpdrGCwKo938EPGmXLclh4xIgnmgk_/view?usp=drivesdk
Elevação de Deltoide Posterior com Halteres Inclinado.gif,image/gif,gifs e animaçoes/Gifs com Bonecos/500 Gifs de Musculação/Trapézio,https://drive.google.com/file/d/1ON7eH3WOtOrgZenbFBV0d477Uyy7HvL7/view?usp=drivesdk
Encolhimento Sentado de Gittleson com Halteres.gif,image/gif,gifs e animaçoes/Gifs com Bonecos/500 Gifs de Musculação/Trapézio,https://drive.google.com/file/d/1QP_jwYpcdkWQ7esTnlbRJbUgVpO2NhWk/view?usp=drivesdk
Encolhimento com Alavanca.gif,image/gif,gifs e animaçoes/Gifs com Bonecos/500 Gifs de Musculação/Trapézio,https://drive.google.com/file/d/1enDehwCTXPk72gWLds3bV_ANQHanH7jv/view?usp=drivesdk
Dumbbell-Raise.gif,image/gif,gifs e animaçoes/Gifs com Bonecos/500 Gifs de Musculação/Trapézio,https://drive.google.com/file/d/1ipeMMtlNtLjJIMC25jKQUSULE_ot6a1L/view?usp=drivesdk
Elevação de Deltoide em Y com Halteres Inclinado.gif,image/gif,gifs e animaçoes/Gifs com Bonecos/500 Gifs de Musculação/Trapézio,https://drive.google.com/file/d/1qJDvQQKTWU7nvmioauCje9QU-xm9xjII/view?usp=drivesdk
Agachamento unilateral cruzado com haltere.gif,image/gif,gifs e animaçoes/Gifs com Bonecos/500 Gifs de Musculação/Pernas,https://drive.google.com/file/d/1MfInqL7PbgDtam5m5VwQnY8tQoSq5TL0/view?usp=drivesdk
Bom Dia na Máquina Smith.gif,image/gif,gifs e animaçoes/Gifs com Bonecos/500 Gifs de Musculação/Pernas,https://drive.google.com/file/d/16lF0u5FLUotdahBoFM4KapowxwuCEH2P/view?usp=drivesdk
Avanço com Puxador de Cabo.gif,image/gif,gifs e animaçoes/Gifs com Bonecos/500 Gifs de Musculação/Pernas,https://drive.google.com/file/d/19OJkuSjgCLcCN00IBk3MyIur1acnSx-t/view?usp=drivesdk
Stiff Unilateral com Halteres.gif,image/gif,gifs e animaçoes/Gifs com Bonecos/500 Gifs de Musculação/Pernas,https://drive.google.com/file/d/19OVvC4EfguA-ueaa5yEMdNUmEo9dz27V/view?usp=drivesdk
Extensão de Perna Unilateral.gif,image/gif,gifs e animaçoes/Gifs com Bonecos/500 Gifs de Musculação/Pernas,https://drive.google.com/file/d/1JtKVoUL2e4KMWHz0akAHeZMn7csCJNAs/view?usp=drivesdk
Afundo Lateral com Barra.gif,image/gif,gifs e animaçoes/Gifs com Bonecos/500 Gifs de Musculação/Pernas,https://drive.google.com/file/d/1KhC1aa9gpmZb-vg-DJGEEuICOP8_wDDI/view?usp=drivesdk
Agachamento com Trava.gif,image/gif,gifs e animaçoes/Gifs com Bonecos/500 Gifs de Musculação/Pernas,https://drive.google.com/file/d/1MaGWLIosapHP0z3TMfT4xXrBIjnmRn9L/view?usp=drivesdk
Agachamento na Parede com Bola de Exercício.gif,image/gif,gifs e animaçoes/Gifs com Bonecos/500 Gifs de Musculação/Pernas,https://drive.google.com/file/d/1SVJWKO4LVne0OZGPaxgQ--VeO7FeFhx-/view?usp=drivesdk
Flexão de Pernas com Alavanca.gif,image/gif,gifs e animaçoes/Gifs com Bonecos/500 Gifs de Musculação/Pernas,https://drive.google.com/file/d/1ZB9e19P4ugIL7Lf0AWqiAXyRKBAo4gUK/view?usp=drivesdk
Agachamento búlgaro com salto.gif,image/gif,gifs e animaçoes/Gifs com Bonecos/500 Gifs de Musculação/Pernas,https://drive.google.com/file/d/1f4hwRlfHh-WAh6jL27ZcpUzK4UF2wxqQ/view?usp=drivesdk
Leg Press unilateral.gif,image/gif,gifs e animaçoes/Gifs com Bonecos/500 Gifs de Musculação/Pernas,https://drive.google.com/file/d/1mK0eamw6jR0h2u58MfzTVsQ0cXzR4tbA/view?usp=drivesdk
Agachamento Frontal com haltere.gif,image/gif,gifs e animaçoes/Gifs com Bonecos/500 Gifs de Musculação/Pernas,https://drive.google.com/file/d/1vcz2-usVIYGtntkEgTFaus9gTfjs1I7Y/view?usp=drivesdk
Afundo com landmine.gif,image/gif,gifs e animaçoes/Gifs com Bonecos/500 Gifs de Musculação/Pernas,https://drive.google.com/file/d/1zE27w1_GJJFjvhFCwgEeuToeVYBCTG9V/view?usp=drivesdk
Levantamento Terra Sumô.gif,image/gif,gifs e animaçoes/Gifs com Bonecos/500 Gifs de Musculação/Pernas,https://drive.google.com/file/d/1DlEdrsPwleAqddDrUA8x9cnwTNWekBU3/view?usp=drivesdk
Pressão Unilateral Assistida por Alavanca.gif,image/gif,gifs e animaçoes/Gifs com Bonecos/500 Gifs de Musculação/Pernas,https://drive.google.com/file/d/1F8KoYZC8pEPMec7VhFpKJ7DqJZCY0VBk/view?usp=drivesdk
Agachamento hack com barra.gif,image/gif,gifs e animaçoes/Gifs com Bonecos/500 Gifs de Musculação/Pernas,https://drive.google.com/file/d/1Gtb-qEynX5oku9_Y3nbkD3cBQJeT1pLw/view?usp=drivesdk
Afundo com Barra.gif,image/gif,gifs e animaçoes/Gifs com Bonecos/500 Gifs de Musculação/Pernas,https://drive.google.com/file/d/1LEFgb88FV95rog0AYdHO5b6stSKlsUmX/view?usp=drivesdk
Cadeira flexora.gif,image/gif,gifs e animaçoes/Gifs com Bonecos/500 Gifs de Musculação/Pernas,https://drive.google.com/file/d/1Nq1jMWMCAURDAS_yJVRYskUmfLnlCBSp/view?usp=drivesdk
Agachamento em plié com halteres.gif,image/gif,gifs e animaçoes/Gifs com Bonecos/500 Gifs de Musculação/Pernas,https://drive.google.com/file/d/1T10yfSe9kgIyyDz6u6oMx5f6vdW9k9ak/view?usp=drivesdk
Afundo no banco com halteres.gif,image/gif,gifs e animaçoes/Gifs com Bonecos/500 Gifs de Musculação/Pernas,https://drive.google.com/file/d/1_d-9v803oMwJiEj4l8jsK-Vc7CNPHPCB/view?usp=drivesdk
Levantamento Terra Zercher.gif,image/gif,gifs e animaçoes/Gifs com Bonecos/500 Gifs de Musculação/Pernas,https://drive.google.com/file/d/1e07DwCkVYp2YLH9QgE4BMsxd011kAVZd/view?usp=drivesdk
Adução do Quadril com Cabo.gif,image/gif,gifs e animaçoes/Gifs com Bonecos/500 Gifs de Musculação/Pernas,https://drive.google.com/file/d/1eI4wvge1TLVWmLkcnl3ulwDlXKXy0vq7/view?usp=drivesdk
Elevação com Barra em Degrau.gif,image/gif,gifs e animaçoes/Gifs com Bonecos/500 Gifs de Musculação/Pernas,https://drive.google.com/file/d/1fBv4o-A0RvQlnkgMQyNPr_vU1cYOgZnj/view?usp=drivesdk
Agachamento Zercher.gif,image/gif,gifs e animaçoes/Gifs com Bonecos/500 Gifs de Musculação/Pernas,https://drive.google.com/file/d/1jj8pt2dIZDbRsFmclwQiMPCD89vsKtV6/view?usp=drivesdk
Bom dia (1).gif,image/gif,gifs e animaçoes/Gifs com Bonecos/500 Gifs de Musculação/Pernas,https://drive.google.com/file/d/1jzZvqV8E2h7UsftXTZfuKyix0tSCxl3k/view?usp=drivesdk
Avanço com Halteres para Trás.gif,image/gif,gifs e animaçoes/Gifs com Bonecos/500 Gifs de Musculação/Pernas,https://drive.google.com/file/d/1os9XDl6LKuHLMeRxIDRriwAhIb4ERau5/view?usp=drivesdk
Máquina de Adução de Quadril.gif,image/gif,gifs e animaçoes/Gifs com Bonecos/500 Gifs de Musculação/Pernas,https://drive.google.com/file/d/1rdV1AgSixk1BN24BQIaKjeQZqJd7YmwJ/view?usp=drivesdk
Stiff Unilateral com Barra.gif,image/gif,gifs e animaçoes/Gifs com Bonecos/500 Gifs de Musculação/Pernas,https://drive.google.com/file/d/1rhfDFJrR6H9nQVJlQK99NPA_V1IzuOXh/view?usp=drivesdk
Flexão Nórdica (2).gif,image/gif,gifs e animaçoes/Gifs com Bonecos/500 Gifs de Musculação/Pernas,https://drive.google.com/file/d/1viKaD9JFaLgbGQNZeQveJlpdsX9qq4NJ/view?usp=drivesdk
Avanço com Cabo.gif,image/gif,gifs e animaçoes/Gifs com Bonecos/500 Gifs de Musculação/Pernas,https://drive.google.com/file/d/18D8AeyLiXGrTGhyngdR3RWBBGcSc7s7g/view?usp=drivesdk
Afundo na Máquina Smith.gif,image/gif,gifs e animaçoes/Gifs com Bonecos/500 Gifs de Musculação/Pernas,https://drive.google.com/file/d/1AZAAfTCshulhJ9-_ktXnInB_EKOWsM1q/view?usp=drivesdk
Bom dia.gif,image/gif,gifs e animaçoes/Gifs com Bonecos/500 Gifs de Musculação/Pernas,https://drive.google.com/file/d/1AuYxtZTTJmbMY0rOlmXX-BEZx7KTIpIJ/view?usp=drivesdk
Agachamento Búlgaro com Halteres.gif,image/gif,gifs e animaçoes/Gifs com Bonecos/500 Gifs de Musculação/Pernas,https://drive.google.com/file/d/1C1teqIKdKwJEXEjaTqZt-G44R3b7K7B7/view?usp=drivesdk
Avanço Invertido.gif,image/gif,gifs e animaçoes/Gifs com Bonecos/500 Gifs de Musculação/Pernas,https://drive.google.com/file/d/1E9AHz6NYC9qS9ZMm__MqKslSTzNc-ZWr/view?usp=drivesdk
Peso muerto piernas rígidas con barra.gif,image/gif,gifs e animaçoes/Gifs com Bonecos/500 Gifs de Musculação/Pernas,https://drive.google.com/file/d/1OhxHVztoTDrBiq4eUwx--B0I2fNQzmZi/view?usp=drivesdk
Levantamento Terra com Halteres.gif,image/gif,gifs e animaçoes/Gifs com Bonecos/500 Gifs de Musculação/Pernas,https://drive.google.com/file/d/1SJEMd6Dqx_aY0XV6abO5u-UnZci9kglj/view?usp=drivesdk
Leg Press Horizontal.gif,image/gif,gifs e animaçoes/Gifs com Bonecos/500 Gifs de Musculação/Pernas,https://drive.google.com/file/d/1SMS2OrJ5PbX5VpMuq0KcVN9HbUTXyeT7/view?usp=drivesdk
Avanço com Barra.gif,image/gif,gifs e animaçoes/Gifs com Bonecos/500 Gifs de Musculação/Pernas,https://drive.google.com/file/d/1T1Zf5Bp42Cv9rp2OsnEnXnrcCUOwugfM/view?usp=drivesdk
Cadeira extensora.gif,image/gif,gifs e animaçoes/Gifs com Bonecos/500 Gifs de Musculação/Pernas,https://drive.google.com/file/d/1T9DGEJjJre69eIsulaV930W1k8pUaB1k/view?usp=drivesdk
Agachamento Sumô com Halteres.gif,image/gif,gifs e animaçoes/Gifs com Bonecos/500 Gifs de Musculação/Pernas,https://drive.google.com/file/d/1TFLCk8GtFLXARf143t-cl6GM7C-_HJAh/view?usp=drivesdk
Máquina de Flexão de Perna Unilateral.gif,image/gif,gifs e animaçoes/Gifs com Bonecos/500 Gifs de Musculação/Pernas,https://drive.google.com/file/d/1Y9g7WbMwnDEvb_Vji8YKveEeZqZXbPE1/view?usp=drivesdk
Stiff com Halter.gif,image/gif,gifs e animaçoes/Gifs com Bonecos/500 Gifs de Musculação/Pernas,https://drive.google.com/file/d/1gZDPQyxgU-xbqF6WvMW-ORidgf8nLRlx/view?usp=drivesdk
Levantamento Terra com Barra no Landmine.gif,image/gif,gifs e animaçoes/Gifs com Bonecos/500 Gifs de Musculação/Pernas,https://drive.google.com/file/d/1kAfT1Y72RLzzGzaAxnx-BE4mZyykHA9I/view?usp=drivesdk
Subida no Step com Elevação de Joelhos.gif,image/gif,gifs e animaçoes/Gifs com Bonecos/500 Gifs de Musculação/Pernas,https://drive.google.com/file/d/1uGQArhMaIrB8hR-yWvvu5gV2dd8QwKZb/view?usp=drivesdk
Wall Sit.gif,image/gif,gifs e animaçoes/Gifs com Bonecos/500 Gifs de Musculação/Pernas,https://drive.google.com/file/d/1uRDS0MG0XL_MCODB-Kodqi9UNzMDHGsT/view?usp=drivesdk
Leg press 90 no smith.gif,image/gif,gifs e animaçoes/Gifs com Bonecos/500 Gifs de Musculação/Pernas,https://drive.google.com/file/d/1v-yicaew4ZqIrsgDXrh5bFwC5peSPQYl/view?usp=drivesdk
Avanço Invertido com Halteres.gif,image/gif,gifs e animaçoes/Gifs com Bonecos/500 Gifs de Musculação/Pernas,https://drive.google.com/file/d/13znA6UtzR_5_5fy-5xjVfarOIvEvzpq1/view?usp=drivesdk
Agachamento Búlgaro com Barra.gif,image/gif,gifs e animaçoes/Gifs com Bonecos/500 Gifs de Musculação/Pernas,https://drive.google.com/file/d/186nSpIQEGd1FPwGz0i0e9wTsZyLB_MlQ/view?usp=drivesdk
Adução do Quadril Lateral com Alavanca.gif,image/gif,gifs e animaçoes/Gifs com Bonecos/500 Gifs de Musculação/Pernas,https://drive.google.com/file/d/1JqXPqrI0aPYyD_urYcRpQluhDB4ENLBf/view?usp=drivesdk
Agachamento Frontal.gif,image/gif,gifs e animaçoes/Gifs com Bonecos/500 Gifs de Musculação/Pernas,https://drive.google.com/file/d/1a3WUkDYKPWVYAvaaK-eSUhTyO54HY4i2/view?usp=drivesdk
Agachamento com Cinto.gif,image/gif,gifs e animaçoes/Gifs com Bonecos/500 Gifs de Musculação/Pernas,https://drive.google.com/file/d/1mzQlznd25iaOEemcNrM5jnzQonlRphoF/view?usp=drivesdk
Supino.gif,image/gif,gifs e animaçoes/Gifs com Bonecos/500 Gifs de Musculação/Peitoral,https://drive.google.com/file/d/128ylz6emQUzn98RaUEsbgiSAXUqHWs7_/view?usp=drivesdk
Crossover Unilateral com Cabo.gif,image/gif,gifs e animaçoes/Gifs com Bonecos/500 Gifs de Musculação/Peitoral,https://drive.google.com/file/d/14saJMYs603xzMj8KNvDiqXTZhyydkl0q/view?usp=drivesdk
Supino Inclinado com Halteres em Martelo.gif,image/gif,gifs e animaçoes/Gifs com Bonecos/500 Gifs de Musculação/Peitoral,https://drive.google.com/file/d/15Vvu9kLEREry5AcfhsIbGwi42qPookoU/view?usp=drivesdk
Supino inclinado com pegada fechada.gif,image/gif,gifs e animaçoes/Gifs com Bonecos/500 Gifs de Musculação/Peitoral,https://drive.google.com/file/d/1AgetVBWKgNIfzoX1hFwybGxkBt8omyvw/view?usp=drivesdk
Supino com pegada fechada.gif,image/gif,gifs e animaçoes/Gifs com Bonecos/500 Gifs de Musculação/Peitoral,https://drive.google.com/file/d/1J6kt23KVD7w3uJNQQfOOD7ItMAKYOmnb/view?usp=drivesdk
Crucifixo com Halteres Inclinado.gif,image/gif,gifs e animaçoes/Gifs com Bonecos/500 Gifs de Musculação/Peitoral,https://drive.google.com/file/d/1VlQyewluSwjrxWbbONewN3G_vruLIiRL/view?usp=drivesdk
Voador na Máquina.gif,image/gif,gifs e animaçoes/Gifs com Bonecos/500 Gifs de Musculação/Peitoral,https://drive.google.com/file/d/1bseEGZR_lLCdXdOCeOuR1LKk910BWSrO/view?usp=drivesdk
Supino com cabo sentado.gif,image/gif,gifs e animaçoes/Gifs com Bonecos/500 Gifs de Musculação/Peitoral,https://drive.google.com/file/d/1etWbxJZlSv1gZwODdW-A_YWe2yImRisf/view?usp=drivesdk
Supino inclinado com halteres e pegada fechada.gif,image/gif,gifs e animaçoes/Gifs com Bonecos/500 Gifs de Musculação/Peitoral,https://drive.google.com/file/d/1g6wu2av3R8xFqOnhJUObneAhval7CDjE/view?usp=drivesdk
Cross over polia Alta.gif,image/gif,gifs e animaçoes/Gifs com Bonecos/500 Gifs de Musculação/Peitoral,https://drive.google.com/file/d/1zqu11fWZJrrEwFZFF4dp0SOa62RBxPyF/view?usp=drivesdk
Cross over polia media.gif,image/gif,gifs e animaçoes/Gifs com Bonecos/500 Gifs de Musculação/Peitoral,https://drive.google.com/file/d/15-i2ntdwmjEztXt5O4JCzQfAJ2AUIY0C/view?usp=drivesdk
Supino com pegada aberta.gif,image/gif,gifs e animaçoes/Gifs com Bonecos/500 Gifs de Musculação/Peitoral,https://drive.google.com/file/d/181YQ8OgJu700BOglfHWLGEIufWpVylnU/view?usp=drivesdk
Pullover com Halteres na Bola de Estabilidade.gif,image/gif,gifs e animaçoes/Gifs com Bonecos/500 Gifs de Musculação/Peitoral,https://drive.google.com/file/d/19j55dCDNEcOGkeMRqTTYJe8rJ3a6B64t/view?usp=drivesdk
Supino inclinado com barra.gif,image/gif,gifs e animaçoes/Gifs com Bonecos/500 Gifs de Musculação/Peitoral,https://drive.google.com/file/d/1Du9Sau4Kc_w29LIHfkRqyKl8vggQTGdn/view?usp=drivesdk
Supino na máquina.gif,image/gif,gifs e animaçoes/Gifs com Bonecos/500 Gifs de Musculação/Peitoral,https://drive.google.com/file/d/1KDUo-yiMjmWquJKEayUWNOZpfDFCMQlT/view?usp=drivesdk
Supino inclinado na máquina.gif,image/gif,gifs e animaçoes/Gifs com Bonecos/500 Gifs de Musculação/Peitoral,https://drive.google.com/file/d/1NGUFLKiVOC3JzSh4YlqJMdcnJUhKDfCm/view?usp=drivesdk
Pullover com haltere.gif,image/gif,gifs e animaçoes/Gifs com Bonecos/500 Gifs de Musculação/Peitoral,https://drive.google.com/file/d/1QV8jkBYb5C229YYrF_a299xGR8JZWulZ/view?usp=drivesdk
Supino Alternado com Halteres.gif,image/gif,gifs e animaçoes/Gifs com Bonecos/500 Gifs de Musculação/Peitoral,https://drive.google.com/file/d/1SNTIK7rZ3eFRbriJE48acGMbuzaRwHfN/view?usp=drivesdk
Mergulho de peito assistido.gif,image/gif,gifs e animaçoes/Gifs com Bonecos/500 Gifs de Musculação/Peitoral,https://drive.google.com/file/d/1SdZ966qn7StWIa1hKGaSKFGzSp4ZArhy/view?usp=drivesdk
Anilha Press.gif,image/gif,gifs e animaçoes/Gifs com Bonecos/500 Gifs de Musculação/Peitoral,https://drive.google.com/file/d/1Uabv4umLgEzJWF7IviOXkHK7jm0Vaxu8/view?usp=drivesdk
Supino com barra no chão.gif,image/gif,gifs e animaçoes/Gifs com Bonecos/500 Gifs de Musculação/Peitoral,https://drive.google.com/file/d/1Wf2B01fPgYv2sJg4uKjUqvaZsldg1LSe/view?usp=drivesdk
Supino com Halteres.gif,image/gif,gifs e animaçoes/Gifs com Bonecos/500 Gifs de Musculação/Peitoral,https://drive.google.com/file/d/1sgeSwdtjsKgLGiUUlAf_2s-wkdKQe3st/view?usp=drivesdk
Supino com Halteres Pegada Invertida.gif,image/gif,gifs e animaçoes/Gifs com Bonecos/500 Gifs de Musculação/Peitoral,https://drive.google.com/file/d/1uwQQurjZ9_Tb9WSfkSkJUpc_ZJrLWswh/view?usp=drivesdk
Supino declinado na máquina Smith.gif,image/gif,gifs e animaçoes/Gifs com Bonecos/500 Gifs de Musculação/Peitoral,https://drive.google.com/file/d/1wUilQynW5msUURnTqaw8obMyzR_bltII/view?usp=drivesdk
Supino com banco inclinado no Smith.gif,image/gif,gifs e animaçoes/Gifs com Bonecos/500 Gifs de Musculação/Peitoral,https://drive.google.com/file/d/1zQyAo4uY4mWIqQW4IN9z44XWuOPzvTbY/view?usp=drivesdk
Panturrilhas em Pé.gif,image/gif,gifs e animaçoes/Gifs com Bonecos/500 Gifs de Musculação/Panturrilhas,https://drive.google.com/file/d/1OUckIOufRiVM1N_JtiWp8n9ooJsLVZmT/view?usp=drivesdk
Elevação de Panturrilha no Leg Press.gif,image/gif,gifs e animaçoes/Gifs com Bonecos/500 Gifs de Musculação/Panturrilhas,https://drive.google.com/file/d/19fJkB4AOaTlBzhD_fTMODubraVkYV_wO/view?usp=drivesdk
Elevação de Panturrilha no Leg Press horizontal.gif,image/gif,gifs e animaçoes/Gifs com Bonecos/500 Gifs de Musculação/Panturrilhas,https://drive.google.com/file/d/1HljRiuixkzKK69Ep6nZD5Fo_iaUUk8Eq/view?usp=drivesdk
Levantamento de panturrilha com apoio e sobrecarga.gif,image/gif,gifs e animaçoes/Gifs com Bonecos/500 Gifs de Musculação/Panturrilhas,https://drive.google.com/file/d/1Lqta7RiZrA_PBpRejPNWYAiYdVdNu5qq/view?usp=drivesdk
Elevação de Panturrilha na Máquina.gif,image/gif,gifs e animaçoes/Gifs com Bonecos/500 Gifs de Musculação/Panturrilhas,https://drive.google.com/file/d/1MWzzbl_2QysJzO55G6Jrz5Q2gm317nSl/view?usp=drivesdk
Elevação de Panturrilha Sentado com Alavanca.gif,image/gif,gifs e animaçoes/Gifs com Bonecos/500 Gifs de Musculação/Panturrilhas,https://drive.google.com/file/d/1Wq4wzR6r02ckoFQykucn5-ilAFBVMkD-/view?usp=drivesdk
Levantamento de panturrilha com alavanca.gif,image/gif,gifs e animaçoes/Gifs com Bonecos/500 Gifs de Musculação/Panturrilhas,https://drive.google.com/file/d/1ZO5fjH4uFkaZv1ap3huU7loZ72NlWwo0/view?usp=drivesdk
Levantamento de panturrilha com apoio de uma perna.gif,image/gif,gifs e animaçoes/Gifs com Bonecos/500 Gifs de Musculação/Panturrilhas,https://drive.google.com/file/d/1aw7RtCC9CytvGJOmQExGpTAXZGRA4tTG/view?usp=drivesdk
Elevação de Panturrilhas no Hack.gif,image/gif,gifs e animaçoes/Gifs com Bonecos/500 Gifs de Musculação/Panturrilhas,https://drive.google.com/file/d/1hpQ9YJakYmekZIrQhDrxlQS-BUD85Hco/view?usp=drivesdk
Elevação de Panturrilhas.gif,image/gif,gifs e animaçoes/Gifs com Bonecos/500 Gifs de Musculação/Panturrilhas,https://drive.google.com/file/d/1n0YSR2fwzVqzAuPOU98iRycvdnHiI92X/view?usp=drivesdk
Levantamento de panturrilha com apoio de banco.gif,image/gif,gifs e animaçoes/Gifs com Bonecos/500 Gifs de Musculação/Panturrilhas,https://drive.google.com/file/d/1vCctMi6838YKi_CRCw8K-vBp8eNZnJxz/view?usp=drivesdk
Panturrilha em Pé no Smith.gif,image/gif,gifs e animaçoes/Gifs com Bonecos/500 Gifs de Musculação/Panturrilhas,https://drive.google.com/file/d/1xp8EIK4WIK53n5Ffg86TfME4r8oyBIHr/view?usp=drivesdk
Elevação de Panturrilha com Uma Perna na Máquina Hack.gif,image/gif,gifs e animaçoes/Gifs com Bonecos/500 Gifs de Musculação/Panturrilhas,https://drive.google.com/file/d/1zfjuiVla9WUFMvrla9Uhyw73UFCLQv6S/view?usp=drivesdk
Elevação de Panturrilha Sentado com Peso.gif,image/gif,gifs e animaçoes/Gifs com Bonecos/500 Gifs de Musculação/Panturrilhas,https://drive.google.com/file/d/1DGt_ojtpkE73P0u6u02s1X1F3Vo2amUH/view?usp=drivesdk
Elevação de Panturrilha em Máquina em pé.gif,image/gif,gifs e animaçoes/Gifs com Bonecos/500 Gifs de Musculação/Panturrilhas,https://drive.google.com/file/d/1DZmh2mVW9GcwU61wneq1VCL2s2QzuL3C/view?usp=drivesdk
Elevação de Panturrilha Sentado com Barra.gif,image/gif,gifs e animaçoes/Gifs com Bonecos/500 Gifs de Musculação/Panturrilhas,https://drive.google.com/file/d/1Lpj-yrIMcxo1-ColJOKTGPhR8l7WK7CI/view?usp=drivesdk
Elevação de Panturrilha com Barra em Pé.gif,image/gif,gifs e animaçoes/Gifs com Bonecos/500 Gifs de Musculação/Panturrilhas,https://drive.google.com/file/d/1OHh0kxgtEC4cBVRlCDZ1seFQKlDM-3Cj/view?usp=drivesdk
Agachamento com Sustentação e Elevação de Panturrilhas.gif,image/gif,gifs e animaçoes/Gifs com Bonecos/500 Gifs de Musculação/Panturrilhas,https://drive.google.com/file/d/1Wbxfx0olLA7iZcnks6Pc4BMwhx-U35hH/view?usp=drivesdk
Elevação Unilateral de Panturrilha no Leg Press.gif,image/gif,gifs e animaçoes/Gifs com Bonecos/500 Gifs de Musculação/Panturrilhas,https://drive.google.com/file/d/1ZGRfpxOEysLnRUM3hHkiMYqx4pb20aLd/view?usp=drivesdk
Elevação de Panturrilha no Smith.gif,image/gif,gifs e animaçoes/Gifs com Bonecos/500 Gifs de Musculação/Panturrilhas,https://drive.google.com/file/d/1epdxZfyKjSPecPFtLzIocuwhvXUhotYn/view?usp=drivesdk
Hiperextensão com Torção.gif,image/gif,gifs e animaçoes/Gifs com Bonecos/500 Gifs de Musculação/Eretores da espinha,https://drive.google.com/file/d/15X8RIkXIo4QOGVIqe8Wmqi_ZgoHdvViS/view?usp=drivesdk
Hiperextensão no Chão.gif,image/gif,gifs e animaçoes/Gifs com Bonecos/500 Gifs de Musculação/Eretores da espinha,https://drive.google.com/file/d/1BXq6nb99LF3RXxnIWGPNByOF4sXMFofO/view?usp=drivesdk
Superman.gif,image/gif,gifs e animaçoes/Gifs com Bonecos/500 Gifs de Musculação/Eretores da espinha,https://drive.google.com/file/d/1P3n7hBA4l0HI2ToKq1_Ws-Ao8MRhixo7/view?usp=drivesdk
Extensão Lombar com Peso.gif,image/gif,gifs e animaçoes/Gifs com Bonecos/500 Gifs de Musculação/Eretores da espinha,https://drive.google.com/file/d/1QZIuDNJcwCEE4TTMYuSbjLWG8V8Nzowv/view?usp=drivesdk
Hiperextensão Invertida de Sapo.gif,image/gif,gifs e animaçoes/Gifs com Bonecos/500 Gifs de Musculação/Eretores da espinha,https://drive.google.com/file/d/1Vlz32_HUaKgrk5emQs42m8jvubbHhuxr/view?usp=drivesdk
Hiperextensão.gif,image/gif,gifs e animaçoes/Gifs com Bonecos/500 Gifs de Musculação/Eretores da espinha,https://drive.google.com/file/d/1d9u_MoeagUgbGanFig6XR8aDMjmfcyys/view?usp=drivesdk
Extensão lombar sentada.gif,image/gif,gifs e animaçoes/Gifs com Bonecos/500 Gifs de Musculação/Eretores da espinha,https://drive.google.com/file/d/1vxz-IO9JVZ_ziRXlH-ROT5D0FOTGM7D0/view?usp=drivesdk
Hiperextensão de Lombar no Banco Plano.gif,image/gif,gifs e animaçoes/Gifs com Bonecos/500 Gifs de Musculação/Eretores da espinha,https://drive.google.com/file/d/1vyS4HZqNvjwd6hILBnW0Zuf7qV3hdbyC/view?usp=drivesdk
Remada com halteres para a posterior de ombros.gif,image/gif,gifs e animaçoes/Gifs com Bonecos/500 Gifs de Musculação/Ombros,https://drive.google.com/file/d/1-LDLSDWjXh3aZjapStDBy2unSNj-QQhN/view?usp=drivesdk
Máquina de elevação lateral.gif,image/gif,gifs e animaçoes/Gifs com Bonecos/500 Gifs de Musculação/Ombros,https://drive.google.com/file/d/1AEsCN5eKSbd3fjUy0Db4FGOl7UUr_ycc/view?usp=drivesdk
Elevações frontais com halteres apoiadas no peito.gif,image/gif,gifs e animaçoes/Gifs com Bonecos/500 Gifs de Musculação/Ombros,https://drive.google.com/file/d/1F4F0o7r06wMAsv9E7dHL4VY4zmebs_ND/view?usp=drivesdk
Levantamento frontal com anilha.gif,image/gif,gifs e animaçoes/Gifs com Bonecos/500 Gifs de Musculação/Ombros,https://drive.google.com/file/d/1QQXAEJmdFj4LhAQaViapMoa7YTLQ5kjY/view?usp=drivesdk
Elevação Frontal Alternada Com Halteres.gif,image/gif,gifs e animaçoes/Gifs com Bonecos/500 Gifs de Musculação/Ombros,https://drive.google.com/file/d/1WFuMBpNky9cTcz0XLuvtKOpz7sXTDJ_a/view?usp=drivesdk
Remada inversa com cabos deitado.gif,image/gif,gifs e animaçoes/Gifs com Bonecos/500 Gifs de Musculação/Ombros,https://drive.google.com/file/d/1_i758Ofj-DBD53j9TKOCBKjXUWizradO/view?usp=drivesdk
Elevação lateral de braços com cabo.gif,image/gif,gifs e animaçoes/Gifs com Bonecos/500 Gifs de Musculação/Ombros,https://drive.google.com/file/d/1aLOOcanI1pkwXYFpC9EzvxIx12WmjmLx/view?usp=drivesdk
Remada Alta (1).gif,image/gif,gifs e animaçoes/Gifs com Bonecos/500 Gifs de Musculação/Ombros,https://drive.google.com/file/d/1bn7a5u1C0ldBGhCoaGwjiqCg4E5zPb_I/view?usp=drivesdk
Levantamento frontal alternado com haltere sentado.gif,image/gif,gifs e animaçoes/Gifs com Bonecos/500 Gifs de Musculação/Ombros,https://drive.google.com/file/d/1jL_1oEhibXmBz11qQl2kJJRsFFjXvyx-/view?usp=drivesdk
Voador invertido.gif,image/gif,gifs e animaçoes/Gifs com Bonecos/500 Gifs de Musculação/Ombros,https://drive.google.com/file/d/1tZsByzTCgFDezvmIwBx97-JVz7GWDmua/view?usp=drivesdk
Elevação Posterior unilateral com halteres em Decúbito Prono.gif,image/gif,gifs e animaçoes/Gifs com Bonecos/500 Gifs de Musculação/Ombros,https://drive.google.com/file/d/1-EPEaQ3EamqZu2B8ngzlrpHqAphVLzx_/view?usp=drivesdk
Levantamento frontal unilateral com cabo.gif,image/gif,gifs e animaçoes/Gifs com Bonecos/500 Gifs de Musculação/Ombros,https://drive.google.com/file/d/12pcY6Rzx8FaRoYeEKWCnQYvlgRkIPzY1/view?usp=drivesdk
Desenvolvimento de ombro com halteres em Z.gif,image/gif,gifs e animaçoes/Gifs com Bonecos/500 Gifs de Musculação/Ombros,https://drive.google.com/file/d/18jzheMLQxCQ6seM9gvUxBDCXpZse-j9r/view?usp=drivesdk
Remada lateral com halteres sentado.gif,image/gif,gifs e animaçoes/Gifs com Bonecos/500 Gifs de Musculação/Ombros,https://drive.google.com/file/d/18oqdRL0RI0ZVtjiIvx7wyUxQDuf5usl_/view?usp=drivesdk
Elevação lateral de braços com halteres.gif,image/gif,gifs e animaçoes/Gifs com Bonecos/500 Gifs de Musculação/Ombros,https://drive.google.com/file/d/1A3Dsu9_U_96I4NNrfGf-_jUQNeEH7SDB/view?usp=drivesdk
Levantamento de halteres de 3 maneiras.gif,image/gif,gifs e animaçoes/Gifs com Bonecos/500 Gifs de Musculação/Ombros,https://drive.google.com/file/d/1DlYm9DkObw3vuFhi7zAC4oUi_YjbDyTk/view?usp=drivesdk
Elevação frontal com dois braços com halteres.gif,image/gif,gifs e animaçoes/Gifs com Bonecos/500 Gifs de Musculação/Ombros,https://drive.google.com/file/d/1JTX0i0crdigAfB7BZURftQCOvLoLF-db/view?usp=drivesdk
Elevação lateral alternada com halteres.gif,image/gif,gifs e animaçoes/Gifs com Bonecos/500 Gifs de Musculação/Ombros,https://drive.google.com/file/d/1QLiRQf2JhKx9LO1C_2BeG9S6QxJ8QfM3/view?usp=drivesdk
Voador para deltoides posterior com cabo.gif,image/gif,gifs e animaçoes/Gifs com Bonecos/500 Gifs de Musculação/Ombros,https://drive.google.com/file/d/1T4C_71HJ0wBMpWL8fQctCtTqRX79lBZK/view?usp=drivesdk
Elevação lateral de halteres inclinada.gif,image/gif,gifs e animaçoes/Gifs com Bonecos/500 Gifs de Musculação/Ombros,https://drive.google.com/file/d/1TKxMHyrB8zqsPZBWU-tve4bX7WGxUvxS/view?usp=drivesdk
Elevação lateral deitado.gif,image/gif,gifs e animaçoes/Gifs com Bonecos/500 Gifs de Musculação/Ombros,https://drive.google.com/file/d/1Ts0lTc6bcXujm6sskhgsjzGCW35i9xYd/view?usp=drivesdk
Levantamento frontal com barra.gif,image/gif,gifs e animaçoes/Gifs com Bonecos/500 Gifs de Musculação/Ombros,https://drive.google.com/file/d/1VeSzY0KgkSxA_pIsQ4_N18kOwvQSSYc8/view?usp=drivesdk
Elevação lateral unilateral com halteres.gif,image/gif,gifs e animaçoes/Gifs com Bonecos/500 Gifs de Musculação/Ombros,https://drive.google.com/file/d/1bQuud29K49HPO9Yrhf9vu0E2wBuNWCC5/view?usp=drivesdk
Levantamento de halteres de 4 maneiras (2).gif,image/gif,gifs e animaçoes/Gifs com Bonecos/500 Gifs de Musculação/Ombros,https://drive.google.com/file/d/1fY5Dt7Y-kSo9vdA-z9AMee3Gv-HLn8Ti/view?usp=drivesdk
Elevação lateral e frontal com halteres.gif,image/gif,gifs e animaçoes/Gifs com Bonecos/500 Gifs de Musculação/Ombros,https://drive.google.com/file/d/1pOs6FU6d_Rax48LaUTnuXaZO7gsOC75G/view?usp=drivesdk
Levantamento frontal de cabo com dois braços.gif,image/gif,gifs e animaçoes/Gifs com Bonecos/500 Gifs de Musculação/Ombros,https://drive.google.com/file/d/1paAnTh8xOZhL11Eo72OXQf7FtDOD-fs1/view?usp=drivesdk
Remada inclinada a 45 graus.gif,image/gif,gifs e animaçoes/Gifs com Bonecos/500 Gifs de Musculação/Ombros,https://drive.google.com/file/d/1znAxJ4LR9OBEav9szD3aHIm3K_zKJXrP/view?usp=drivesdk
Desenvolvimento de ombro na máquina (pegada martelo).gif,image/gif,gifs e animaçoes/Gifs com Bonecos/500 Gifs de Musculação/Ombros,https://drive.google.com/file/d/14HnQb_RZyw2eQKGwkLJ2Uugvf2pdVPyH/view?usp=drivesdk
Elevação lateral com halteres com apoio no peito.gif,image/gif,gifs e animaçoes/Gifs com Bonecos/500 Gifs de Musculação/Ombros,https://drive.google.com/file/d/15_B7x2NyenVWYVf7xSRUKIOIMfCw05PR/view?usp=drivesdk
Elevação lateral com barra no chão.gif,image/gif,gifs e animaçoes/Gifs com Bonecos/500 Gifs de Musculação/Ombros,https://drive.google.com/file/d/1BMq6E1_mzy9KL4gp5ZgWbECGf80-zO-v/view?usp=drivesdk
Desenvolvimento de Ombro no Banco com Halteres.gif,image/gif,gifs e animaçoes/Gifs com Bonecos/500 Gifs de Musculação/Ombros,https://drive.google.com/file/d/1BT-hpxt9FlE2D33bLYlgEOJOmnajn0Ce/view?usp=drivesdk
Elevação frontal com barra w inclinada.gif,image/gif,gifs e animaçoes/Gifs com Bonecos/500 Gifs de Musculação/Ombros,https://drive.google.com/file/d/1BYPPq4CjtICDDYWO6OjM4WuoMa-sH4IB/view?usp=drivesdk
Remada de deltoide posterior sentado com haltere.gif,image/gif,gifs e animaçoes/Gifs com Bonecos/500 Gifs de Musculação/Ombros,https://drive.google.com/file/d/1Cq4iwAE4Ulo4aX1hizjHyfk_G0B6VYIf/view?usp=drivesdk
Desenvolvimento arnold com um braço.gif,image/gif,gifs e animaçoes/Gifs com Bonecos/500 Gifs de Musculação/Ombros,https://drive.google.com/file/d/1F2Y24u_TemAj2uPsjGS_BhLDCG_mNoQW/view?usp=drivesdk
Elevação lateral unilateral com haltere inclinado.gif,image/gif,gifs e animaçoes/Gifs com Bonecos/500 Gifs de Musculação/Ombros,https://drive.google.com/file/d/1GiwZMj1IWQnZ00gpKK6Y8AFHF8yK9t0Q/view?usp=drivesdk
Elevação lateral com halteres sentado.gif,image/gif,gifs e animaçoes/Gifs com Bonecos/500 Gifs de Musculação/Ombros,https://drive.google.com/file/d/1O564p__aGQq3WtQ_9dlr_-YaYgLiAKCv/view?usp=drivesdk
Desenvolvimento militar com barra.gif,image/gif,gifs e animaçoes/Gifs com Bonecos/500 Gifs de Musculação/Ombros,https://drive.google.com/file/d/1VTzlFoF13W42tAdGt1je0LroJWpXXFRk/view?usp=drivesdk
Elevação lateral com braço flexionado.gif,image/gif,gifs e animaçoes/Gifs com Bonecos/500 Gifs de Musculação/Ombros,https://drive.google.com/file/d/1fdiMHBWq5FHwHp7sBPl2c4bx9zIpVmtw/view?usp=drivesdk
Elevação lateral cruzada no crossover.gif,image/gif,gifs e animaçoes/Gifs com Bonecos/500 Gifs de Musculação/Ombros,https://drive.google.com/file/d/1krRueTRcp_awGIW1i9-NrSXl0PyU01uT/view?usp=drivesdk
Desenvolvimento de ombros na máquina.gif,image/gif,gifs e animaçoes/Gifs com Bonecos/500 Gifs de Musculação/Ombros,https://drive.google.com/file/d/1p3Y_KUSIj_Lz3nmoSZqKgVsd615qpzfM/view?usp=drivesdk
Elevação lateral unilateral com cabo.gif,image/gif,gifs e animaçoes/Gifs com Bonecos/500 Gifs de Musculação/Ombros,https://drive.google.com/file/d/1r5lHgMfhJwhjmI4yp_2xnYhworZMzzmF/view?usp=drivesdk
Elevação lateral com halteres para deltoides posteriores deitado.gif,image/gif,gifs e animaçoes/Gifs com Bonecos/500 Gifs de Musculação/Ombros,https://drive.google.com/file/d/1ynw9xWNKKeOA0PMtLRhrdkLCPAyLXoqc/view?usp=drivesdk
Elevação lateral com tronco inclinado.gif,image/gif,gifs e animaçoes/Gifs com Bonecos/500 Gifs de Musculação/Ombros,https://drive.google.com/file/d/1-pPNaiVYh9qoWKC1MhwpLMqeh2vR6Ulr/view?usp=drivesdk
Desenvolvimento de ombro unilateral com halter.gif,image/gif,gifs e animaçoes/Gifs com Bonecos/500 Gifs de Musculação/Ombros,https://drive.google.com/file/d/102a31whOiEnOkiV0x9vY0YNxl0OKrfwC/view?usp=drivesdk
Elevação lateral na máquina.gif,image/gif,gifs e animaçoes/Gifs com Bonecos/500 Gifs de Musculação/Ombros,https://drive.google.com/file/d/10UQJbMDibXiyqd9ZmjnYCXGJakotDvC5/view?usp=drivesdk
Desenvolvimento militar de uma mão com kettlebell.gif,image/gif,gifs e animaçoes/Gifs com Bonecos/500 Gifs de Musculação/Ombros,https://drive.google.com/file/d/15GttzHzVeY4tP_K8DnZm2JFrLBab8sZA/view?usp=drivesdk
Desenvolvimento militar inclinado com barra presa no chão.gif,image/gif,gifs e animaçoes/Gifs com Bonecos/500 Gifs de Musculação/Ombros,https://drive.google.com/file/d/18JCycdyrdv9EtUg0vxjTEfOpGNrHE6BI/view?usp=drivesdk
Desenvolvimento de ombro com barra sentado.gif,image/gif,gifs e animaçoes/Gifs com Bonecos/500 Gifs de Musculação/Ombros,https://drive.google.com/file/d/1FaAwEhjfwmI3C3AXB5RXgIsOXQP_nruJ/view?usp=drivesdk
Elevação frontal com halteres.gif,image/gif,gifs e animaçoes/Gifs com Bonecos/500 Gifs de Musculação/Ombros,https://drive.google.com/file/d/1KmrDScqjpi7cyr3rORxGvm-PT1nHh_BV/view?usp=drivesdk
Desenvolvimento de Ombros com Rotação Alternada com Halteres.gif,image/gif,gifs e animaçoes/Gifs com Bonecos/500 Gifs de Musculação/Ombros,https://drive.google.com/file/d/1Uh00B3dZU3OEHfnZwLfqCDQcb-zUI72e/view?usp=drivesdk
Elevação frontal com barra girando.gif,image/gif,gifs e animaçoes/Gifs com Bonecos/500 Gifs de Musculação/Ombros,https://drive.google.com/file/d/1c7e0_SELFSt2ozTBLF6dfDNTmoeTj67x/view?usp=drivesdk
Desenvolvimento de ombros atrás do pescoço sentado.gif,image/gif,gifs e animaçoes/Gifs com Bonecos/500 Gifs de Musculação/Ombros,https://drive.google.com/file/d/1e6CEuPfp4IPdPajeSl4O7nu4sWY3AXAK/view?usp=drivesdk
Desenvolvimento militar com pegada fechada.gif,image/gif,gifs e animaçoes/Gifs com Bonecos/500 Gifs de Musculação/Ombros,https://drive.google.com/file/d/1j0gtqaPJHlxz2jU1k4-O0B2ngpHtqHJC/view?usp=drivesdk
Desenvolvimento de ombro reversa na máquina.gif,image/gif,gifs e animaçoes/Gifs com Bonecos/500 Gifs de Musculação/Ombros,https://drive.google.com/file/d/1oIZ5JdGJPeK6kyjha1GTb81YBhEqnhMA/view?usp=drivesdk
Desenvolvimento de ombro deitado.gif,image/gif,gifs e animaçoes/Gifs com Bonecos/500 Gifs de Musculação/Ombros,https://drive.google.com/file/d/1q1T19eYHNXydKhD7LkQnTbuQ002K7YH7/view?usp=drivesdk
Desenvolvimento de Ombro Alternada em Pé com Halteres.gif,image/gif,gifs e animaçoes/Gifs com Bonecos/500 Gifs de Musculação/Ombros,https://drive.google.com/file/d/1tlwkpiyHUOjJ6ovHsZoZZASZkyV7mktI/view?usp=drivesdk
Desenvolvimento de ombros com halteres em pé com pegada neutra.gif,image/gif,gifs e animaçoes/Gifs com Bonecos/500 Gifs de Musculação/Ombros,https://drive.google.com/file/d/1xzGoyiFAlbdUAl-DiiUxODie5pS6shZn/view?usp=drivesdk
Desenvolvimento de ombro na máquina.gif,image/gif,gifs e animaçoes/Gifs com Bonecos/500 Gifs de Musculação/Ombros,https://drive.google.com/file/d/1yY4IGtEfwaiyLU_AQ1ADHAMAiwGDIS1Y/view?usp=drivesdk
Desenvolvimento Arnold (metade).gif,image/gif,gifs e animaçoes/Gifs com Bonecos/500 Gifs de Musculação/Ombros,https://drive.google.com/file/d/13BObd4GSVWp5vyIEItkvgxpGDcPEeUPA/view?usp=drivesdk
Desenvolvimento de ombros com barra W com pegada invertida.gif,image/gif,gifs e animaçoes/Gifs com Bonecos/500 Gifs de Musculação/Ombros,https://drive.google.com/file/d/152nKITPOgcY-P-u42rMbNatf0q3Ti7JB/view?usp=drivesdk
Desenvolvimento militar em pé na máquina Smith.gif,image/gif,gifs e animaçoes/Gifs com Bonecos/500 Gifs de Musculação/Ombros,https://drive.google.com/file/d/16JTSHgm_xNuEtSPi1s5WMn--eGwxjvIb/view?usp=drivesdk
Desenvolvimento de ombro com halteres em forma de W.gif,image/gif,gifs e animaçoes/Gifs com Bonecos/500 Gifs de Musculação/Ombros,https://drive.google.com/file/d/16Xx5jJ5YFfSMSUdOvoIbIoBYAX9iFz-d/view?usp=drivesdk
Desenvolvimento cubano sentado com halteres.gif,image/gif,gifs e animaçoes/Gifs com Bonecos/500 Gifs de Musculação/Ombros,https://drive.google.com/file/d/1DF8lmx_ZyNfpB3bAJfiTturzM4GPwJF3/view?usp=drivesdk
Círculos de Braço com Pesos.gif,image/gif,gifs e animaçoes/Gifs com Bonecos/500 Gifs de Musculação/Ombros,https://drive.google.com/file/d/1SY6041Vr6O_3q_dLFkNNFtNG74_Xg2F9/view?usp=drivesdk
Desenvolvimento de ombro com cabo.gif,image/gif,gifs e animaçoes/Gifs com Bonecos/500 Gifs de Musculação/Ombros,https://drive.google.com/file/d/1SaGtNH6IMDJ0HUpCLhWMNHOI-LxSS4a-/view?usp=drivesdk
Desenvolvimento de ombro com cabo ajoelhado.gif,image/gif,gifs e animaçoes/Gifs com Bonecos/500 Gifs de Musculação/Ombros,https://drive.google.com/file/d/1_5nCgKzqq_T-p7_3iq1HXAIB0AJJ26_x/view?usp=drivesdk
Elevação frontal com halteres sentado.gif,image/gif,gifs e animaçoes/Gifs com Bonecos/500 Gifs de Musculação/Ombros,https://drive.google.com/file/d/1bvZ2Vz-tH23aOchYS_EQCtb1OxLU-4Y6/view?usp=drivesdk
Desenvolvimento de ombros atrás da cabeça na máquina Smith.gif,image/gif,gifs e animaçoes/Gifs com Bonecos/500 Gifs de Musculação/Ombros,https://drive.google.com/file/d/1e-uqUcwNYk9UkKz95E3nbjOtyKt4xwVi/view?usp=drivesdk
Desenvolvimento de ombros na máquina Smith.gif,image/gif,gifs e animaçoes/Gifs com Bonecos/500 Gifs de Musculação/Ombros,https://drive.google.com/file/d/1foCi-OZNj8mK7kXsp7p7JnTDjW-Pb-HQ/view?usp=drivesdk
elevação frontal com cabo duplo no cross.gif,image/gif,gifs e animaçoes/Gifs com Bonecos/500 Gifs de Musculação/Ombros,https://drive.google.com/file/d/1q8eUp-_P9wbHgE7zZb4lNVaRtW9bbxub/view?usp=drivesdk
Desenvolvimento militar com barra no chão ajoelhado.gif,image/gif,gifs e animaçoes/Gifs com Bonecos/500 Gifs de Musculação/Ombros,https://drive.google.com/file/d/1s0q5vUccK_Ix6LMflePwLgVpKLFnV2-m/view?usp=drivesdk
Crucifixo inverso unilateral com cabo.gif,image/gif,gifs e animaçoes/Gifs com Bonecos/500 Gifs de Musculação/Ombros,https://drive.google.com/file/d/1wqxVq5UDwE3WzRu8pXFFfriyx-LFSXyq/view?usp=drivesdk
Desenvolvimento Arnold.gif,image/gif,gifs e animaçoes/Gifs com Bonecos/500 Gifs de Musculação/Ombros,https://drive.google.com/file/d/1wzbkxGbljmYabeAnjlFb8dT5jC7Ufi_m/view?usp=drivesdk
Desenvolvimento Cubano com Halteres.gif,image/gif,gifs e animaçoes/Gifs com Bonecos/500 Gifs de Musculação/Ombros,https://drive.google.com/file/d/1y2E1B0LbzYr-Umw49vQF8GSJsS_PKgla/view?usp=drivesdk
Esteira Ergométrica.gif,image/gif,gifs e animaçoes/Gifs com Bonecos/500 Gifs de Musculação/Cardio Academia,https://drive.google.com/file/d/1AstbFQ2aw7WguCv37WeCWH8m5k4vQFVy/view?usp=drivesdk
Hands Bike.gif,image/gif,gifs e animaçoes/Gifs com Bonecos/500 Gifs de Musculação/Cardio Academia,https://drive.google.com/file/d/1UJRcnhHmB1wEyB_CC-HrAj3DPF7zUx29/view?usp=drivesdk
Airbike.gif,image/gif,gifs e animaçoes/Gifs com Bonecos/500 Gifs de Musculação/Cardio Academia,https://drive.google.com/file/d/1lBjO046XF2UdMmqBpEh-0IsyYAg2lTWy/view?usp=drivesdk
Máquina Simulador Escada.gif,image/gif,gifs e animaçoes/Gifs com Bonecos/500 Gifs de Musculação/Cardio Academia,https://drive.google.com/file/d/1rPKPUB-d_qSNWChnB8cmqjWH7BQMSaSi/view?usp=drivesdk
Esteira com Inclinação.gif,image/gif,gifs e animaçoes/Gifs com Bonecos/500 Gifs de Musculação/Cardio Academia,https://drive.google.com/file/d/11v00eb3OmF8qZRP23wcDgRM1s2dOnYj1/view?usp=drivesdk
Corrida na Bicicleta Ergométrica.gif,image/gif,gifs e animaçoes/Gifs com Bonecos/500 Gifs de Musculação/Cardio Academia,https://drive.google.com/file/d/1JZX5IFppfpzTBMJ7V4frEHFnLw2a1Nj4/view?usp=drivesdk
Bicicleta Ergométrica Reclinada.gif,image/gif,gifs e animaçoes/Gifs com Bonecos/500 Gifs de Musculação/Cardio Academia,https://drive.google.com/file/d/1Ph_qOJiAGIwAKTzrf7rq9Cn81ZmoE871/view?usp=drivesdk
Máquina de Caminhada Ondulatório.gif,image/gif,gifs e animaçoes/Gifs com Bonecos/500 Gifs de Musculação/Cardio Academia,https://drive.google.com/file/d/1UIJJNLW7g9dYoX8oU69cJWm0hqKwh9th/view?usp=drivesdk
Bike.gif,image/gif,gifs e animaçoes/Gifs com Bonecos/500 Gifs de Musculação/Cardio Academia,https://drive.google.com/file/d/1d_EXt-XQVn86WvIVvPEjrXEQDUIC96X8/view?usp=drivesdk
Máquina Elíptica.gif,image/gif,gifs e animaçoes/Gifs com Bonecos/500 Gifs de Musculação/Cardio Academia,https://drive.google.com/file/d/1oZyCSfo7l8lbb-6uYoBEGJjHJy7sHD7h/view?usp=drivesdk
Plataforma Vibratória.gif,image/gif,gifs e animaçoes/Gifs com Bonecos/500 Gifs de Musculação/Cardio Academia,https://drive.google.com/file/d/1y-XJdNoErVj4rQzWczXDkK1Mdymn3Ee3/view?usp=drivesdk
Flexão de Pulso Neutra Sentado com Halteres.gif,image/gif,gifs e animaçoes/Gifs com Bonecos/500 Gifs de Musculação/Antebraços,https://drive.google.com/file/d/15ahLoZjylXjnmyV7Pkrn4E1fLyCqepWz/view?usp=drivesdk
Rosca de Punho Reversa com Barra.gif,image/gif,gifs e animaçoes/Gifs com Bonecos/500 Gifs de Musculação/Antebraços,https://drive.google.com/file/d/1UcgVrzc3OMRHhydO3l8N6TdvrMJPgc2B/view?usp=drivesdk
Flexão de Punho Reversa com Anilha.gif,image/gif,gifs e animaçoes/Gifs com Bonecos/500 Gifs de Musculação/Antebraços,https://drive.google.com/file/d/1Vln32OhLfGvydBgQnzpcvBpSMeRhRAc6/view?usp=drivesdk
Antebraços.gif,image/gif,gifs e animaçoes/Gifs com Bonecos/500 Gifs de Musculação/Antebraços,https://drive.google.com/file/d/1jsGIFhx3kiiyG0RpL-eLZgIjhdhca8dz/view?usp=drivesdk
Rosca de dedo com barra.gif,image/gif,gifs e animaçoes/Gifs com Bonecos/500 Gifs de Musculação/Antebraços,https://drive.google.com/file/d/1kLPcP-Gmm4aZQI5w0Ii8Kx8siSFv3AQM/view?usp=drivesdk
Rosca Inversa com Barra.gif,image/gif,gifs e animaçoes/Gifs com Bonecos/500 Gifs de Musculação/Antebraços,https://drive.google.com/file/d/1n0FSFAi9PafxjXTq7z8wW9yqnxXhA9iU/view?usp=drivesdk
Flexão de Punho Reversa com Barra Sobre um Banco.gif,image/gif,gifs e animaçoes/Gifs com Bonecos/500 Gifs de Musculação/Antebraços,https://drive.google.com/file/d/12LrgCQy4kfvMuZc_KHWn4lO_qv_2rcKj/view?usp=drivesdk
Rosca de Dedos com Halteres.gif,image/gif,gifs e animaçoes/Gifs com Bonecos/500 Gifs de Musculação/Antebraços,https://drive.google.com/file/d/12dgjHnVLR113H83eQ5DN-dHx2L0CWSB2/view?usp=drivesdk
Rosca de Punho com Barra Atrás das Costas.gif,image/gif,gifs e animaçoes/Gifs com Bonecos/500 Gifs de Musculação/Antebraços,https://drive.google.com/file/d/18APqHLP-rcwZrxykht30BsGzjVM6iA4t/view?usp=drivesdk
Flexão de Punho com Halteres.gif,image/gif,gifs e animaçoes/Gifs com Bonecos/500 Gifs de Musculação/Antebraços,https://drive.google.com/file/d/1IiSw6li1b3FvxXSAtnyv2qdQdN9Vl-2j/view?usp=drivesdk
Rosca de Punho Pegada Neutra com Anilhas.gif,image/gif,gifs e animaçoes/Gifs com Bonecos/500 Gifs de Musculação/Antebraços,https://drive.google.com/file/d/1SxEXmrRz10Kc43g5wGNPHFzfQA8IlzJ8/view?usp=drivesdk
Hand Grip.gif,image/gif,gifs e animaçoes/Gifs com Bonecos/500 Gifs de Musculação/Antebraços,https://drive.google.com/file/d/1VHK1y7DSTNtfFaJ7UNQ758BeIe_Gub8W/view?usp=drivesdk
Rolinho de antebraço.gif,image/gif,gifs e animaçoes/Gifs com Bonecos/500 Gifs de Musculação/Antebraços,https://drive.google.com/file/d/1gZbnswAq4f0R7yj0IpVoJfscmgL1ba8T/view?usp=drivesdk
Flexão de Punho com Cabo em um Braço no Chão.gif,image/gif,gifs e animaçoes/Gifs com Bonecos/500 Gifs de Musculação/Antebraços,https://drive.google.com/file/d/1n-y2RLmS6E7VbOQwV--vGava0a03DV3C/view?usp=drivesdk
Rosca de punho com barra.gif,image/gif,gifs e animaçoes/Gifs com Bonecos/500 Gifs de Musculação/Antebraços,https://drive.google.com/file/d/1vz0twfwPd8_9YeM5OHsE1BeaaDACIy3W/view?usp=drivesdk
Extensão de Quadril com Cabo.gif,image/gif,gifs e animaçoes/Gifs com Bonecos/500 Gifs de Musculação/Glúteos,https://drive.google.com/file/d/10pZytb43bIH3XQxaUTxGqEZ7fma4Xmin/view?usp=drivesdk
Glúteo Coice Na Máquina.gif,image/gif,gifs e animaçoes/Gifs com Bonecos/500 Gifs de Musculação/Glúteos,https://drive.google.com/file/d/151D9l3FJVqDcU46vO96LDXJNWp5Yoj2J/view?usp=drivesdk
Elevação Pélvica com Banda de Resistência.gif,image/gif,gifs e animaçoes/Gifs com Bonecos/500 Gifs de Musculação/Glúteos,https://drive.google.com/file/d/159t9mslqrIDJJxgQJfIjQc_x_34-prvh/view?usp=drivesdk
Abdução de quadril com cabo.gif,image/gif,gifs e animaçoes/Gifs com Bonecos/500 Gifs de Musculação/Glúteos,https://drive.google.com/file/d/1ARKDlu97IQMIFS1bmaa-fEp4iFf45J_V/view?usp=drivesdk
Gluteos Coice nilateral Polia Baixa.gif,image/gif,gifs e animaçoes/Gifs com Bonecos/500 Gifs de Musculação/Glúteos,https://drive.google.com/file/d/1BrEtzVWz5p0_5NPqXQJULgnnJhh_Rj3K/view?usp=drivesdk
Elevação Pélvica na Máquina Smith.gif,image/gif,gifs e animaçoes/Gifs com Bonecos/500 Gifs de Musculação/Glúteos,https://drive.google.com/file/d/1OJsW-yoCvD2gtIaUOERQts7s2vfKbucv/view?usp=drivesdk
Abdução de Quadril com Ponte.gif,image/gif,gifs e animaçoes/Gifs com Bonecos/500 Gifs de Musculação/Glúteos,https://drive.google.com/file/d/1RYUeqNXyyg5TITHCEG2nGFTT7ugj7lGX/view?usp=drivesdk
Extensão de Perna na Máquina Smith Reversa.gif,image/gif,gifs e animaçoes/Gifs com Bonecos/500 Gifs de Musculação/Glúteos,https://drive.google.com/file/d/1UGAR2IrMD0sOilwBzMvetwlPS00aCbzw/view?usp=drivesdk
Máquina de Abdução de Quadril.gif,image/gif,gifs e animaçoes/Gifs com Bonecos/500 Gifs de Musculação/Glúteos,https://drive.google.com/file/d/1Yws2h3alMIVUP3OaexKJlEJnFQqa69Rs/view?usp=drivesdk
Elevação Pélvica Com Barra Declinado.gif,image/gif,gifs e animaçoes/Gifs com Bonecos/500 Gifs de Musculação/Glúteos,https://drive.google.com/file/d/1_FtQsVvIBarM20aweexjwmQGIK2yV9Ro/view?usp=drivesdk
Elevação Pélvica na Máquina de Extensão de Pernas.gif,image/gif,gifs e animaçoes/Gifs com Bonecos/500 Gifs de Musculação/Glúteos,https://drive.google.com/file/d/1aOO4oVbM2gKXhEBgLtqeBpyWBFCpH8Zg/view?usp=drivesdk
Ponte com Halteres.gif,image/gif,gifs e animaçoes/Gifs com Bonecos/500 Gifs de Musculação/Glúteos,https://drive.google.com/file/d/1u5bDsTffR-Sv60rKSR26x1HK58HTJuNO/view?usp=drivesdk
Glúteo Coice Na Alavanca.gif,image/gif,gifs e animaçoes/Gifs com Bonecos/500 Gifs de Musculação/Glúteos,https://drive.google.com/file/d/15haK7zB_dt_cP01_t0lKYYEyCOI1-0hd/view?usp=drivesdk
Quatro Apoios.gif,image/gif,gifs e animaçoes/Gifs com Bonecos/500 Gifs de Musculação/Glúteos,https://drive.google.com/file/d/1A_jArpDnYtj9FvRfeUVwSsFcjEwLBdyk/view?usp=drivesdk
Glúteos na Polia Baixa.gif,image/gif,gifs e animaçoes/Gifs com Bonecos/500 Gifs de Musculação/Glúteos,https://drive.google.com/file/d/1KDAqSfNnKhH6lrs8GQZ7K5mU1CYbeE8u/view?usp=drivesdk
Elevação Pélvica Unilateral Com Barra.gif,image/gif,gifs e animaçoes/Gifs com Bonecos/500 Gifs de Musculação/Glúteos,https://drive.google.com/file/d/1js8qkcgqzxiyQn_8BwpZaDD0-Ha9iYb3/view?usp=drivesdk
Puxada De Cabo Ajoelhada.gif,image/gif,gifs e animaçoes/Gifs com Bonecos/500 Gifs de Musculação/Glúteos,https://drive.google.com/file/d/1qlQG4534h8-c0-ieCG4gdvQQxUCX8mQj/view?usp=drivesdk
Elevação Pélvica Na Máquina.gif,image/gif,gifs e animaçoes/Gifs com Bonecos/500 Gifs de Musculação/Glúteos,https://drive.google.com/file/d/1-sE6GemHR7SOWZXkX71TLRpRMszrt--a/view?usp=drivesdk
Extensão de Quadril em Pé com Alavanca.gif,image/gif,gifs e animaçoes/Gifs com Bonecos/500 Gifs de Musculação/Glúteos,https://drive.google.com/file/d/18ifn7925akQytM8YCqI7y2Q8_5pcwbOY/view?usp=drivesdk
Elevação Pélvica Com Barra.gif,image/gif,gifs e animaçoes/Gifs com Bonecos/500 Gifs de Musculação/Glúteos,https://drive.google.com/file/d/1otv920LKyJIiXUiU4I9xshXM0pmMIy2p/view?usp=drivesdk
Abdução Lateral do Quadril com Alavanca.gif,image/gif,gifs e animaçoes/Gifs com Bonecos/500 Gifs de Musculação/Glúteos,https://drive.google.com/file/d/1pffYG0DBw5RooDu4kK8CJf26Oru2drJA/view?usp=drivesdk
Glúteo Coice Na Máquina De Extensão De Pernas.gif,image/gif,gifs e animaçoes/Gifs com Bonecos/500 Gifs de Musculação/Glúteos,https://drive.google.com/file/d/1OX7v60t60tJ-wqaPJ1-U3YNwV6Kd7yk7/view?usp=drivesdk
Agachamento na Máquina Abdutora.gif,image/gif,gifs e animaçoes/Gifs com Bonecos/500 Gifs de Musculação/Glúteos,https://drive.google.com/file/d/1Qe_AsEAnfHoOA6yLY7eCFUWZ6mYCjTA5/view?usp=drivesdk
Glúteo Coice No Smith.gif,image/gif,gifs e animaçoes/Gifs com Bonecos/500 Gifs de Musculação/Glúteos,https://drive.google.com/file/d/1Ri6oZWPcHPMxZr5ZbF_sYknaDofpMDRT/view?usp=drivesdk
Remada Inclinada com Cabo.gif,image/gif,gifs e animaçoes/Gifs com Bonecos/500 Gifs de Musculação/Costas,https://drive.google.com/file/d/16ZDsYAr-nxn94d8SQTYqlvvilFR7cY7J/view?usp=drivesdk
Remada Curvada com Barra.gif,image/gif,gifs e animaçoes/Gifs com Bonecos/500 Gifs de Musculação/Costas,https://drive.google.com/file/d/1T7oT-SQlJ6bYr6ebD0OeiwBhCqg1_oDj/view?usp=drivesdk
Remada frontal com alavanca.gif,image/gif,gifs e animaçoes/Gifs com Bonecos/500 Gifs de Musculação/Costas,https://drive.google.com/file/d/1WwRt4S04Z7BaVJPPeL_hhwEBV6-tqpYe/view?usp=drivesdk
Remada sentado com cabo pegada fechada.gif,image/gif,gifs e animaçoes/Gifs com Bonecos/500 Gifs de Musculação/Costas,https://drive.google.com/file/d/18g-aYMF8hNsS8RnOnlwdO6xI_cCiGGgT/view?usp=drivesdk
Puxada alta na Máquina Nuca.gif,image/gif,gifs e animaçoes/Gifs com Bonecos/500 Gifs de Musculação/Costas,https://drive.google.com/file/d/1G9nTIyxqr3E0rNHJ-LeEjUASC7to_46b/view?usp=drivesdk
Puxada Alta Invertida.gif,image/gif,gifs e animaçoes/Gifs com Bonecos/500 Gifs de Musculação/Costas,https://drive.google.com/file/d/1HfbSLM7Tk5s5pKx9CCrR2yuF1GQFgiPq/view?usp=drivesdk
Remada Renegada com Halteres.gif,image/gif,gifs e animaçoes/Gifs com Bonecos/500 Gifs de Musculação/Costas,https://drive.google.com/file/d/1NhsimqWNPMLWI-78sny7fRkj_ZEoFJZo/view?usp=drivesdk
Remada cruzada no cross.gif,image/gif,gifs e animaçoes/Gifs com Bonecos/500 Gifs de Musculação/Costas,https://drive.google.com/file/d/1P6-WimUUkmdc077Y16u4jFMy6eA-guMb/view?usp=drivesdk
Remada T invertida com alavanca.gif,image/gif,gifs e animaçoes/Gifs com Bonecos/500 Gifs de Musculação/Costas,https://drive.google.com/file/d/1_KHxZuEfxVmBEEhNhdwJLDeCHTlChwl3/view?usp=drivesdk
Remada curvada com halteres com pegada invertida.gif,image/gif,gifs e animaçoes/Gifs com Bonecos/500 Gifs de Musculação/Costas,https://drive.google.com/file/d/1lcCpj0vSsZlBieAZ3aodlWbOQQw48CZu/view?usp=drivesdk
Remada de espingarda.gif,image/gif,gifs e animaçoes/Gifs com Bonecos/500 Gifs de Musculação/Costas,https://drive.google.com/file/d/1msLm-nVB5H98kapAPsjWHfSHwB2FLrmP/view?usp=drivesdk
Remada Sentada com Corda na Polia.gif,image/gif,gifs e animaçoes/Gifs com Bonecos/500 Gifs de Musculação/Costas,https://drive.google.com/file/d/1oxWUvUwUtMLim3A9h84qgt0jMcntdOQg/view?usp=drivesdk
Remada Sentada na Máquina.gif,image/gif,gifs e animaçoes/Gifs com Bonecos/500 Gifs de Musculação/Costas,https://drive.google.com/file/d/1qljoZtWenLnzSDSvzT4yqFV_ibNXpGd1/view?usp=drivesdk
Remada Sentada com Anilhas.gif,image/gif,gifs e animaçoes/Gifs com Bonecos/500 Gifs de Musculação/Costas,https://drive.google.com/file/d/1rmwUs2KMOmU257RBfhwkj69THsoYrJI-/view?usp=drivesdk
Puxada Alta Neutra com Cabos Duplos no Chão.gif,image/gif,gifs e animaçoes/Gifs com Bonecos/500 Gifs de Musculação/Costas,https://drive.google.com/file/d/1s8-zhGhdo5inUrYDde1nQsOSAdJ8ZtVA/view?usp=drivesdk
Remada T com alavanca.gif,image/gif,gifs e animaçoes/Gifs com Bonecos/500 Gifs de Musculação/Costas,https://drive.google.com/file/d/1sLruDUb_1jAqwsK5pbmBTgWblSPlhtHv/view?usp=drivesdk
Remada com Halteres em Posição Prancha.gif,image/gif,gifs e animaçoes/Gifs com Bonecos/500 Gifs de Musculação/Costas,https://drive.google.com/file/d/17KO8F_-IG81J4n2beYcVNChhA2HHa8PV/view?usp=drivesdk
Puxada alta na polia nuca.gif,image/gif,gifs e animaçoes/Gifs com Bonecos/500 Gifs de Musculação/Costas,https://drive.google.com/file/d/1Fa2J5OgWyqaa4uLdpOnN4McLPtZAofAa/view?usp=drivesdk
Puxada Alta com Triângulo.gif,image/gif,gifs e animaçoes/Gifs com Bonecos/500 Gifs de Musculação/Costas,https://drive.google.com/file/d/1FaU5Bwq_2W_ba96WDLQ62YYdvrj-9jbi/view?usp=drivesdk
Pulldown Unilateral no Cabo.gif,image/gif,gifs e animaçoes/Gifs com Bonecos/500 Gifs de Musculação/Costas,https://drive.google.com/file/d/1G1pcxIvUjujQw_NWD_03gdrkfSpf3xgh/view?usp=drivesdk
Remada Inclinada no banco com Cabo.gif,image/gif,gifs e animaçoes/Gifs com Bonecos/500 Gifs de Musculação/Costas,https://drive.google.com/file/d/1OPWX8Lj7wl9d3nz3B-2Q_fVl-WRyTSEz/view?usp=drivesdk
Puxada alta unilateral alta ajoelhada.gif,image/gif,gifs e animaçoes/Gifs com Bonecos/500 Gifs de Musculação/Costas,https://drive.google.com/file/d/1Q3SGZVXtd2nUoKkM9HI0hKW51hHCjql1/view?usp=drivesdk
Barra Fixa Assistida.gif,image/gif,gifs e animaçoes/Gifs com Bonecos/500 Gifs de Musculação/Costas,https://drive.google.com/file/d/1RwB6u9WPBaHPGCTdL-kV24bTiXG-GAfk/view?usp=drivesdk
Levantamento Terra.gif,image/gif,gifs e animaçoes/Gifs com Bonecos/500 Gifs de Musculação/Costas,https://drive.google.com/file/d/1SZTPp4cifDOz3yjOFquk-PJXgLRPt5mh/view?usp=drivesdk
Remada com Cabo Sentada Unilateral com Torção.gif,image/gif,gifs e animaçoes/Gifs com Bonecos/500 Gifs de Musculação/Costas,https://drive.google.com/file/d/1UizkIAPzOrgxe1iFBHCfPBILjvnBkHAE/view?usp=drivesdk
Pullover na Máquina de Alavanca.gif,image/gif,gifs e animaçoes/Gifs com Bonecos/500 Gifs de Musculação/Costas,https://drive.google.com/file/d/1gNqcJDasYCcEmawPgoIqkuNfmxDVWhKb/view?usp=drivesdk
Puxada com Um Braço com Cabo.gif,image/gif,gifs e animaçoes/Gifs com Bonecos/500 Gifs de Musculação/Costas,https://drive.google.com/file/d/1jGw76YPDYQcglDWsL0QCmzlYs7L3f6SO/view?usp=drivesdk
Remada curvada com barra de pegada alternada ampla com adução de escapula.gif,image/gif,gifs e animaçoes/Gifs com Bonecos/500 Gifs de Musculação/Costas,https://drive.google.com/file/d/1laQZcm_ZgI409JCSvjdrWIDJnnWvTblm/view?usp=drivesdk
Remada Inclinada com Pegada Neutra com Halteres.gif,image/gif,gifs e animaçoes/Gifs com Bonecos/500 Gifs de Musculação/Costas,https://drive.google.com/file/d/1mayG_a150WitL20ZWP-spjmqng2tZJiQ/view?usp=drivesdk
Puxada na Polia Alta com Pegada Fechada.gif,image/gif,gifs e animaçoes/Gifs com Bonecos/500 Gifs de Musculação/Costas,https://drive.google.com/file/d/1o1XJiVo-KtZmDo6O9KNMFq2UrA7nDUWx/view?usp=drivesdk
Pulldown inclinado com corda.gif,image/gif,gifs e animaçoes/Gifs com Bonecos/500 Gifs de Musculação/Costas,https://drive.google.com/file/d/11YYzMvRug6wzwkzcfxTHBcrSh5gqmIqi/view?usp=drivesdk
Puxada Alta com Alavanca.gif,image/gif,gifs e animaçoes/Gifs com Bonecos/500 Gifs de Musculação/Costas,https://drive.google.com/file/d/13gN0LYTRh01Qk3xkgWbOziRRnQ68gg3L/view?usp=drivesdk
Puxada em Pé com Torção no Cabo.gif,image/gif,gifs e animaçoes/Gifs com Bonecos/500 Gifs de Musculação/Costas,https://drive.google.com/file/d/1P5qNCsjdvx1DDxnQs3UfkuReZRb80le2/view?usp=drivesdk
Pullover com Barra W Pegada invertida.gif,image/gif,gifs e animaçoes/Gifs com Bonecos/500 Gifs de Musculação/Costas,https://drive.google.com/file/d/1TcgTFn2YZCmKpXzaVSSAdWaH15F4eStN/view?usp=drivesdk
Puxada Alta.gif,image/gif,gifs e animaçoes/Gifs com Bonecos/500 Gifs de Musculação/Costas,https://drive.google.com/file/d/1VT_6UCED3IPzWsk5MRXmtIBE-nDLjzL-/view?usp=drivesdk
Pullover com Barra.gif,image/gif,gifs e animaçoes/Gifs com Bonecos/500 Gifs de Musculação/Costas,https://drive.google.com/file/d/1VlBjBCombRLT_U_KME-SBoE8gT_wqhvV/view?usp=drivesdk
Remada Curvada com Pegada Invertida na Barra.gif,image/gif,gifs e animaçoes/Gifs com Bonecos/500 Gifs de Musculação/Costas,https://drive.google.com/file/d/1aE276-CNLGW9yrVMkCqgPvlayFfSDp_-/view?usp=drivesdk
Puxada com Um Braço com Peso Adicional.gif,image/gif,gifs e animaçoes/Gifs com Bonecos/500 Gifs de Musculação/Costas,https://drive.google.com/file/d/1gwkWp6eemyBC7FWf61oVvDUeXyuhKI92/view?usp=drivesdk
Remada curvada com kettlebell.gif,image/gif,gifs e animaçoes/Gifs com Bonecos/500 Gifs de Musculação/Costas,https://drive.google.com/file/d/1hSgUt4TQFIjkPhJL_ErJieQd3mQIDEt_/view?usp=drivesdk
Pullover com barra no banco declinado.gif,image/gif,gifs e animaçoes/Gifs com Bonecos/500 Gifs de Musculação/Costas,https://drive.google.com/file/d/1hydImv18VdAlen45lmU7IlKkhHS9DGza/view?usp=drivesdk
Pullover com Cabo.gif,image/gif,gifs e animaçoes/Gifs com Bonecos/500 Gifs de Musculação/Costas,https://drive.google.com/file/d/1jwn47YpysXaBU6WIiJv5N13Jmpw1cs__/view?usp=drivesdk
Remada Inclinada com Pegada Reversa com Halteres.gif,image/gif,gifs e animaçoes/Gifs com Bonecos/500 Gifs de Musculação/Costas,https://drive.google.com/file/d/1m_vGd5ilDTNywVySmQRXlXORmTDxS6fU/view?usp=drivesdk
Pullover com cabo sentado.gif,image/gif,gifs e animaçoes/Gifs com Bonecos/500 Gifs de Musculação/Costas,https://drive.google.com/file/d/1wXghy_HAnfqrSpXXLTpIF8NAQtD61-sC/view?usp=drivesdk
Levantamento Terra Romeno.gif,image/gif,gifs e animaçoes/Gifs com Bonecos/500 Gifs de Musculação/Costas,https://drive.google.com/file/d/1xNhplCx2-mTI7OqGzsD93SK_NT_4kOx6/view?usp=drivesdk
Puxada Alta com Um Joelho Apoiado.gif,image/gif,gifs e animaçoes/Gifs com Bonecos/500 Gifs de Musculação/Costas,https://drive.google.com/file/d/1yZXnUBgv5zJW4DszfNHpZdoS1aAm6blG/view?usp=drivesdk
Máquina de remo.gif,image/gif,gifs e animaçoes/Gifs com Bonecos/500 Gifs de Musculação/Costas,https://drive.google.com/file/d/130kvEjN4YLdbUaUwI8GOYFFut4jUgXZA/view?usp=drivesdk
Pulldown com corda.gif,image/gif,gifs e animaçoes/Gifs com Bonecos/500 Gifs de Musculação/Costas,https://drive.google.com/file/d/1Jebnvs6JLyMN-4r6_9IwA3TcbRdxRZQg/view?usp=drivesdk
Barra fixa.gif,image/gif,gifs e animaçoes/Gifs com Bonecos/500 Gifs de Musculação/Costas,https://drive.google.com/file/d/1QY4SwsR1X3A35T7l6g0aSKSZPikLKPdJ/view?usp=drivesdk
Remada Curvada em T.gif,image/gif,gifs e animaçoes/Gifs com Bonecos/500 Gifs de Musculação/Costas,https://drive.google.com/file/d/1vwRw51ZEainRmT3ydDUycxf5g90zpuZI/view?usp=drivesdk
Rosca martelo sentada.gif,image/gif,gifs e animaçoes/Gifs com Bonecos/500 Gifs de Musculação/Bíceps,https://drive.google.com/file/d/1-yVgv9mivvLNF9sYB9gqfgvh3OLNLi5j/view?usp=drivesdk
Rosca de Bíceps com Puxada de Cabo.gif,image/gif,gifs e animaçoes/Gifs com Bonecos/500 Gifs de Musculação/Bíceps,https://drive.google.com/file/d/16mt0MKk3Euy4yYY6YSVoksSmHgyG6LMN/view?usp=drivesdk
Rosca bíceps com pegada fechada na barra W.gif,image/gif,gifs e animaçoes/Gifs com Bonecos/500 Gifs de Musculação/Bíceps,https://drive.google.com/file/d/17wdCZr86gR2-Ynfk03s87zZPqY-qkHmN/view?usp=drivesdk
Rosca bíceps unilateral.gif,image/gif,gifs e animaçoes/Gifs com Bonecos/500 Gifs de Musculação/Bíceps,https://drive.google.com/file/d/1Bf81Z7t4DL0InuR9CdVzWxuZBLEO807Q/view?usp=drivesdk
Rosca Bilateral com Cabo em Banco Inclinado.gif,image/gif,gifs e animaçoes/Gifs com Bonecos/500 Gifs de Musculação/Bíceps,https://drive.google.com/file/d/1CN1YzUqmbwI2bMAwMn_RZfkGT8-dtWmP/view?usp=drivesdk
Rosca Inversa com Halteres.gif,image/gif,gifs e animaçoes/Gifs com Bonecos/500 Gifs de Musculação/Bíceps,https://drive.google.com/file/d/1D87Ssvm6ub1Us4odZtLC5l2iwDcyZPeL/view?usp=drivesdk
Rosca spider com único haltere.gif,image/gif,gifs e animaçoes/Gifs com Bonecos/500 Gifs de Musculação/Bíceps,https://drive.google.com/file/d/1DBrKfhOx1X1uEFpBxBwBoANBDdmBrTmQ/view?usp=drivesdk
Rosca Scott com Alavanca.gif,image/gif,gifs e animaçoes/Gifs com Bonecos/500 Gifs de Musculação/Bíceps,https://drive.google.com/file/d/1K1OROWxndlqOG-AmKoBwirQGDYM_XPWY/view?usp=drivesdk
Rosca concentrada com cabo.gif,image/gif,gifs e animaçoes/Gifs com Bonecos/500 Gifs de Musculação/Bíceps,https://drive.google.com/file/d/1McyH_rHx4qM0zjDOf037nlGUihgJFjOL/view?usp=drivesdk
Rosca Scott com Halteres Martelo no Banco.gif,image/gif,gifs e animaçoes/Gifs com Bonecos/500 Gifs de Musculação/Bíceps,https://drive.google.com/file/d/1SD0Hr6H3m_ksCwGyUpMCpCEvJ8DstvAX/view?usp=drivesdk
Rosca de Bíceps com Halteres no Banco Scott.gif,image/gif,gifs e animaçoes/Gifs com Bonecos/500 Gifs de Musculação/Bíceps,https://drive.google.com/file/d/1bXbWkI7kKO2n_v2CarY6Pgn6peGjdiWj/view?usp=drivesdk
Rosca Direta com Cabo deitado.gif,image/gif,gifs e animaçoes/Gifs com Bonecos/500 Gifs de Musculação/Bíceps,https://drive.google.com/file/d/1dJ0xu5-noOZ9ba09d63ABc25DY0L2Ndr/view?usp=drivesdk
Rosca concentrada.gif,image/gif,gifs e animaçoes/Gifs com Bonecos/500 Gifs de Musculação/Bíceps,https://drive.google.com/file/d/1nbwvCwJckD13uAb3EH88jxwAnuQo8vdp/view?usp=drivesdk
Rosca Banco Inclinado.gif,image/gif,gifs e animaçoes/Gifs com Bonecos/500 Gifs de Musculação/Bíceps,https://drive.google.com/file/d/1uxFLupURDp2JJXS9Ticqwp1UruQs2qbv/view?usp=drivesdk
Rosca alternada com barra.gif,image/gif,gifs e animaçoes/Gifs com Bonecos/500 Gifs de Musculação/Bíceps,https://drive.google.com/file/d/11TZXlBhBggaXvpQz0-5M6Jk_cGCwgIVj/view?usp=drivesdk
Rosca no Cabo.gif,image/gif,gifs e animaçoes/Gifs com Bonecos/500 Gifs de Musculação/Bíceps,https://drive.google.com/file/d/1L2rIzMMP5O7NB8Bm4MQRGGNVjsmkYAxb/view?usp=drivesdk
Rosca no Cabo Deitado.png,image/png,gifs e animaçoes/Gifs com Bonecos/500 Gifs de Musculação/Bíceps,https://drive.google.com/file/d/1VlbQA5AaK1wNV3p2fUtZrVlbna8FmqYO/view?usp=drivesdk
Rosca bíceps unilateral com pegada invertida em cabo.gif,image/gif,gifs e animaçoes/Gifs com Bonecos/500 Gifs de Musculação/Bíceps,https://drive.google.com/file/d/1c6SaubaN80VNr5oJWiWm_fHL5GqT_7Re/view?usp=drivesdk
Rosca bíceps com cabo ajoelhado.gif,image/gif,gifs e animaçoes/Gifs com Bonecos/500 Gifs de Musculação/Bíceps,https://drive.google.com/file/d/1c7I38rq0FI_id8p-IvIG6EQ79sYAqUVU/view?usp=drivesdk
Rosca bíceps sentado.gif,image/gif,gifs e animaçoes/Gifs com Bonecos/500 Gifs de Musculação/Bíceps,https://drive.google.com/file/d/1dhViH1RSAtFy4fhIGefscCq_38KijebL/view?usp=drivesdk
Rosca com halteres.gif,image/gif,gifs e animaçoes/Gifs com Bonecos/500 Gifs de Musculação/Bíceps,https://drive.google.com/file/d/1hCefKSq4OS6zJm7pwUYk-hP891BQpePY/view?usp=drivesdk
Rosca direta com barra w.gif,image/gif,gifs e animaçoes/Gifs com Bonecos/500 Gifs de Musculação/Bíceps,https://drive.google.com/file/d/1lMm-KdBm8ECw5R8w9VlEZPEK7MKeGHIb/view?usp=drivesdk
Rosca Direta com Barra.gif,image/gif,gifs e animaçoes/Gifs com Bonecos/500 Gifs de Musculação/Bíceps,https://drive.google.com/file/d/1nEuGOhruPrOGTv33SMhOuEklnDi6wmTS/view?usp=drivesdk
Rosca inversa com barra W.gif,image/gif,gifs e animaçoes/Gifs com Bonecos/500 Gifs de Musculação/Bíceps,https://drive.google.com/file/d/1rlMcFTfpbHDR3aL4WWSFw-XGsV9-TCem/view?usp=drivesdk
Rosca com halteres no colete scott.gif,image/gif,gifs e animaçoes/Gifs com Bonecos/500 Gifs de Musculação/Bíceps,https://drive.google.com/file/d/1sG0ibzJFg2Z-D8Di2K5XJ_E0XPhXdgfq/view?usp=drivesdk
Rosca Direta com Barra em Pegada Fechada.gif,image/gif,gifs e animaçoes/Gifs com Bonecos/500 Gifs de Musculação/Bíceps,https://drive.google.com/file/d/1wM9cXkusR3RP3qDk0tHAKVRz2qSwBSqN/view?usp=drivesdk
Rosca martelo com halter no colete scott.gif,image/gif,gifs e animaçoes/Gifs com Bonecos/500 Gifs de Musculação/Bíceps,https://drive.google.com/file/d/1yc13nZykkuzLgox7p6zYD-xMujAPwZ0p/view?usp=drivesdk
Agachamento Pistol com TRX.gif,image/gif,gifs e animaçoes/Gifs com Bonecos/67 Gifs de Crossfit,https://drive.google.com/file/d/15KxUJwzujXbOEsT3lxzZ9ixcHxblR7--/view?usp=drivesdk
Levantamento Turco.gif,image/gif,gifs e animaçoes/Gifs com Bonecos/67 Gifs de Crossfit,https://drive.google.com/file/d/1AdAxOLx00t-PirQDTnzpEdooO0HYu7Vm/view?usp=drivesdk
Power Clean.gif,image/gif,gifs e animaçoes/Gifs com Bonecos/67 Gifs de Crossfit,https://drive.google.com/file/d/1B5qWRWUKxvr9OBer0hlLYu_zqKnZSHP7/view?usp=drivesdk
Swing de kettlebell de um braço.gif,image/gif,gifs e animaçoes/Gifs com Bonecos/67 Gifs de Crossfit,https://drive.google.com/file/d/1EVRbtsdV1oakdYMB0vZnwhyG8goNyeBP/view?usp=drivesdk
Virar Pneu.gif,image/gif,gifs e animaçoes/Gifs com Bonecos/67 Gifs de Crossfit,https://drive.google.com/file/d/1K07_bGbD1HoBKdamn75w2VKvNwcXUZTB/view?usp=drivesdk
Agachamento Pistola Apoiado.gif,image/gif,gifs e animaçoes/Gifs com Bonecos/67 Gifs de Crossfit,https://drive.google.com/file/d/1LzcXG_9l3PjUbR0FcfJf8HSoIza46fd-/view?usp=drivesdk
Arranco com Barra.gif,image/gif,gifs e animaçoes/Gifs com Bonecos/67 Gifs de Crossfit,https://drive.google.com/file/d/1rWXX7tlIXLo7iMu49EP0BOuLvPLiJvR_/view?usp=drivesdk
Salto na Caixa para Agachamento Pistola.gif,image/gif,gifs e animaçoes/Gifs com Bonecos/67 Gifs de Crossfit,https://drive.google.com/file/d/12EGjItAI3sHmNmhiDPpJ8o22GE292LoA/view?usp=drivesdk
Salto para Caixa 2 para 1.gif,image/gif,gifs e animaçoes/Gifs com Bonecos/67 Gifs de Crossfit,https://drive.google.com/file/d/15jX9nEXv4Syw8YkYLGmEHuD8UzUvH1AX/view?usp=drivesdk
Barbell Hang Clean.gif,image/gif,gifs e animaçoes/Gifs com Bonecos/67 Gifs de Crossfit,https://drive.google.com/file/d/19JWYfbuP2MAxEBLCR1_L0wBZBtbVlvX1/view?usp=drivesdk
Kettlebell em Forma de Oito.gif,image/gif,gifs e animaçoes/Gifs com Bonecos/67 Gifs de Crossfit,https://drive.google.com/file/d/1BLoMBUdBcf3028_R-BnwKLHn0-wDjVlT/view?usp=drivesdk
Salto na Caixa.gif,image/gif,gifs e animaçoes/Gifs com Bonecos/67 Gifs de Crossfit,https://drive.google.com/file/d/1FXBYWVPCHdCv-8VL38RgkqwD6YuznEBw/view?usp=drivesdk
Pular Corda.gif,image/gif,gifs e animaçoes/Gifs com Bonecos/67 Gifs de Crossfit,https://drive.google.com/file/d/1G4d_B38gSJgFauv3uLnBIi119qmN16n5/view?usp=drivesdk
Muscle Snatch.gif,image/gif,gifs e animaçoes/Gifs com Bonecos/67 Gifs de Crossfit,https://drive.google.com/file/d/1SGvnhIc4S9h0gVT0lh51iAHuFF5PzD5Q/view?usp=drivesdk
Agachamento Pistola com Halteres.gif,image/gif,gifs e animaçoes/Gifs com Bonecos/67 Gifs de Crossfit,https://drive.google.com/file/d/1YV7yGz-sk_7Guk80E0WI7UT0PUMCJ8Bc/view?usp=drivesdk
Kettlebell Hang Clean.gif,image/gif,gifs e animaçoes/Gifs com Bonecos/67 Gifs de Crossfit,https://drive.google.com/file/d/1Yps0aah_tyMa-VmFLcyL96y8a8iWA5bu/view?usp=drivesdk
Flexão de braço em posição de parada de mão com balanço.gif,image/gif,gifs e animaçoes/Gifs com Bonecos/67 Gifs de Crossfit,https://drive.google.com/file/d/1b0ANMpSlopMAHGUS1_3ZlxraWr6PdrWj/view?usp=drivesdk
Moinho de vento com haltere.gif,image/gif,gifs e animaçoes/Gifs com Bonecos/67 Gifs de Crossfit,https://drive.google.com/file/d/1c_HPgpIgrGLP9nFqJ1RbZxFAldWRMDsV/view?usp=drivesdk
Arremesso e Pressão com Barra.gif,image/gif,gifs e animaçoes/Gifs com Bonecos/67 Gifs de Crossfit,https://drive.google.com/file/d/1dq9s4J7NX5ed1hi9Zm5T7Y42WN434g6G/view?usp=drivesdk
Swing de kettlebell.gif,image/gif,gifs e animaçoes/Gifs com Bonecos/67 Gifs de Crossfit,https://drive.google.com/file/d/1jy4Zs3QN5gShSa5zDgh8mbME4hpRyMxk/view?usp=drivesdk
Agachamento com Barra Sobre a Cabeça.gif,image/gif,gifs e animaçoes/Gifs com Bonecos/67 Gifs de Crossfit,https://drive.google.com/file/d/1nBhDhyB98WFWmz6J3ySJ9dmtMqmirxLB/view?usp=drivesdk
Remada com barra curvada para trás.gif,image/gif,gifs e animaçoes/Gifs com Bonecos/67 Gifs de Crossfit,https://drive.google.com/file/d/1nhnb73109nnBYWvXkz--PX-cqNpM1MoO/view?usp=drivesdk
Arremesso de Medicina Bola com Levantamento de Tronco.gif,image/gif,gifs e animaçoes/Gifs com Bonecos/67 Gifs de Crossfit,https://drive.google.com/file/d/1pxBJ2XiBkgQF3d9HGEhFl7qiMCrmrSQE/view?usp=drivesdk
Arranco e Levantamento com Kettlebell.gif,image/gif,gifs e animaçoes/Gifs com Bonecos/67 Gifs de Crossfit,https://drive.google.com/file/d/1wAPCi3rFL1asEg-6nFsW5qx56OzflyAf/view?usp=drivesdk
Moinho com Kettlebell.gif,image/gif,gifs e animaçoes/Gifs com Bonecos/67 Gifs de Crossfit,https://drive.google.com/file/d/1zL5GHl88HQ3Ku3M9pDZTLtHmOgvVS3Lz/view?usp=drivesdk
Agachamento com Salto usando Barra Hexagonal.gif,image/gif,gifs e animaçoes/Gifs com Bonecos/67 Gifs de Crossfit,https://drive.google.com/file/d/13AtW-X1sIt0qMdD1Y2Tfd62kbDm2BGS-/view?usp=drivesdk
Arranque e Arremesso com Kettlebell.gif,image/gif,gifs e animaçoes/Gifs com Bonecos/67 Gifs de Crossfit,https://drive.google.com/file/d/19PgFHItJi-d3r8HZc4qhMzl3naZK_Eeu/view?usp=drivesdk
Arranco de Potência.gif,image/gif,gifs e animaçoes/Gifs com Bonecos/67 Gifs de Crossfit,https://drive.google.com/file/d/1AA1pscyJQj8YJiVYp3KDNIjFEr-r4XTy/view?usp=drivesdk
Puxada com Halteres entre as Pernas.gif,image/gif,gifs e animaçoes/Gifs com Bonecos/67 Gifs de Crossfit,https://drive.google.com/file/d/1FtzgA-dYC7U6cFffIyt8pTVoVtyW1ZDZ/view?usp=drivesdk
Agachamento com barra no chão seguido de levantamento militar.gif,image/gif,gifs e animaçoes/Gifs com Bonecos/67 Gifs de Crossfit,https://drive.google.com/file/d/1K_PDw0rPr_JjRGpyAUyzDKzHStBqyYpb/view?usp=drivesdk
Flexão de Braço Declinada com Bola de Estabilidade.gif,image/gif,gifs e animaçoes/Gifs com Bonecos/67 Gifs de Crossfit,https://drive.google.com/file/d/1S8DFSn7zwYj32cE_7HUzAbaWt4hzHbuH/view?usp=drivesdk
Heaving Snatch Balance.gif,image/gif,gifs e animaçoes/Gifs com Bonecos/67 Gifs de Crossfit,https://drive.google.com/file/d/1SDUcfjPO1M0FYN-ehbPz4maI6pXpqnP_/view?usp=drivesdk
Dumbbell Power Clean.gif,image/gif,gifs e animaçoes/Gifs com Bonecos/67 Gifs de Crossfit,https://drive.google.com/file/d/1ZKG7e3TBXLw5E2o2-DEny-BRRrCTK35R/view?usp=drivesdk
Burpees.gif,image/gif,gifs e animaçoes/Gifs com Bonecos/67 Gifs de Crossfit,https://drive.google.com/file/d/1_bkStZtwWo-b6DkNzR_DXIKoPKYRCAj0/view?usp=drivesdk
Levantamento lateral com kettlebell.gif,image/gif,gifs e animaçoes/Gifs com Bonecos/67 Gifs de Crossfit,https://drive.google.com/file/d/1aV-M-EHcyeNM799hN-9C30sitoL0MmVc/view?usp=drivesdk
Carregamento Zercher.gif,image/gif,gifs e animaçoes/Gifs com Bonecos/67 Gifs de Crossfit,https://drive.google.com/file/d/1gnx4mtOCRqU_zvfnt11P593ZaSW2K3xH/view?usp=drivesdk
Impulso com barra.gif,image/gif,gifs e animaçoes/Gifs com Bonecos/67 Gifs de Crossfit,https://drive.google.com/file/d/1nxo2epp8tJCu1nhKZ_I8WloyXnJ4R22y/view?usp=drivesdk
Caminhada com Halteres.gif,image/gif,gifs e animaçoes/Gifs com Bonecos/67 Gifs de Crossfit,https://drive.google.com/file/d/1rjehg2DevlhhA3maWKwDwY_5HisIuAFL/view?usp=drivesdk
Flexão de Braço com Bola de Estabilidade.gif,image/gif,gifs e animaçoes/Gifs com Bonecos/67 Gifs de Crossfit,https://drive.google.com/file/d/1tAgU0sQDahE4akSuxA4p-R_P04o6L0Aq/view?usp=drivesdk
Subida na Corda sem Pernas.gif,image/gif,gifs e animaçoes/Gifs com Bonecos/67 Gifs de Crossfit,https://drive.google.com/file/d/1uVlO9puEIPnURZfVO_Vpfoe87ZxptnYw/view?usp=drivesdk
Arranco com kettlebell de um braço.gif,image/gif,gifs e animaçoes/Gifs com Bonecos/67 Gifs de Crossfit,https://drive.google.com/file/d/1xzYjNwcXZ56oH3c41rcsarEt6XxSZbtb/view?usp=drivesdk
Flexão com kettlebell profunda.gif,image/gif,gifs e animaçoes/Gifs com Bonecos/67 Gifs de Crossfit,https://drive.google.com/file/d/1y_ZR14NF2_gEyY-FOBLvdLifkCuTGESN/view?usp=drivesdk
Agachamento com barra e salto.gif,image/gif,gifs e animaçoes/Gifs com Bonecos/67 Gifs de Crossfit,https://drive.google.com/file/d/12OZ0p4fHWLJTxm66DXiLbiuP0ztU-iNw/view?usp=drivesdk
Bola na parede.gif,image/gif,gifs e animaçoes/Gifs com Bonecos/67 Gifs de Crossfit,https://drive.google.com/file/d/13a-F7hLCX48hnaDkbq-aXVnO2Ume5PPy/view?usp=drivesdk
Caminhada na Parada de Mão.gif,image/gif,gifs e animaçoes/Gifs com Bonecos/67 Gifs de Crossfit,https://drive.google.com/file/d/15jqXq2qktWaeIQiFVe2k0xOm0zXeKyLS/view?usp=drivesdk
Arremesso com haltere de um braço.gif,image/gif,gifs e animaçoes/Gifs com Bonecos/67 Gifs de Crossfit,https://drive.google.com/file/d/1BR86Y26NwYTs5jtd3EaJQYuiEMlaWj3n/view?usp=drivesdk
Agachamento Pistola na Caixa.gif,image/gif,gifs e animaçoes/Gifs com Bonecos/67 Gifs de Crossfit,https://drive.google.com/file/d/1ClFGFKAFIrMOdamSB_nnCdnSgQEu5meQ/view?usp=drivesdk
Agachamento com salto ajoelhado.gif,image/gif,gifs e animaçoes/Gifs com Bonecos/67 Gifs de Crossfit,https://drive.google.com/file/d/1F3BTn3FhR74oXabOfS5thwk3xqTyrnhy/view?usp=drivesdk
Flexões de apoio de mão na parede.gif,image/gif,gifs e animaçoes/Gifs com Bonecos/67 Gifs de Crossfit,https://drive.google.com/file/d/1HCfQOfw4gxsgKn9q8Ipdh1sGf2igncfN/view?usp=drivesdk
Agachamento e press com kettlebell.gif,image/gif,gifs e animaçoes/Gifs com Bonecos/67 Gifs de Crossfit,https://drive.google.com/file/d/1HIaaXSNfR6J0aRhPzoAg6iVdNupE-gPc/view?usp=drivesdk
Muscle up.gif,image/gif,gifs e animaçoes/Gifs com Bonecos/67 Gifs de Crossfit,https://drive.google.com/file/d/1HdqEGI_-0vtkkYZc4uiK2o4SlcbqQYXr/view?usp=drivesdk
Flexão de braço com as mãos entre bancos.gif,image/gif,gifs e animaçoes/Gifs com Bonecos/67 Gifs de Crossfit,https://drive.google.com/file/d/1OyjRB7EyRZKJNDxdqJNem0bGYjSQh3Rw/view?usp=drivesdk
Dumbbell Devil Press.gif,image/gif,gifs e animaçoes/Gifs com Bonecos/67 Gifs de Crossfit,https://drive.google.com/file/d/1Sy34b3KaYd5PrerZ_HzHFp8yMAGIGjk5/view?usp=drivesdk
Andar de Pato.gif,image/gif,gifs e animaçoes/Gifs com Bonecos/67 Gifs de Crossfit,https://drive.google.com/file/d/1_f6ug4w6QQ2NmRxDbRAM7yOL4V0TQzEa/view?usp=drivesdk
Flexão de Braço com Bola Medicinal em Um Braço.gif,image/gif,gifs e animaçoes/Gifs com Bonecos/67 Gifs de Crossfit,https://drive.google.com/file/d/1fAEtnkuIsIuMFXPIQEnMBUr6pMi4F1Fh/view?usp=drivesdk
Balanços com Kettlebell.gif,image/gif,gifs e animaçoes/Gifs com Bonecos/67 Gifs de Crossfit,https://drive.google.com/file/d/1faKxSUysu-KMG8YMDi1vLIQw_BYqm51L/view?usp=drivesdk
Desenvolvimento Arnold com kettlebell.gif,image/gif,gifs e animaçoes/Gifs com Bonecos/67 Gifs de Crossfit,https://drive.google.com/file/d/1hGIDVN3szeLFhzK46cWY8nlI7SFWa28f/view?usp=drivesdk
Burpee Jack.gif,image/gif,gifs e animaçoes/Gifs com Bonecos/67 Gifs de Crossfit,https://drive.google.com/file/d/1oMR9UI1dCtLXZ0oPlJsCXNuToLT88K3c/view?usp=drivesdk
Flexão com parada de mãos.gif,image/gif,gifs e animaçoes/Gifs com Bonecos/67 Gifs de Crossfit,https://drive.google.com/file/d/1pxhlemDg75xl6kSh-XMJ3gVFjWkA-Df8/view?usp=drivesdk
Arranco com kettlebell em afundo.gif,image/gif,gifs e animaçoes/Gifs com Bonecos/67 Gifs de Crossfit,https://drive.google.com/file/d/1wx7wUfD7e3o6gwEAzxm1HF9S23rYaTcW/view?usp=drivesdk
Caminhada na Parede.gif,image/gif,gifs e animaçoes/Gifs com Bonecos/67 Gifs de Crossfit,https://drive.google.com/file/d/1yxiXFyXuXQSmnduJZTn9dE3ita7QlSfX/view?usp=drivesdk
Agachamento Pistola com Apoio em Caixa.gif,image/gif,gifs e animaçoes/Gifs com Bonecos/67 Gifs de Crossfit,https://drive.google.com/file/d/145gRq4Y_uQlSlWQcms8_ZaRTExADqAhW/view?usp=drivesdk
Corda de batalha.gif,image/gif,gifs e animaçoes/Gifs com Bonecos/67 Gifs de Crossfit,https://drive.google.com/file/d/1Cc_NjK_rVmZD_B7whfV85r03XYcwVaKN/view?usp=drivesdk
Cruz de ferro com halteres.gif,image/gif,gifs e animaçoes/Gifs com Bonecos/67 Gifs de Crossfit,https://drive.google.com/file/d/1G90RxpVUAw__DPFwbuNepkpd1hp2Qr38/view?usp=drivesdk
Desenvolvimento de ombro com kettlebell.gif,image/gif,gifs e animaçoes/Gifs com Bonecos/67 Gifs de Crossfit,https://drive.google.com/file/d/1ZLjWH5ImB1Pqzg0a4CGuw7h3qRGlNXXJ/view?usp=drivesdk
Desenvolvimentos com kettlebell unilateral de joelhos.gif,image/gif,gifs e animaçoes/Gifs com Bonecos/67 Gifs de Crossfit,https://drive.google.com/file/d/1c-WD3TZoRZ1tQPjhmbMXIfD9Mx7SIhMG/view?usp=drivesdk
Bola medicinal lançada para cima e para baixo.gif,image/gif,gifs e animaçoes/Gifs com Bonecos/67 Gifs de Crossfit,https://drive.google.com/file/d/1tMnDl-bTbugDbs0kNk5n8pNJXjAc0UwB/view?usp=drivesdk
Elevação de Perna Única com Equilíbrio e Rosca de Bíceps.gif,image/gif,gifs e animaçoes/Gifs com Bonecos/67 Gifs de Crossfit,https://drive.google.com/file/d/1vYpIjgMKg85_WDs9yoCPAUW_pfjy9sey/view?usp=drivesdk
Arremesso com Barra.gif,image/gif,gifs e animaçoes/Gifs com Bonecos/67 Gifs de Crossfit,https://drive.google.com/file/d/1wpANLO9lIiy7qwugSmBrNZS_wfh-pqlh/view?usp=drivesdk
POSE PEIXE.gif,image/gif,gifs e animaçoes/Gifs com Bonecos/Gifs Pescoço,https://drive.google.com/file/d/12JiGTLvs_8wv6rUunK0nv_FhYmmwh_AL/view?usp=drivesdk
FLEXÃO DE PESCOÇO NA POLIA.gif,image/gif,gifs e animaçoes/Gifs com Bonecos/Gifs Pescoço,https://drive.google.com/file/d/16HCDMabZ9ETWicNpo-NCPQo5jZKCsYef/view?usp=drivesdk
SUPER HOMEM.gif,image/gif,gifs e animaçoes/Gifs com Bonecos/Gifs Pescoço,https://drive.google.com/file/d/16rr4pnvvxcCddQgzpOQoDbsWDLwwlWMQ/view?usp=drivesdk
ALONGAMENTO DE PESCOÇO AJOELHADO.gif,image/gif,gifs e animaçoes/Gifs com Bonecos/Gifs Pescoço,https://drive.google.com/file/d/1G90zq60G1q49f_fpUqRG_voRk32W723c/view?usp=drivesdk
ALONGAMENTO DE EXTENSÃO DE PESCOÇO.png,image/png,gifs e animaçoes/Gifs com Bonecos/Gifs Pescoço,https://drive.google.com/file/d/1GObTE1O0YRLahzW8A31LeE-2W4nXGygs/view?usp=drivesdk
ALONGAMENTO ABDOMINAL.gif,image/gif,gifs e animaçoes/Gifs com Bonecos/Gifs Pescoço,https://drive.google.com/file/d/1IbDTAsWyqMF3Synblx2IntB9urtymWIu/view?usp=drivesdk
EXTENSÃO DE PESCOÇO NA POLIA.gif,image/gif,gifs e animaçoes/Gifs com Bonecos/Gifs Pescoço,https://drive.google.com/file/d/1MKde9rBS5V0MFUlbH_TjvtnQiRD7Eoxa/view?usp=drivesdk
ALONGAMENTO ESFINGE.gif,image/gif,gifs e animaçoes/Gifs com Bonecos/Gifs Pescoço,https://drive.google.com/file/d/1NO0v2uwF2wkmrJb05DmH_GLNTOAqICX3/view?usp=drivesdk
ALONGAMENTO LATERAL.gif,image/gif,gifs e animaçoes/Gifs com Bonecos/Gifs Pescoço,https://drive.google.com/file/d/1PWZ1uz0nwOVXcWNeGWUXie4Iev6dguos/view?usp=drivesdk
HIPEREXTENSÃO  NO SOLO.gif,image/gif,gifs e animaçoes/Gifs com Bonecos/Gifs Pescoço,https://drive.google.com/file/d/1VFXjUvVy_63vwJCi_a86-fsUkZH6zTCI/view?usp=drivesdk
EXTENSÃO DE PESCOÇO DEITADO.gif,image/gif,gifs e animaçoes/Gifs com Bonecos/Gifs Pescoço,https://drive.google.com/file/d/1XYExvVjFPGJichOABnjaOZkfQXFwwWAi/view?usp=drivesdk
QUEIXO TUCK.gif,image/gif,gifs e animaçoes/Gifs com Bonecos/Gifs Pescoço,https://drive.google.com/file/d/1c6qeujGAcLi8eAN71lXmAyFWtXb7KfBG/view?usp=drivesdk
FLEXÃO E PESCOÇO DEITADO.gif,image/gif,gifs e animaçoes/Gifs com Bonecos/Gifs Pescoço,https://drive.google.com/file/d/1d-0WYVVxeCD0nNqhZ3HbfyzQ6G_A2bQX/view?usp=drivesdk
EXTENSÃO  CERVICAL.gif,image/gif,gifs e animaçoes/Gifs com Bonecos/Gifs Pescoço,https://drive.google.com/file/d/1j7RHyFnf08sMyvbNdg-ZXqDmsCs3AKbf/view?usp=drivesdk
EXTENSÃO DE PESCOÇO ALAVANCA.gif,image/gif,gifs e animaçoes/Gifs com Bonecos/Gifs Pescoço,https://drive.google.com/file/d/1l7uoywZOw_du5Xx-s6S99W_gxfzXc-7S/view?usp=drivesdk
ALONGAMENTO DE PESCOÇO FRONTAL E DORSAL.gif,image/gif,gifs e animaçoes/Gifs com Bonecos/Gifs Pescoço,https://drive.google.com/file/d/1lygXXaDDAiDZeDsCwl4w0BDZyH4AeIpk/view?usp=drivesdk
ENCOLIMENTO DE OMBROS UNILATERAL.gif,image/gif,gifs e animaçoes/Gifs com Bonecos/Gifs Pescoço,https://drive.google.com/file/d/1qQM9P8hrEsn3-8fHwkcaW4z88_ShffP_/view?usp=drivesdk
ALONGAMENTE DE ROTAÇÃO.gif,image/gif,gifs e animaçoes/Gifs com Bonecos/Gifs Pescoço,https://drive.google.com/file/d/1tlHloznN2yzw9PuIXYheC8MyNafBOYdg/view?usp=drivesdk
Leg Press Alternado Deitado com Gymstick.gif,image/gif,gifs e animaçoes/Gifs com Bonecos/206 Gifs de Treino Funcional e HIIT,https://drive.google.com/file/d/17wufewT1ekZ0pcHJMz-pBGNLTMGrsejI/view?usp=drivesdk
Chute em Gancho.gif,image/gif,gifs e animaçoes/Gifs com Bonecos/206 Gifs de Treino Funcional e HIIT,https://drive.google.com/file/d/19yJD1oNMVhj2pKx5Qc-zKNQidzMQ9dP8/view?usp=drivesdk
Agachamento Skater.gif,image/gif,gifs e animaçoes/Gifs com Bonecos/206 Gifs de Treino Funcional e HIIT,https://drive.google.com/file/d/1FXA8JXxAr9j4QX9s9DEokBrVsbGfgQNu/view?usp=drivesdk
Elevação de Quadril com Peso Corporal.gif,image/gif,gifs e animaçoes/Gifs com Bonecos/206 Gifs de Treino Funcional e HIIT,https://drive.google.com/file/d/1KGl2GoK0j1SM5UMvHSls3Z8-a8fjyvRV/view?usp=drivesdk
Agachamento com Gymstick.gif,image/gif,gifs e animaçoes/Gifs com Bonecos/206 Gifs de Treino Funcional e HIIT,https://drive.google.com/file/d/1NdW63iNzCMPIIqlRiocHUAUilq7LVlD7/view?usp=drivesdk
Glúteo Coice em Pé com Faixa Elástica.gif,image/gif,gifs e animaçoes/Gifs com Bonecos/206 Gifs de Treino Funcional e HIIT,https://drive.google.com/file/d/1SgmLiF-Ek83Zt41snVHXBm2BPhJnvux_/view?usp=drivesdk
Elevação da Perna em Pé com Faixa Elástica de Resistência.gif,image/gif,gifs e animaçoes/Gifs com Bonecos/206 Gifs de Treino Funcional e HIIT,https://drive.google.com/file/d/1Wv0lFbEGpIIAPfHIE3VtkyPb9MUjrrWY/view?usp=drivesdk
Afundo Alternado com Salto.gif,image/gif,gifs e animaçoes/Gifs com Bonecos/206 Gifs de Treino Funcional e HIIT,https://drive.google.com/file/d/1YKU9ijmRUKqxpZy_4XqkpErxBes-ux0S/view?usp=drivesdk
Adução de Ombro com Faixa Elástica.gif,image/gif,gifs e animaçoes/Gifs com Bonecos/206 Gifs de Treino Funcional e HIIT,https://drive.google.com/file/d/1ZZivlLVBjz-7G44QAYrOn8EFs18Ys-L2/view?usp=drivesdk
Corda de batalha.gif,image/gif,gifs e animaçoes/Gifs com Bonecos/206 Gifs de Treino Funcional e HIIT,https://drive.google.com/file/d/1dQIiw56Fy0ves3LyBSRverODUR2_-Yye/view?usp=drivesdk
Exercício Pliométrico X.gif,image/gif,gifs e animaçoes/Gifs com Bonecos/206 Gifs de Treino Funcional e HIIT,https://drive.google.com/file/d/1fBfIdB8jSWSMK-7pQY_oEXXXMm5kayb0/view?usp=drivesdk
Saltos Pliométricos em Zigue-Zague.gif,image/gif,gifs e animaçoes/Gifs com Bonecos/206 Gifs de Treino Funcional e HIIT,https://drive.google.com/file/d/1fSDbVTULt3d2Jo_9gXRa_plHNWcDr5e9/view?usp=drivesdk
Cardio de Passos de Boxeador.gif,image/gif,gifs e animaçoes/Gifs com Bonecos/206 Gifs de Treino Funcional e HIIT,https://drive.google.com/file/d/1n57NfJWhGEIieE6saT2SFE5CeG5IEaEE/view?usp=drivesdk
Quadrúpede com elevação de braço e perna contralateral.gif,image/gif,gifs e animaçoes/Gifs com Bonecos/206 Gifs de Treino Funcional e HIIT,https://drive.google.com/file/d/1nxDP0H4QwGbdl6VNFnUneIWafFuj2VjA/view?usp=drivesdk
Elevação de Pernas deitado de Lado.gif,image/gif,gifs e animaçoes/Gifs com Bonecos/206 Gifs de Treino Funcional e HIIT,https://drive.google.com/file/d/1tQF0V6ByXza-T22M3e_BIQDeId5y7E9V/view?usp=drivesdk
Flexão hindu modificada.gif,image/gif,gifs e animaçoes/Gifs com Bonecos/206 Gifs de Treino Funcional e HIIT,https://drive.google.com/file/d/10zhw5Dg6yzAlRfSkPWKPabTTT2ZWNK6c/view?usp=drivesdk
Flexão de joelhos.gif,image/gif,gifs e animaçoes/Gifs com Bonecos/206 Gifs de Treino Funcional e HIIT,https://drive.google.com/file/d/11BK5Sygdg7_nCensOKDYyyBFsftsEq0_/view?usp=drivesdk
Remada sentada com faixa.gif,image/gif,gifs e animaçoes/Gifs com Bonecos/206 Gifs de Treino Funcional e HIIT,https://drive.google.com/file/d/16Q-5WUTINRRA0XQMjTg0SPUx1Hu5PEf8/view?usp=drivesdk
Agachamento Goblet com Kettlebell e Faixa Elástica.gif,image/gif,gifs e animaçoes/Gifs com Bonecos/206 Gifs de Treino Funcional e HIIT,https://drive.google.com/file/d/18R-xMsVPvogRpvZeI0B-UvcEWyhPCyfZ/view?usp=drivesdk
Flexão de Braço Declinada com Bola de Estabilidade.gif,image/gif,gifs e animaçoes/Gifs com Bonecos/206 Gifs de Treino Funcional e HIIT,https://drive.google.com/file/d/19RKVp44CQPPc_DfZbhGhF2mTRpPTZKPN/view?usp=drivesdk
Agachamento unilateral cruzado.gif,image/gif,gifs e animaçoes/Gifs com Bonecos/206 Gifs de Treino Funcional e HIIT,https://drive.google.com/file/d/1A8UP9RLFFge21CvbN3BThh9PWv05snKO/view?usp=drivesdk
Tríceps Francês em Pé com Gymstick.gif,image/gif,gifs e animaçoes/Gifs com Bonecos/206 Gifs de Treino Funcional e HIIT,https://drive.google.com/file/d/1G0wini900TI0yIcf3_lR2wO5MNvgRPVs/view?usp=drivesdk
Gancho de Direita.gif,image/gif,gifs e animaçoes/Gifs com Bonecos/206 Gifs de Treino Funcional e HIIT,https://drive.google.com/file/d/1K5eqtlJVMAJA5uATQAIjLBb2fK4F1RjD/view?usp=drivesdk
Caminhada Lateral com Faixa de Resistência.gif,image/gif,gifs e animaçoes/Gifs com Bonecos/206 Gifs de Treino Funcional e HIIT,https://drive.google.com/file/d/1Rhx0yiPbAmUF8hnecO0ZVVgifi3RPXKz/view?usp=drivesdk
Ponte em Unilateral.gif,image/gif,gifs e animaçoes/Gifs com Bonecos/206 Gifs de Treino Funcional e HIIT,https://drive.google.com/file/d/1UGnHTa2uADvBLRYCR3jSU5G1uNmP9U64/view?usp=drivesdk
Ponte com Faixa Elástica.gif,image/gif,gifs e animaçoes/Gifs com Bonecos/206 Gifs de Treino Funcional e HIIT,https://drive.google.com/file/d/1VQPzcHUt2qG0oSf9KHuYuanZsyIgE_DS/view?usp=drivesdk
Abdução de Quadril com Faixa.gif,image/gif,gifs e animaçoes/Gifs com Bonecos/206 Gifs de Treino Funcional e HIIT,https://drive.google.com/file/d/1XNKlgEhIKHK7lLIb3qNCX6ZUn3Cb-uVr/view?usp=drivesdk
Salto com Joelhos Flexionados.gif,image/gif,gifs e animaçoes/Gifs com Bonecos/206 Gifs de Treino Funcional e HIIT,https://drive.google.com/file/d/1Y8W6jxQC7Nlk40wBIyjQdsB0V71yKeZe/view?usp=drivesdk
Elevação lateral de braços.gif,image/gif,gifs e animaçoes/Gifs com Bonecos/206 Gifs de Treino Funcional e HIIT,https://drive.google.com/file/d/1ZO62BbipEEBsGHwfEo5qj0ZtYnbJ1GCr/view?usp=drivesdk
Balloon Drill.gif,image/gif,gifs e animaçoes/Gifs com Bonecos/206 Gifs de Treino Funcional e HIIT,https://drive.google.com/file/d/1_zQgd1fmM1hUeaEBhv72Vuo-Aw2flod8/view?usp=drivesdk
Rosca bíceps com faixa elástica.gif,image/gif,gifs e animaçoes/Gifs com Bonecos/206 Gifs de Treino Funcional e HIIT,https://drive.google.com/file/d/1sjtr70mvHcf87pyrJ8w0wIrsvaVjCUyI/view?usp=drivesdk
Swimming.gif,image/gif,gifs e animaçoes/Gifs com Bonecos/206 Gifs de Treino Funcional e HIIT,https://drive.google.com/file/d/1u9Dj5wt0IFn5fwnlRL0AyXOjtZcJdXl7/view?usp=drivesdk
Pular Corda.gif,image/gif,gifs e animaçoes/Gifs com Bonecos/206 Gifs de Treino Funcional e HIIT,https://drive.google.com/file/d/1y8_aHKWWcHWxmJy4pfLSDUgWodv019Z6/view?usp=drivesdk
Corrida com Passos Rápidos.gif,image/gif,gifs e animaçoes/Gifs com Bonecos/206 Gifs de Treino Funcional e HIIT,https://drive.google.com/file/d/11YNXUgSoIFJHhhsGVS3F-bFyslBTwQS9/view?usp=drivesdk
Puxada ajoelhada com banda de resistência.gif,image/gif,gifs e animaçoes/Gifs com Bonecos/206 Gifs de Treino Funcional e HIIT,https://drive.google.com/file/d/15YKapMn9fOSt2eGx7i64bvdWzGVgvdmA/view?usp=drivesdk
Extensão De Glúteo Em Pé.gif,image/gif,gifs e animaçoes/Gifs com Bonecos/206 Gifs de Treino Funcional e HIIT,https://drive.google.com/file/d/16DjfoAQJmqiNzry8ypHWzUHabQ1mzoqr/view?usp=drivesdk
Salto com halteres dividido.gif,image/gif,gifs e animaçoes/Gifs com Bonecos/206 Gifs de Treino Funcional e HIIT,https://drive.google.com/file/d/19wNbix6O18NQJqq4_QaqSv57jN2SakF1/view?usp=drivesdk
Elevação frontal lateral com elástico.gif,image/gif,gifs e animaçoes/Gifs com Bonecos/206 Gifs de Treino Funcional e HIIT,https://drive.google.com/file/d/1AqEGJWTR75mTIAD1HwLMh5w4vAxKEvoX/view?usp=drivesdk
Extensão de tríceps com elástico na posição horizontal.gif,image/gif,gifs e animaçoes/Gifs com Bonecos/206 Gifs de Treino Funcional e HIIT,https://drive.google.com/file/d/1Di2L_M-P_WR2FZPqoB52beOVOhGilPQM/view?usp=drivesdk
Rosca martelo com faixa de resistência.gif,image/gif,gifs e animaçoes/Gifs com Bonecos/206 Gifs de Treino Funcional e HIIT,https://drive.google.com/file/d/1OsOuB6sm6oqtV32ZwKneheqtQ-sgGRDP/view?usp=drivesdk
Tesoura de Braços.gif,image/gif,gifs e animaçoes/Gifs com Bonecos/206 Gifs de Treino Funcional e HIIT,https://drive.google.com/file/d/1TxyGNrgK9nWe75S8H3xSlXOHRD5qtgha/view?usp=drivesdk
Salto para Trás.gif,image/gif,gifs e animaçoes/Gifs com Bonecos/206 Gifs de Treino Funcional e HIIT,https://drive.google.com/file/d/1XUr0fmcyairL1tMmNPAOOZxW1AfTn5pP/view?usp=drivesdk
Nave Seal Burpee.gif,image/gif,gifs e animaçoes/Gifs com Bonecos/206 Gifs de Treino Funcional e HIIT,https://drive.google.com/file/d/1a0N2-mIU1VWIYYvkr2bfUloffQL9Kz6k/view?usp=drivesdk
Polichinelos.gif,image/gif,gifs e animaçoes/Gifs com Bonecos/206 Gifs de Treino Funcional e HIIT,https://drive.google.com/file/d/1gS1zC6s5Ok7kcVvkrV67qyLG8VZLs9eU/view?usp=drivesdk
Tríceps Testa com Faixa Elástica.gif,image/gif,gifs e animaçoes/Gifs com Bonecos/206 Gifs de Treino Funcional e HIIT,https://drive.google.com/file/d/1iUG0jtyRSFRj5QUD4Ier9MBhjp1OS6YW/view?usp=drivesdk
Flexão de Pernas na Bola de Estabilidade.gif,image/gif,gifs e animaçoes/Gifs com Bonecos/206 Gifs de Treino Funcional e HIIT,https://drive.google.com/file/d/1pRFTZyLd5YZ2lGnY7toImjtcs0cXm6sF/view?usp=drivesdk
Abdução de Quadril em Decúbito Lateral.gif,image/gif,gifs e animaçoes/Gifs com Bonecos/206 Gifs de Treino Funcional e HIIT,https://drive.google.com/file/d/1pcv49rsx3ysjWiAFfDx8aNbcZjag0uq_/view?usp=drivesdk
Afundo.gif,image/gif,gifs e animaçoes/Gifs com Bonecos/206 Gifs de Treino Funcional e HIIT,https://drive.google.com/file/d/1yd7DvEuXNCIIRIfGUnMS-iImNgVBFUbW/view?usp=drivesdk
Agachamento com Faixa Elástica sobre a Cabeça.gif,image/gif,gifs e animaçoes/Gifs com Bonecos/206 Gifs de Treino Funcional e HIIT,https://drive.google.com/file/d/110tHfPNa1dqcOrjmo9tjCwMy36A9ba7n/view?usp=drivesdk
Balanço com gymstick.gif,image/gif,gifs e animaçoes/Gifs com Bonecos/206 Gifs de Treino Funcional e HIIT,https://drive.google.com/file/d/13KR9TaqtfVhD_lv6xAdRjFg3Y8rRgrtP/view?usp=drivesdk
Remada unilateral com gymstick.gif,image/gif,gifs e animaçoes/Gifs com Bonecos/206 Gifs de Treino Funcional e HIIT,https://drive.google.com/file/d/16dDTt7gnI1kAOYMBKL__JVAvqI6hopwl/view?usp=drivesdk
Tríceps Francês com Faixa Elástica Acima da Cabeça.gif,image/gif,gifs e animaçoes/Gifs com Bonecos/206 Gifs de Treino Funcional e HIIT,https://drive.google.com/file/d/1NxclWMt-UiwqY9ghECZqsbhqGOJ7ogjn/view?usp=drivesdk
Agachamento Búlgaro com Peso Corporal.gif,image/gif,gifs e animaçoes/Gifs com Bonecos/206 Gifs de Treino Funcional e HIIT,https://drive.google.com/file/d/1P0iLTeWonUhqO2r4SK8oD6p21ANH6xX_/view?usp=drivesdk
Elevação de Quadril com Banda de Resistência de Joelhos.gif,image/gif,gifs e animaçoes/Gifs com Bonecos/206 Gifs de Treino Funcional e HIIT,https://drive.google.com/file/d/1UX_B6LE9ik7o81OxU0yA0kp7VXWHdpfT/view?usp=drivesdk
Elevação Lateral de Perna com Faixa Elástica Deitado de Lado.gif,image/gif,gifs e animaçoes/Gifs com Bonecos/206 Gifs de Treino Funcional e HIIT,https://drive.google.com/file/d/1VB1VEkeN_N_pOWCt7Dtl2GnnwX0pAvM2/view?usp=drivesdk
Elevação de Perna Única com Equilíbrio e Rosca de Bíceps.gif,image/gif,gifs e animaçoes/Gifs com Bonecos/206 Gifs de Treino Funcional e HIIT,https://drive.google.com/file/d/1YOFMNPVHR981AMueIEf__mdfFVIBgzSJ/view?usp=drivesdk
Abdução de Quadril Lateral.gif,image/gif,gifs e animaçoes/Gifs com Bonecos/206 Gifs de Treino Funcional e HIIT,https://drive.google.com/file/d/1dBn7HZVHDrYmQ18FT-5KCsgRr_bSjyqV/view?usp=drivesdk
Passo de Esqui.gif,image/gif,gifs e animaçoes/Gifs com Bonecos/206 Gifs de Treino Funcional e HIIT,https://drive.google.com/file/d/1dxr99mtdTgww9BaerMYHXBPnQfAbrttm/view?usp=drivesdk
Extensão de Perna em Pé com Faixa de Resistência.gif,image/gif,gifs e animaçoes/Gifs com Bonecos/206 Gifs de Treino Funcional e HIIT,https://drive.google.com/file/d/1fQrmMKM4GREyaY6XkuIih5v5cYYVzKmx/view?usp=drivesdk
Flexão de Braço com Bola de Estabilidade.gif,image/gif,gifs e animaçoes/Gifs com Bonecos/206 Gifs de Treino Funcional e HIIT,https://drive.google.com/file/d/1jl0J06pQYlWx5RbzVSdq4U282-HLi_LJ/view?usp=drivesdk
Glúteo Coice com Pernas Flexionada com Faixa.gif,image/gif,gifs e animaçoes/Gifs com Bonecos/206 Gifs de Treino Funcional e HIIT,https://drive.google.com/file/d/1jsrp4G4pG8P0fYovglRMmBKHWXtw-QvI/view?usp=drivesdk
Salto em Uma Perna para a Frente.gif,image/gif,gifs e animaçoes/Gifs com Bonecos/206 Gifs de Treino Funcional e HIIT,https://drive.google.com/file/d/1mFZ3jaoY2hj0nASNfYjLakCe1AB8L2ob/view?usp=drivesdk
Ponte de Glúteos.gif,image/gif,gifs e animaçoes/Gifs com Bonecos/206 Gifs de Treino Funcional e HIIT,https://drive.google.com/file/d/1shG3mPuHeX29lLWfUiw6pn4tlOJbXTcC/view?usp=drivesdk
Extensão de Pernas Sentado com Faixa de Resistência.gif,image/gif,gifs e animaçoes/Gifs com Bonecos/206 Gifs de Treino Funcional e HIIT,https://drive.google.com/file/d/1tqFcn6Xmz4TYAPYi6DPh8YmUjnC2reVl/view?usp=drivesdk
Cruzado de Direita.gif,image/gif,gifs e animaçoes/Gifs com Bonecos/206 Gifs de Treino Funcional e HIIT,https://drive.google.com/file/d/1vi8786a2x8cqvAtbEY0z520Ffc1vITH8/view?usp=drivesdk
Escalador de Montanha.gif,image/gif,gifs e animaçoes/Gifs com Bonecos/206 Gifs de Treino Funcional e HIIT,https://drive.google.com/file/d/1x7G68jxte-DQtRxSlvwjkMfyllKiqpeN/view?usp=drivesdk
Flexão de Perna com Halteres em Decúbito Dorsal.gif,image/gif,gifs e animaçoes/Gifs com Bonecos/206 Gifs de Treino Funcional e HIIT,https://drive.google.com/file/d/1xsZ1ta6VaKBTjEoBOBAuVFZOxwRUKL_S/view?usp=drivesdk
Elevação Pélvica Declinado.gif,image/gif,gifs e animaçoes/Gifs com Bonecos/206 Gifs de Treino Funcional e HIIT,https://drive.google.com/file/d/1193IJGQJVeL6oCn6NfIPkqjq1YO40GMk/view?usp=drivesdk
Extensão de ombro com faixa.gif,image/gif,gifs e animaçoes/Gifs com Bonecos/206 Gifs de Treino Funcional e HIIT,https://drive.google.com/file/d/14D6V-HUOpfqvkOX6Iz-0vmHj9gv7b69W/view?usp=drivesdk
Saltos em tesoura.gif,image/gif,gifs e animaçoes/Gifs com Bonecos/206 Gifs de Treino Funcional e HIIT,https://drive.google.com/file/d/14DYbNWsQhRILummU_FuVt2nfezjPRV64/view?usp=drivesdk
Stiff com Elástico de Resistência.gif,image/gif,gifs e animaçoes/Gifs com Bonecos/206 Gifs de Treino Funcional e HIIT,https://drive.google.com/file/d/16xW639l-36flN7vCUnodTY1N6dpdQjmN/view?usp=drivesdk
Lançamento de Bola Medicinal deitado.gif,image/gif,gifs e animaçoes/Gifs com Bonecos/206 Gifs de Treino Funcional e HIIT,https://drive.google.com/file/d/1E34aNVqxe-csIHXcwFlkbf_3R_Xa9ebb/view?usp=drivesdk
Elevação de Pernas estilo Sapo.gif,image/gif,gifs e animaçoes/Gifs com Bonecos/206 Gifs de Treino Funcional e HIIT,https://drive.google.com/file/d/1INRM6k7V1f8syIXdeiAa1n_yOs2x5C1V/view?usp=drivesdk
Agachamento com Sustentação e Elevação de Panturrilhas.gif,image/gif,gifs e animaçoes/Gifs com Bonecos/206 Gifs de Treino Funcional e HIIT,https://drive.google.com/file/d/1M-GUYYNxAwLwcQG2A6EN-Jj5Lwj4biIz/view?usp=drivesdk
Saltos com Joelhos Altos.gif,image/gif,gifs e animaçoes/Gifs com Bonecos/206 Gifs de Treino Funcional e HIIT,https://drive.google.com/file/d/1WMFo2-WpG7r4nk0GJYBFxkE8LuIa6yUy/view?usp=drivesdk
Pulos de Joelho Elevado.gif,image/gif,gifs e animaçoes/Gifs com Bonecos/206 Gifs de Treino Funcional e HIIT,https://drive.google.com/file/d/1XtQoW6RY9puSU4ca0GkeFgAF-oW27rCL/view?usp=drivesdk
Esquiador com gymstick.gif,image/gif,gifs e animaçoes/Gifs com Bonecos/206 Gifs de Treino Funcional e HIIT,https://drive.google.com/file/d/1_Mp2UWn_V9_X4BIHGHV26d1HhvCiHIev/view?usp=drivesdk
Bola medicinal lançada para cima e para baixo.gif,image/gif,gifs e animaçoes/Gifs com Bonecos/206 Gifs de Treino Funcional e HIIT,https://drive.google.com/file/d/1_ot5-jKxydFukfpb9apgZrgHUrmVsAFH/view?usp=drivesdk
Step com elástico.gif,image/gif,gifs e animaçoes/Gifs com Bonecos/206 Gifs de Treino Funcional e HIIT,https://drive.google.com/file/d/1aI58Hft5utAd-3eRz0mZ-Oj5SMD-96yD/view?usp=drivesdk
Remada afastada com banda de resistência.gif,image/gif,gifs e animaçoes/Gifs com Bonecos/206 Gifs de Treino Funcional e HIIT,https://drive.google.com/file/d/1d1syC1XwbFwzi5RjZU1NC5leN8zo8wPQ/view?usp=drivesdk
Saltos Potentes.gif,image/gif,gifs e animaçoes/Gifs com Bonecos/206 Gifs de Treino Funcional e HIIT,https://drive.google.com/file/d/1e_k1trzey-rd7loHpmhO1NzJPQRX8H7P/view?usp=drivesdk
Medicine Ball Rotational Throw.gif,image/gif,gifs e animaçoes/Gifs com Bonecos/206 Gifs de Treino Funcional e HIIT,https://drive.google.com/file/d/1gcwCsRTFoo3r6F6-dM2kGrZRgeejJKHk/view?usp=drivesdk
Agachamento Pistola na Caixa.gif,image/gif,gifs e animaçoes/Gifs com Bonecos/206 Gifs de Treino Funcional e HIIT,https://drive.google.com/file/d/1mDPdL2uRBKVGh9nv253ZgMqf9B1xv6PL/view?usp=drivesdk
Caminhada Rápida.gif,image/gif,gifs e animaçoes/Gifs com Bonecos/206 Gifs de Treino Funcional e HIIT,https://drive.google.com/file/d/1xGymcY2D4rjjcCZpEatr9Go8yZf2ECRf/view?usp=drivesdk
Agachamento com Chute Lateral e Toque no Calcanhar.gif,image/gif,gifs e animaçoes/Gifs com Bonecos/206 Gifs de Treino Funcional e HIIT,https://drive.google.com/file/d/1yws7p6sgiExr29HEirQybt186w2ee6Tr/view?usp=drivesdk
V-Up com Bola de Estabilidade.gif,image/gif,gifs e animaçoes/Gifs com Bonecos/206 Gifs de Treino Funcional e HIIT,https://drive.google.com/file/d/10DgVw1oGRH90HTLlJk155iz2PrrP-VP-/view?usp=drivesdk
Crucifixo invertido com gymstick para deltoides posterior.gif,image/gif,gifs e animaçoes/Gifs com Bonecos/206 Gifs de Treino Funcional e HIIT,https://drive.google.com/file/d/132VsQjvGgnJBCEFrWEp5-aolvdD80JxE/view?usp=drivesdk
Rastejo de Urso.gif,image/gif,gifs e animaçoes/Gifs com Bonecos/206 Gifs de Treino Funcional e HIIT,https://drive.google.com/file/d/13IuRP-zRo88ixe6z00nrAg5rlqVCMLgx/view?usp=drivesdk
Puxar com Faixa Elástica.gif,image/gif,gifs e animaçoes/Gifs com Bonecos/206 Gifs de Treino Funcional e HIIT,https://drive.google.com/file/d/15TXjy6YDhODaOo2UQM1mHNALS2ErtNYX/view?usp=drivesdk
Puxada com Faixa Elástica.gif,image/gif,gifs e animaçoes/Gifs com Bonecos/206 Gifs de Treino Funcional e HIIT,https://drive.google.com/file/d/15oz6h6BeqCwbjMlWtyEqLrrwwEqDK0dY/view?usp=drivesdk
Coice de Burro.gif,image/gif,gifs e animaçoes/Gifs com Bonecos/206 Gifs de Treino Funcional e HIIT,https://drive.google.com/file/d/19S3W6bmldgIDeBucNJE40-siMqGn9x5d/view?usp=drivesdk
Agachamento na Parede com Bola de Exercício.gif,image/gif,gifs e animaçoes/Gifs com Bonecos/206 Gifs de Treino Funcional e HIIT,https://drive.google.com/file/d/1WG8qF1jqCDyWPYFKPUvTjtu8PIgFJ-rt/view?usp=drivesdk
Corrida.gif,image/gif,gifs e animaçoes/Gifs com Bonecos/206 Gifs de Treino Funcional e HIIT,https://drive.google.com/file/d/1XEmOZCXbRXfILXJrGpTi2KtbetYfIuja/view?usp=drivesdk
Corrida para Trás.gif,image/gif,gifs e animaçoes/Gifs com Bonecos/206 Gifs de Treino Funcional e HIIT,https://drive.google.com/file/d/1YeATCLBGE5Zuc7L80PDOJEnMorC4Ltx3/view?usp=drivesdk
Tração lateral com elástico.gif,image/gif,gifs e animaçoes/Gifs com Bonecos/206 Gifs de Treino Funcional e HIIT,https://drive.google.com/file/d/1aee1g8afVyizC5TzBRx2xcK4eCdzgt4R/view?usp=drivesdk
Rosca de bíceps unilateral com faixa de resistência.gif,image/gif,gifs e animaçoes/Gifs com Bonecos/206 Gifs de Treino Funcional e HIIT,https://drive.google.com/file/d/1hNFgPHTtJgps-1I5PBy0iKbg91jFNG8O/view?usp=drivesdk
Torções do Cotovelo para o Joelho.gif,image/gif,gifs e animaçoes/Gifs com Bonecos/206 Gifs de Treino Funcional e HIIT,https://drive.google.com/file/d/1jOW0fJ5sB-L7ri6k0xLat5tC3murdcHN/view?usp=drivesdk
Elevação de Perna Reta em Pé com Faixa de Resistência.gif,image/gif,gifs e animaçoes/Gifs com Bonecos/206 Gifs de Treino Funcional e HIIT,https://drive.google.com/file/d/1rQjO2_vhm1XYJPZRH2DGwndzMkXy14pv/view?usp=drivesdk
Desenvolvimento militar atrás da cabeça com gymstick.gif,image/gif,gifs e animaçoes/Gifs com Bonecos/206 Gifs de Treino Funcional e HIIT,https://drive.google.com/file/d/1rVU0g_qwFZU7ScLwVoKErMw9-39IiUvA/view?usp=drivesdk
Avanço sem Peso Corporal.gif,image/gif,gifs e animaçoes/Gifs com Bonecos/206 Gifs de Treino Funcional e HIIT,https://drive.google.com/file/d/1xSYkcNX84VZJAQDbkBUB1ddn2_goRm2v/view?usp=drivesdk
Boxe jab.gif,image/gif,gifs e animaçoes/Gifs com Bonecos/206 Gifs de Treino Funcional e HIIT,https://drive.google.com/file/d/17j6lligl-g31qy9MWCwmc5wmEa0zBrok/view?usp=drivesdk
Joelhos altos contra a parede.gif,image/gif,gifs e animaçoes/Gifs com Bonecos/206 Gifs de Treino Funcional e HIIT,https://drive.google.com/file/d/1ROccKGN7uM3iJrMVtXwqu0Glu_v7cicU/view?usp=drivesdk
Bom Dia com Faixa Elástica de Resistência.gif,image/gif,gifs e animaçoes/Gifs com Bonecos/206 Gifs de Treino Funcional e HIIT,https://drive.google.com/file/d/1SGUu6Y8gW89URJJSFltQNxeMai5Bi9M2/view?usp=drivesdk
Ponte Unilateral no Banco.gif,image/gif,gifs e animaçoes/Gifs com Bonecos/206 Gifs de Treino Funcional e HIIT,https://drive.google.com/file/d/12ZN8SYy7uuepeJwgI18YZwPN_OdFFhUT/view?usp=drivesdk
Glúteo Coice com Gymstick.gif,image/gif,gifs e animaçoes/Gifs com Bonecos/206 Gifs de Treino Funcional e HIIT,https://drive.google.com/file/d/17i5KTdGR1bHBC_2kbax5Cgynx8-s1Cl2/view?usp=drivesdk
Remada com banda de resistência curvada para deltoides posterior.gif,image/gif,gifs e animaçoes/Gifs com Bonecos/206 Gifs de Treino Funcional e HIIT,https://drive.google.com/file/d/1RSrwkJFVPSyuqL-eLodwhywIbZphrnmR/view?usp=drivesdk
Corrida Estacionária.gif,image/gif,gifs e animaçoes/Gifs com Bonecos/206 Gifs de Treino Funcional e HIIT,https://drive.google.com/file/d/1Y9VpyASuX5Km69JJN55yq1ZNDRlMVcVd/view?usp=drivesdk
Wall Sit.gif,image/gif,gifs e animaçoes/Gifs com Bonecos/206 Gifs de Treino Funcional e HIIT,https://drive.google.com/file/d/1jOPxXG5nTO2EznfCMafOomIIB--MPaQ5/view?usp=drivesdk
Arremesso de Medicina Bola com Levantamento de Tronco.gif,image/gif,gifs e animaçoes/Gifs com Bonecos/206 Gifs de Treino Funcional e HIIT,https://drive.google.com/file/d/1jcOwRvGAuYP7kUbtls8EMI1vzi9ntp-l/view?usp=drivesdk
Corrida de Passos Curtos.gif,image/gif,gifs e animaçoes/Gifs com Bonecos/206 Gifs de Treino Funcional e HIIT,https://drive.google.com/file/d/1mg7I5D17qKC2ke_44lbs-QgM-z46Je8D/view?usp=drivesdk
Flexão de pernas com toalha.gif,image/gif,gifs e animaçoes/Gifs com Bonecos/123 Gifs de Calistenia/123 Gifs de Calistenia,https://drive.google.com/file/d/10Z2HF9J-CWw-3PphpOctXkGgVQyUIp4p/view?usp=drivesdk
Flexão com peso.gif,image/gif,gifs e animaçoes/Gifs com Bonecos/123 Gifs de Calistenia/123 Gifs de Calistenia,https://drive.google.com/file/d/10pvMicbpj1YPb3GUiX5cO34nby964-Su/view?usp=drivesdk
Afundo.gif,image/gif,gifs e animaçoes/Gifs com Bonecos/123 Gifs de Calistenia/123 Gifs de Calistenia,https://drive.google.com/file/d/112jziO4lUR1VkVLQtOYiQnzpX9yqpK5x/view?usp=drivesdk
Barra fixa pegada invertida.gif,image/gif,gifs e animaçoes/Gifs com Bonecos/123 Gifs de Calistenia/123 Gifs de Calistenia,https://drive.google.com/file/d/13Q1uaiMReLOjq0j68FVtx2q-7iQiIruj/view?usp=drivesdk
Flexão de Parede.gif,image/gif,gifs e animaçoes/Gifs com Bonecos/123 Gifs de Calistenia/123 Gifs de Calistenia,https://drive.google.com/file/d/15WRaO40G81XbwUsb5I52ChFU3b_mjOHd/view?usp=drivesdk
Suspensão Passiva.gif,image/gif,gifs e animaçoes/Gifs com Bonecos/123 Gifs de Calistenia/123 Gifs de Calistenia,https://drive.google.com/file/d/1DhrddaTgfz81j3D1qn63vwpDKMt3kFeK/view?usp=drivesdk
Flexão de Braço na Parede com Pegada Fechada.gif,image/gif,gifs e animaçoes/Gifs com Bonecos/123 Gifs de Calistenia/123 Gifs de Calistenia,https://drive.google.com/file/d/1HU5ahhVOVzvR7ECk-LN1oLNkc3gEjbG9/view?usp=drivesdk
Barra Fixa de Cabeça para Baixo.gif,image/gif,gifs e animaçoes/Gifs com Bonecos/123 Gifs de Calistenia/123 Gifs de Calistenia,https://drive.google.com/file/d/1Hpah6MBw0_ex-OYVaWvvXTwlcwMlyZ2a/view?usp=drivesdk
Salto na Caixa para Agachamento Pistola.gif,image/gif,gifs e animaçoes/Gifs com Bonecos/123 Gifs de Calistenia/123 Gifs de Calistenia,https://drive.google.com/file/d/1KYp_fbqHu6W0BxL1IOU-MKAcMDRE_Ka1/view?usp=drivesdk
Elevações de ombros na paralela.gif,image/gif,gifs e animaçoes/Gifs com Bonecos/123 Gifs de Calistenia/123 Gifs de Calistenia,https://drive.google.com/file/d/1OI-zBhnkB-5JHtgt3M6CRkEoLly9MXkw/view?usp=drivesdk
Puxada isométrica.gif,image/gif,gifs e animaçoes/Gifs com Bonecos/123 Gifs de Calistenia/123 Gifs de Calistenia,https://drive.google.com/file/d/1Yf0Pt1FKarQDqukNprV7JGa0ebp2pZvS/view?usp=drivesdk
Flexão Invertida.gif,image/gif,gifs e animaçoes/Gifs com Bonecos/123 Gifs de Calistenia/123 Gifs de Calistenia,https://drive.google.com/file/d/1e2Z5ybG3qjhqWdKxIfhvjCQkAmO8u6f6/view?usp=drivesdk
Agachamento com Salto.gif,image/gif,gifs e animaçoes/Gifs com Bonecos/123 Gifs de Calistenia/123 Gifs de Calistenia,https://drive.google.com/file/d/1fHOvxXpsOrsEBs8jAAzCqpRx63KP2EST/view?usp=drivesdk
Flexão de Braço com Bola Medicinal com Apoio em Um Braço.gif,image/gif,gifs e animaçoes/Gifs com Bonecos/123 Gifs de Calistenia/123 Gifs de Calistenia,https://drive.google.com/file/d/1j2yQ_Nb2i0d8-yZ5PJDXEmcuim72fqX5/view?usp=drivesdk
Flexão com um braço.gif,image/gif,gifs e animaçoes/Gifs com Bonecos/123 Gifs de Calistenia/123 Gifs de Calistenia,https://drive.google.com/file/d/1pcs-OyUXgH1RwgqwKejG8w2_b54GdGbl/view?usp=drivesdk
Flexão de Cotovelos na Barra.gif,image/gif,gifs e animaçoes/Gifs com Bonecos/123 Gifs de Calistenia/123 Gifs de Calistenia,https://drive.google.com/file/d/1qNwn-ufcET7O-AHvf5G0jbtRjndiof99/view?usp=drivesdk
Barra fixa com Arco.gif,image/gif,gifs e animaçoes/Gifs com Bonecos/123 Gifs de Calistenia/123 Gifs de Calistenia,https://drive.google.com/file/d/1vlgMjSkQKHEzNhf1QQmqVvfio1Z-NYqO/view?usp=drivesdk
Flexão de Punho Fechado.gif,image/gif,gifs e animaçoes/Gifs com Bonecos/123 Gifs de Calistenia/123 Gifs de Calistenia,https://drive.google.com/file/d/1w_lRpZ5NMkzNmT4-Q6LYsDmn0FWQtulV/view?usp=drivesdk
Dips na cadeira.gif,image/gif,gifs e animaçoes/Gifs com Bonecos/123 Gifs de Calistenia/123 Gifs de Calistenia,https://drive.google.com/file/d/12J3GZRxd5iK5OHJZg3H20usfhcvE9ARf/view?usp=drivesdk
Crucifixo com TRX.gif,image/gif,gifs e animaçoes/Gifs com Bonecos/123 Gifs de Calistenia/123 Gifs de Calistenia,https://drive.google.com/file/d/17pn2c61k-4OWWZzf_H_q79t3NY2qMIe-/view?usp=drivesdk
Back Lever.gif,image/gif,gifs e animaçoes/Gifs com Bonecos/123 Gifs de Calistenia/123 Gifs de Calistenia,https://drive.google.com/file/d/1B6I142SSnwzNBaAwqLB6h-4fx8dq92OD/view?usp=drivesdk
Puxada Front Lever.gif,image/gif,gifs e animaçoes/Gifs com Bonecos/123 Gifs de Calistenia/123 Gifs de Calistenia,https://drive.google.com/file/d/1Doo4ObnZN5-MNAy1E9czkcjcr2quFzIq/view?usp=drivesdk
Flexão de diamante de joelhos.gif,image/gif,gifs e animaçoes/Gifs com Bonecos/123 Gifs de Calistenia/123 Gifs de Calistenia,https://drive.google.com/file/d/1GtylzzlKy__h-3cwQC2q06N8h7WTpvkf/view?usp=drivesdk
Flexão com Toque no Peito.gif,image/gif,gifs e animaçoes/Gifs com Bonecos/123 Gifs de Calistenia/123 Gifs de Calistenia,https://drive.google.com/file/d/1KPIdaZuZlLZFBYqahUy0g4F8VCOaxiXu/view?usp=drivesdk
Flexão de um braço com bola medicinal.gif,image/gif,gifs e animaçoes/Gifs com Bonecos/123 Gifs de Calistenia/123 Gifs de Calistenia,https://drive.google.com/file/d/1KRqzSZOS_36tM7aDCYvgsflC6bCb8L7B/view?usp=drivesdk
Flexões hindu.gif,image/gif,gifs e animaçoes/Gifs com Bonecos/123 Gifs de Calistenia/123 Gifs de Calistenia,https://drive.google.com/file/d/1MhtHEPJHJX5f9q28WAo90CDBO6Gcuqua/view?usp=drivesdk
Swing 360.gif,image/gif,gifs e animaçoes/Gifs com Bonecos/123 Gifs de Calistenia/123 Gifs de Calistenia,https://drive.google.com/file/d/1OFDv8K_r1hxJS_N1G7PKvCjS_OSH9RXc/view?usp=drivesdk
Paralelas na Barra.gif,image/gif,gifs e animaçoes/Gifs com Bonecos/123 Gifs de Calistenia/123 Gifs de Calistenia,https://drive.google.com/file/d/1_kINyGxu2M9t1tVLBesUzbg8lvge9a14/view?usp=drivesdk
Agachamento Búlgaro com Peso Corporal.gif,image/gif,gifs e animaçoes/Gifs com Bonecos/123 Gifs de Calistenia/123 Gifs de Calistenia,https://drive.google.com/file/d/1eZTpVBDJCuv9xGwLom2sd0mT78RwehqO/view?usp=drivesdk
Impossible Dips.gif,image/gif,gifs e animaçoes/Gifs com Bonecos/123 Gifs de Calistenia/123 Gifs de Calistenia,https://drive.google.com/file/d/1gEej6iMn7hbhumnn7GwBs6kqNYVbmnd5/view?usp=drivesdk
Barra fixa com L-sit.gif,image/gif,gifs e animaçoes/Gifs com Bonecos/123 Gifs de Calistenia/123 Gifs de Calistenia,https://drive.google.com/file/d/1hcoHgRnD5bMno1LW76SlA1d5NaDEdyy5/view?usp=drivesdk
Barra Fixa com Giro.gif,image/gif,gifs e animaçoes/Gifs com Bonecos/123 Gifs de Calistenia/123 Gifs de Calistenia,https://drive.google.com/file/d/1m4jL_FK3JUrUgIzJsd8bC6a9UOfmtiW3/view?usp=drivesdk
Remada Invertida na Mesa.gif,image/gif,gifs e animaçoes/Gifs com Bonecos/123 Gifs de Calistenia/123 Gifs de Calistenia,https://drive.google.com/file/d/1mI9N4YLUEu2kGSbniZddxTBV0bR0drAA/view?usp=drivesdk
Planche.gif,image/gif,gifs e animaçoes/Gifs com Bonecos/123 Gifs de Calistenia/123 Gifs de Calistenia,https://drive.google.com/file/d/1ncjjXfTC6B2CgciFI60A7h760-Xc9zPQ/view?usp=drivesdk
Flexão de Braços com Apoio dos Joelhos Fechada.gif,image/gif,gifs e animaçoes/Gifs com Bonecos/123 Gifs de Calistenia/123 Gifs de Calistenia,https://drive.google.com/file/d/1ul455k99JrWOyfY8Ic0HDuLYuiIA3b41/view?usp=drivesdk
Elevação de Quadril com Peso Corporal.gif,image/gif,gifs e animaçoes/Gifs com Bonecos/123 Gifs de Calistenia/123 Gifs de Calistenia,https://drive.google.com/file/d/1ybJsNPnkJYNVUsTqjAbraWCS2otPd6qA/view?usp=drivesdk
Muscle up.gif,image/gif,gifs e animaçoes/Gifs com Bonecos/123 Gifs de Calistenia/123 Gifs de Calistenia,https://drive.google.com/file/d/1zadsTBfVk-qKpt4FI4--xvycM-WO6yI-/view?usp=drivesdk
Barra fixa com pegada invertida assistido.gif,image/gif,gifs e animaçoes/Gifs com Bonecos/123 Gifs de Calistenia/123 Gifs de Calistenia,https://drive.google.com/file/d/16Di6oaSc1pZT7FKJ8ogAO9TwNQEESCUB/view?usp=drivesdk
Agachamento Skater.gif,image/gif,gifs e animaçoes/Gifs com Bonecos/123 Gifs de Calistenia/123 Gifs de Calistenia,https://drive.google.com/file/d/1D2JDbtEkNMsueA0IzhbYBMgU0yK6GUiI/view?usp=drivesdk
Agachamento pistola.gif,image/gif,gifs e animaçoes/Gifs com Bonecos/123 Gifs de Calistenia/123 Gifs de Calistenia,https://drive.google.com/file/d/1Gsa-A5hjcGb1JKfCDgM6E0MXsq2O4Mdu/view?usp=drivesdk
Flexões de apoio de mão na parede.gif,image/gif,gifs e animaçoes/Gifs com Bonecos/123 Gifs de Calistenia/123 Gifs de Calistenia,https://drive.google.com/file/d/1IhcZVh0Bkjfr6acRbzUmsRGgzz5NpjRn/view?usp=drivesdk
Agachamento havaiano.gif,image/gif,gifs e animaçoes/Gifs com Bonecos/123 Gifs de Calistenia/123 Gifs de Calistenia,https://drive.google.com/file/d/1J5tfJzadaszovQ3Bu7mQl0qvNHnsUQF_/view?usp=drivesdk
Levantamento de panturrilha com apoio e sobrecarga.gif,image/gif,gifs e animaçoes/Gifs com Bonecos/123 Gifs de Calistenia/123 Gifs de Calistenia,https://drive.google.com/file/d/1O55BVGvhq8-fBOcKkGHjB5Y6lw2UWHRm/view?usp=drivesdk
Flexão diamante.gif,image/gif,gifs e animaçoes/Gifs com Bonecos/123 Gifs de Calistenia/123 Gifs de Calistenia,https://drive.google.com/file/d/1Rc0s_pzsCZ-qI8Z9JR_dS4jNV6-KQErO/view?usp=drivesdk
Barra Fixa para o Braquial.gif,image/gif,gifs e animaçoes/Gifs com Bonecos/123 Gifs de Calistenia/123 Gifs de Calistenia,https://drive.google.com/file/d/1Svd9upqsKl9_UCC2bVY90tACQSThEpWK/view?usp=drivesdk
Agachamento Pistola Apoiado.gif,image/gif,gifs e animaçoes/Gifs com Bonecos/123 Gifs de Calistenia/123 Gifs de Calistenia,https://drive.google.com/file/d/1TEo8gymG-F4MaJ_HQN8WKDV4ET3dVQnf/view?usp=drivesdk
Mergulho de tríceps.gif,image/gif,gifs e animaçoes/Gifs com Bonecos/123 Gifs de Calistenia/123 Gifs de Calistenia,https://drive.google.com/file/d/1ZIBmo2kVxXUjALfBD7KlMFMHGaSe2KAy/view?usp=drivesdk
Mergulho Coreano.gif,image/gif,gifs e animaçoes/Gifs com Bonecos/123 Gifs de Calistenia/123 Gifs de Calistenia,https://drive.google.com/file/d/1f_86BvBePK-qBIMcc9A1CZkG6gi-VsQu/view?usp=drivesdk
Avanço sem Peso Corporal.gif,image/gif,gifs e animaçoes/Gifs com Bonecos/123 Gifs de Calistenia/123 Gifs de Calistenia,https://drive.google.com/file/d/1iABNNnhvPzAGbAPnCzUhIi-Fbr_lbvAP/view?usp=drivesdk
Flexão de Queda.gif,image/gif,gifs e animaçoes/Gifs com Bonecos/123 Gifs de Calistenia/123 Gifs de Calistenia,https://drive.google.com/file/d/1kIsXsOHlUIlFUsdvX3F2vN9Py9tOBDN0/view?usp=drivesdk
Flexão de Perna com Halteres em Decúbito Dorsal.gif,image/gif,gifs e animaçoes/Gifs com Bonecos/123 Gifs de Calistenia/123 Gifs de Calistenia,https://drive.google.com/file/d/1pk4aaGnyBmjJCWDrHSdX7r-uIzh7fYD6/view?usp=drivesdk
Pulo de impulso de quadril de uma perna.gif,image/gif,gifs e animaçoes/Gifs com Bonecos/123 Gifs de Calistenia/123 Gifs de Calistenia,https://drive.google.com/file/d/1rGNfmpeX5hzN7KW03yRD7bthAb7BKILS/view?usp=drivesdk
Bandeira Humana.gif,image/gif,gifs e animaçoes/Gifs com Bonecos/123 Gifs de Calistenia/123 Gifs de Calistenia,https://drive.google.com/file/d/1vqMZGtAkbk6Dn2sit0tnw8is_ubTAnaG/view?usp=drivesdk
Barra fixa com peso.gif,image/gif,gifs e animaçoes/Gifs com Bonecos/123 Gifs de Calistenia/123 Gifs de Calistenia,https://drive.google.com/file/d/1w5ysMTu0vE0boSVK-PsPFhAm3OputD2w/view?usp=drivesdk
Rosca concentrada com perna.gif,image/gif,gifs e animaçoes/Gifs com Bonecos/123 Gifs de Calistenia/123 Gifs de Calistenia,https://drive.google.com/file/d/1-_Vip_I1jVun3tUK2IfiVzRkDSrrloLf/view?usp=drivesdk
Agachamento Pistola na Caixa.gif,image/gif,gifs e animaçoes/Gifs com Bonecos/123 Gifs de Calistenia/123 Gifs de Calistenia,https://drive.google.com/file/d/1-pNrnnzO7KiCDeXzmgH9x7h4jBOcbdmt/view?usp=drivesdk
Levantamento Terra Unilateral.gif,image/gif,gifs e animaçoes/Gifs com Bonecos/123 Gifs de Calistenia/123 Gifs de Calistenia,https://drive.google.com/file/d/10nykdzBcTh1kRDxUydM-xPdEbt2ViVv8/view?usp=drivesdk
Agachamento Sumô sem Pesos.gif,image/gif,gifs e animaçoes/Gifs com Bonecos/123 Gifs de Calistenia/123 Gifs de Calistenia,https://drive.google.com/file/d/10o69HTVxZVg4cZ7xqOHig84au7wWiIJL/view?usp=drivesdk
Agachamento búlgaro com salto.gif,image/gif,gifs e animaçoes/Gifs com Bonecos/123 Gifs de Calistenia/123 Gifs de Calistenia,https://drive.google.com/file/d/11M3nnyu315xwi-f0TBbp41_iK_LKCtzX/view?usp=drivesdk
Salto em Distância.gif,image/gif,gifs e animaçoes/Gifs com Bonecos/123 Gifs de Calistenia/123 Gifs de Calistenia,https://drive.google.com/file/d/1C4zDpgGyepyFm87p2kVrhposLRvOT0D9/view?usp=drivesdk
Agachamento.gif,image/gif,gifs e animaçoes/Gifs com Bonecos/123 Gifs de Calistenia/123 Gifs de Calistenia,https://drive.google.com/file/d/1CRXTouJ_mEFyHAr8T5lskeKp7x9ybr6z/view?usp=drivesdk
Andar de Pato.gif,image/gif,gifs e animaçoes/Gifs com Bonecos/123 Gifs de Calistenia/123 Gifs de Calistenia,https://drive.google.com/file/d/1EuUP6BN4gToqNgloaXu4Q-KVFEE3bw4v/view?usp=drivesdk
Agachamento com Joelho Elevado.gif,image/gif,gifs e animaçoes/Gifs com Bonecos/123 Gifs de Calistenia/123 Gifs de Calistenia,https://drive.google.com/file/d/1QbnR9Nlp5W2ePb6cHzyDdm7LPRJliyxn/view?usp=drivesdk
Planche com Flexão de Braço.gif,image/gif,gifs e animaçoes/Gifs com Bonecos/123 Gifs de Calistenia/123 Gifs de Calistenia,https://drive.google.com/file/d/1R-AkWlTZuujluuLKbhDNaz0AD5YdB7uc/view?usp=drivesdk
Salto para Caixa 2 para 1.gif,image/gif,gifs e animaçoes/Gifs com Bonecos/123 Gifs de Calistenia/123 Gifs de Calistenia,https://drive.google.com/file/d/1XWU0IS_QT7wN3EqHOryiw1ZI6CFmQptj/view?usp=drivesdk
Afundo no banco.gif,image/gif,gifs e animaçoes/Gifs com Bonecos/123 Gifs de Calistenia/123 Gifs de Calistenia,https://drive.google.com/file/d/1iikJN13jhsgeKFj5GszjkhJkfvkcWBBM/view?usp=drivesdk
Afundo Profundo.gif,image/gif,gifs e animaçoes/Gifs com Bonecos/123 Gifs de Calistenia/123 Gifs de Calistenia,https://drive.google.com/file/d/1ry1pC2C7GE-AZpMS0yDrFpxZAouSB5ph/view?usp=drivesdk
Agachamento com Sustentação e Elevação de Panturrilhas.gif,image/gif,gifs e animaçoes/Gifs com Bonecos/123 Gifs de Calistenia/123 Gifs de Calistenia,https://drive.google.com/file/d/1t9tLxqYQKvx4-jNu8p0919GEbsapsIg9/view?usp=drivesdk
Paralelas na Argola.gif,image/gif,gifs e animaçoes/Gifs com Bonecos/123 Gifs de Calistenia/123 Gifs de Calistenia,https://drive.google.com/file/d/1z1GmX_0_9eO4s4z1aV6u458G63MMkJ-P/view?usp=drivesdk
Barra Fixa com Pegada Fechada.gif,image/gif,gifs e animaçoes/Gifs com Bonecos/123 Gifs de Calistenia/123 Gifs de Calistenia,https://drive.google.com/file/d/1zB5gOVYBGFZ_1zPx7icSP_RwwXnnULhj/view?usp=drivesdk
Paralela.gif,image/gif,gifs e animaçoes/Gifs com Bonecos/123 Gifs de Calistenia/123 Gifs de Calistenia,https://drive.google.com/file/d/1zWdgOs4QMeskqT7b4LAu_SJot_SlvRsz/view?usp=drivesdk
Barra fixa com braços alternados.gif,image/gif,gifs e animaçoes/Gifs com Bonecos/123 Gifs de Calistenia/123 Gifs de Calistenia,https://drive.google.com/file/d/157hYghC45RW4yHTdmi-4el1tRVCFsIpw/view?usp=drivesdk
4.gif,image/gif,gifs e animaçoes/Gifs Pessoas Reais/Treino Feminino 4,https://drive.google.com/file/d/1-dam3uQpPYWSg9-pUOGwop48JbGZUlM6/view?usp=drivesdk
12.gif,image/gif,gifs e animaçoes/Gifs Pessoas Reais/Treino Feminino 4,https://drive.google.com/file/d/10SeJHCx_RHk-AW2NA_guhKJlk4l1ZYii/view?usp=drivesdk
19.gif,image/gif,gifs e animaçoes/Gifs Pessoas Reais/Treino Feminino 4,https://drive.google.com/file/d/13dVM_ODvH7iRXXNbITSfaW_shIVg0Yiy/view?usp=drivesdk
1.gif,image/gif,gifs e animaçoes/Gifs Pessoas Reais/Treino Feminino 4,https://drive.google.com/file/d/13vfbdAbsShw6xFNbObrryK6MRnmpvvcx/view?usp=drivesdk
11.gif,image/gif,gifs e animaçoes/Gifs Pessoas Reais/Treino Feminino 4,https://drive.google.com/file/d/14jXiGP5lZR9IhjWNWHuum6ZC4Kivk87o/view?usp=drivesdk
37.gif,image/gif,gifs e animaçoes/Gifs Pessoas Reais/Treino Feminino 4,https://drive.google.com/file/d/169ClAsJCcnznotIU_0jjYrlOJ-10d15j/view?usp=drivesdk
5.gif,image/gif,gifs e animaçoes/Gifs Pessoas Reais/Treino Feminino 4,https://drive.google.com/file/d/1737QqcqmpodnP_4n6MdaMFe2ggfrpdFH/view?usp=drivesdk
31.gif,image/gif,gifs e animaçoes/Gifs Pessoas Reais/Treino Feminino 4,https://drive.google.com/file/d/1ADc_oL_psPsbhGgCNEBAnA6HMxT_VD82/view?usp=drivesdk
24.gif,image/gif,gifs e animaçoes/Gifs Pessoas Reais/Treino Feminino 4,https://drive.google.com/file/d/1B1lUN76bol5EHt-b7D1twrCi6GOydgb6/view?usp=drivesdk
32.gif,image/gif,gifs e animaçoes/Gifs Pessoas Reais/Treino Feminino 4,https://drive.google.com/file/d/1Dg_XfDu5iSypqRoibw0Yq9rXWfwmcREQ/view?usp=drivesdk
25.gif,image/gif,gifs e animaçoes/Gifs Pessoas Reais/Treino Feminino 4,https://drive.google.com/file/d/1DyAqBmQGRDIDP15uDTlFtxeaYD0jlSTY/view?usp=drivesdk
36.gif,image/gif,gifs e animaçoes/Gifs Pessoas Reais/Treino Feminino 4,https://drive.google.com/file/d/1G2kDlCj_aJ4avJ4vW2w5yBpx7jXtETjZ/view?usp=drivesdk
28.gif,image/gif,gifs e animaçoes/Gifs Pessoas Reais/Treino Feminino 4,https://drive.google.com/file/d/1H5wXC16smwQenoXjl66bBk9SrxldGr3H/view?usp=drivesdk
9.gif,image/gif,gifs e animaçoes/Gifs Pessoas Reais/Treino Feminino 4,https://drive.google.com/file/d/1HjxjC5sHwDq8EKSO6cDjYQFxVf1BR8tu/view?usp=drivesdk
10.gif,image/gif,gifs e animaçoes/Gifs Pessoas Reais/Treino Feminino 4,https://drive.google.com/file/d/1NXelabsoX3Dsa2kUC-Uk7Ya3ozXukQY6/view?usp=drivesdk
33.gif,image/gif,gifs e animaçoes/Gifs Pessoas Reais/Treino Feminino 4,https://drive.google.com/file/d/1Sv38AM-a7MDhQhxYXLKojauKrg3M4M_K/view?usp=drivesdk
7.gif,image/gif,gifs e animaçoes/Gifs Pessoas Reais/Treino Feminino 4,https://drive.google.com/file/d/1WNY16MKX0NFDd3blB-QVCVjNQsszCY68/view?usp=drivesdk
22.gif,image/gif,gifs e animaçoes/Gifs Pessoas Reais/Treino Feminino 4,https://drive.google.com/file/d/1Wgmy_rcMOOzWtwf8EAv6ZYNKueX1f3yj/view?usp=drivesdk
21.gif,image/gif,gifs e animaçoes/Gifs Pessoas Reais/Treino Feminino 4,https://drive.google.com/file/d/1a01u95lUhR5HB1_UblWpD9rb3EhtB3bq/view?usp=drivesdk
15.gif,image/gif,gifs e animaçoes/Gifs Pessoas Reais/Treino Feminino 4,https://drive.google.com/file/d/1cDMa-8IOQpvS-NTBlLZOgjbKgbOGDqHn/view?usp=drivesdk
39.gif,image/gif,gifs e animaçoes/Gifs Pessoas Reais/Treino Feminino 4,https://drive.google.com/file/d/1dABeDuPsqVccOrC3MZYBbrV7F4V2WjZ5/view?usp=drivesdk
3.gif,image/gif,gifs e animaçoes/Gifs Pessoas Reais/Treino Feminino 4,https://drive.google.com/file/d/1k6ZA-hunB1x2EfBczfvlIK9X5WgXmbSe/view?usp=drivesdk
17.gif,image/gif,gifs e animaçoes/Gifs Pessoas Reais/Treino Feminino 4,https://drive.google.com/file/d/1kB5DS5LrgbVrgD9E0SbPtp8x3bDLwU0K/view?usp=drivesdk
35.gif,image/gif,gifs e animaçoes/Gifs Pessoas Reais/Treino Feminino 4,https://drive.google.com/file/d/1ob9MDSnYWNxdzuL7FR50zmeSsDRCVVsO/view?usp=drivesdk
14.gif,image/gif,gifs e animaçoes/Gifs Pessoas Reais/Treino Feminino 4,https://drive.google.com/file/d/1qY1GmY9z_zyc7Na7coU8425ewS-FHLsa/view?usp=drivesdk
8.gif,image/gif,gifs e animaçoes/Gifs Pessoas Reais/Treino Feminino 4,https://drive.google.com/file/d/1r4WjWcoa-p3qUCaMEgV2YUQW5UQczp2C/view?usp=drivesdk
27.gif,image/gif,gifs e animaçoes/Gifs Pessoas Reais/Treino Feminino 4,https://drive.google.com/file/d/11cUdCUL5r-3JXmsP_1mR2o_gwCNMdsAG/view?usp=drivesdk
18.gif,image/gif,gifs e animaçoes/Gifs Pessoas Reais/Treino Feminino 4,https://drive.google.com/file/d/11zNFhjErXLzKtxgReBU8ihjRryJtkyFb/view?usp=drivesdk
16.gif,image/gif,gifs e animaçoes/Gifs Pessoas Reais/Treino Feminino 4,https://drive.google.com/file/d/17ZPYtXgppq9CD3APiMKc9C24JDkTFY5j/view?usp=drivesdk
38.gif,image/gif,gifs e animaçoes/Gifs Pessoas Reais/Treino Feminino 4,https://drive.google.com/file/d/19AUJup8Afu8F1emW6WX83-K2UmmAc2vl/view?usp=drivesdk
34.gif,image/gif,gifs e animaçoes/Gifs Pessoas Reais/Treino Feminino 4,https://drive.google.com/file/d/1Br5GhMjL4jOl1d7XFc6zboamT3LoppEd/view?usp=drivesdk
29.gif,image/gif,gifs e animaçoes/Gifs Pessoas Reais/Treino Feminino 4,https://drive.google.com/file/d/1GamZQry4Tkogw84a4kVg43dn5fvW2dpa/view?usp=drivesdk
13.gif,image/gif,gifs e animaçoes/Gifs Pessoas Reais/Treino Feminino 4,https://drive.google.com/file/d/1LWUmAcTjEodQm2QojBaKamm0ahAUSaMH/view?usp=drivesdk
40.gif,image/gif,gifs e animaçoes/Gifs Pessoas Reais/Treino Feminino 4,https://drive.google.com/file/d/1LmOcsQD5KFFRCY7E8bcg6nw9-Io6kT1f/view?usp=drivesdk
23.gif,image/gif,gifs e animaçoes/Gifs Pessoas Reais/Treino Feminino 4,https://drive.google.com/file/d/1SXerJ-ljyvy_0Uh6y1PTP7gvnIV02FlH/view?usp=drivesdk
30.gif,image/gif,gifs e animaçoes/Gifs Pessoas Reais/Treino Feminino 4,https://drive.google.com/file/d/1_qZpntgRY7pbCkSLWQ_KBQtw74U7w34e/view?usp=drivesdk
2.gif,image/gif,gifs e animaçoes/Gifs Pessoas Reais/Treino Feminino 4,https://drive.google.com/file/d/1_w_WHszD1YNWhqnmGM_8JXqfNmPYngxq/view?usp=drivesdk
6.gif,image/gif,gifs e animaçoes/Gifs Pessoas Reais/Treino Feminino 4,https://drive.google.com/file/d/1g0Owxp43jJoQiAtvQWqBLFgjfq-EoPxt/view?usp=drivesdk
20.gif,image/gif,gifs e animaçoes/Gifs Pessoas Reais/Treino Feminino 4,https://drive.google.com/file/d/1hT0_RGsRMv0lwcY4ZPo7985x7sgCGvda/view?usp=drivesdk
26.gif,image/gif,gifs e animaçoes/Gifs Pessoas Reais/Treino Feminino 4,https://drive.google.com/file/d/1hjcfRJpDNjOjgD1sgSz7PwGHDjyXCddv/view?usp=drivesdk
03.mp4,video/mp4,gifs e animaçoes/Gifs Pessoas Reais/Treino Feminino 5/#VÍDEOS TRAINER,https://drive.google.com/file/d/113BSWsZtft2hJ7gztXBMuQsxAdTAGPLP/view?usp=drivesdk
08.mp4,video/mp4,gifs e animaçoes/Gifs Pessoas Reais/Treino Feminino 5/#VÍDEOS TRAINER,https://drive.google.com/file/d/12V2Ar-_KKwXY1SLFWyiuLPtPeB5QFgk1/view?usp=drivesdk
VÍDEO CADEIRA.mp4,video/mp4,gifs e animaçoes/Gifs Pessoas Reais/Treino Feminino 5/#VÍDEOS TRAINER,https://drive.google.com/file/d/1BI0pbe6DL_UFWVeNc7rgnr-BtqjmxJ56/view?usp=drivesdk
02.mp4,video/mp4,gifs e animaçoes/Gifs Pessoas Reais/Treino Feminino 5/#VÍDEOS TRAINER,https://drive.google.com/file/d/1LhQDh_wJ_cjqqA0HVdcyZBx3o5ITerCp/view?usp=drivesdk
00.mp4,video/mp4,gifs e animaçoes/Gifs Pessoas Reais/Treino Feminino 5/#VÍDEOS TRAINER,https://drive.google.com/file/d/1VI0l2OSiTMKndqf-tigygPcGXirMoJg_/view?usp=drivesdk
07.mp4,video/mp4,gifs e animaçoes/Gifs Pessoas Reais/Treino Feminino 5/#VÍDEOS TRAINER,https://drive.google.com/file/d/1hXutcED2VN8OUdR4MYJMHms29xLhawm0/view?usp=drivesdk
09.mp4,video/mp4,gifs e animaçoes/Gifs Pessoas Reais/Treino Feminino 5/#VÍDEOS TRAINER,https://drive.google.com/file/d/1tcmiTc5emf0SEhtVWTR8LkBMb53UG_jI/view?usp=drivesdk
06.mp4,video/mp4,gifs e animaçoes/Gifs Pessoas Reais/Treino Feminino 5/#VÍDEOS TRAINER,https://drive.google.com/file/d/1ym9_ZyUhbmiDOHwuIyTFut8Uar_KCcOu/view?usp=drivesdk
crocante de estrela do mar.mp4,video/mp4,gifs e animaçoes/Gifs Pessoas Reais/Treino Feminino 5/#VÍDEOS BEACH,https://drive.google.com/file/d/107uemYVKSKdreYmCOscfDW2GR8l0DcPZ/view?usp=drivesdk
Crunch do joelho ao cotovelo em pé.mp4,video/mp4,gifs e animaçoes/Gifs Pessoas Reais/Treino Feminino 5/#VÍDEOS BEACH,https://drive.google.com/file/d/1D07Bwi2EriYngVvhm16z_aT02cIUwvpi/view?usp=drivesdk
1.mp4,video/mp4,gifs e animaçoes/Gifs Pessoas Reais/Treino Feminino 5/#VÍDEOS BEACH,https://drive.google.com/file/d/1ExekDhNYCOjIJXtXisaVU3lWonbR2whC/view?usp=drivesdk
V-Sits.mp4,video/mp4,gifs e animaçoes/Gifs Pessoas Reais/Treino Feminino 5/#VÍDEOS BEACH,https://drive.google.com/file/d/1Ezva9n0bb-2vBTjvSkq7BYFRyzzeOMIR/view?usp=drivesdk
Tônicos para barriga.mp4,video/mp4,gifs e animaçoes/Gifs Pessoas Reais/Treino Feminino 5/#VÍDEOS BEACH,https://drive.google.com/file/d/1gEkN13ufCqElsJgcY9Nq-VOpTrViALbQ/view?usp=drivesdk
Passeio de biquíni.mp4,video/mp4,gifs e animaçoes/Gifs Pessoas Reais/Treino Feminino 5/#VÍDEOS BEACH,https://drive.google.com/file/d/16QhH0ht_aZrVkQ757EB5_p_t3V5KAkqA/view?usp=drivesdk
Walkout e push-up.mp4,video/mp4,gifs e animaçoes/Gifs Pessoas Reais/Treino Feminino 5/#VÍDEOS BEACH,https://drive.google.com/file/d/16gbGCpWB7rX4Jr1W8foMZM2k_tcwgZju/view?usp=drivesdk
Wave Plank e extensão de tríceps.mp4,video/mp4,gifs e animaçoes/Gifs Pessoas Reais/Treino Feminino 5/#VÍDEOS BEACH,https://drive.google.com/file/d/1FPqNwrtGz-DsxekxSUGtog59b597A28P/view?usp=drivesdk
Agachamento Seashell.mp4,video/mp4,gifs e animaçoes/Gifs Pessoas Reais/Treino Feminino 5/#VÍDEOS BEACH,https://drive.google.com/file/d/1IKJM4AoUacv07znAqBCoYByvHzyZX7GN/view?usp=drivesdk
Sandy Curl and Press.mp4,video/mp4,gifs e animaçoes/Gifs Pessoas Reais/Treino Feminino 5/#VÍDEOS BEACH,https://drive.google.com/file/d/1Lmt5H1AFkc2MICPDpF1KocH8Yz-Kq9c_/view?usp=drivesdk
6.mp4,video/mp4,gifs e animaçoes/Gifs Pessoas Reais/Treino Feminino 5/#VÍDEOS BEACH,https://drive.google.com/file/d/1N9r0nqfAjMMRdKj3xyS5_qc-fF537V6z/view?usp=drivesdk
Single-Leg Side Crunch.mp4,video/mp4,gifs e animaçoes/Gifs Pessoas Reais/Treino Feminino 5/#VÍDEOS BEACH,https://drive.google.com/file/d/1NY53ew4bqkEaOhBsZYxfxXJhhLnARaQB/view?usp=drivesdk
5.mp4,video/mp4,gifs e animaçoes/Gifs Pessoas Reais/Treino Feminino 5/#VÍDEOS BEACH,https://drive.google.com/file/d/1O3TDTR62DQIFGBEz23ZdjaZLNbB-utkF/view?usp=drivesdk
Dumbbell Tips.mp4,video/mp4,gifs e animaçoes/Gifs Pessoas Reais/Treino Feminino 5/#VÍDEOS BEACH,https://drive.google.com/file/d/1T53hx89TthS-uup8-TVRi-i5G18TMQw_/view?usp=drivesdk
Touch Those Toes.mp4,video/mp4,gifs e animaçoes/Gifs Pessoas Reais/Treino Feminino 5/#VÍDEOS BEACH,https://drive.google.com/file/d/1WzP7VfFm3Peb4TCvPSa-8-cMu-ffgiO3/view?usp=drivesdk
Down Dog to Forearms.mp4,video/mp4,gifs e animaçoes/Gifs Pessoas Reais/Treino Feminino 5/#VÍDEOS BEACH,https://drive.google.com/file/d/1XShKZO3JrdIyRW6-P5C6p5Sbwf4WI5Zc/view?usp=drivesdk
3.mp4,video/mp4,gifs e animaçoes/Gifs Pessoas Reais/Treino Feminino 5/#VÍDEOS BEACH,https://drive.google.com/file/d/1Z-TfeU4_YiXImzVwc74VoXB8SIyXSyUn/view?usp=drivesdk
Plank Tuck Jumps.mp4,video/mp4,gifs e animaçoes/Gifs Pessoas Reais/Treino Feminino 5/#VÍDEOS BEACH,https://drive.google.com/file/d/1fQxAYH976zB66e4usuCiGJxI_Nwl5uU2/view?usp=drivesdk
Abdominais.mp4,video/mp4,gifs e animaçoes/Gifs Pessoas Reais/Treino Feminino 5/#VÍDEOS BEACH,https://drive.google.com/file/d/1gMAFrROkhalMDG5tFxcEhKknbmlkKJd4/view?usp=drivesdk
Tuck Jump.mp4,video/mp4,gifs e animaçoes/Gifs Pessoas Reais/Treino Feminino 5/#VÍDEOS BEACH,https://drive.google.com/file/d/1hbKKk7DOy1hNUcWpEIV0Tu8kQoRRDbsz/view?usp=drivesdk
2.mp4,video/mp4,gifs e animaçoes/Gifs Pessoas Reais/Treino Feminino 5/#VÍDEOS BEACH,https://drive.google.com/file/d/1iaStbPCHTSuscgoPzdGL563uF81uXov1/view?usp=drivesdk
4.mp4,video/mp4,gifs e animaçoes/Gifs Pessoas Reais/Treino Feminino 5/#VÍDEOS BEACH,https://drive.google.com/file/d/1ilosm5RkB4D-y7LW60RmMPFT3QGstdjD/view?usp=drivesdk
Knee to Elbow With a Twist.mp4,video/mp4,gifs e animaçoes/Gifs Pessoas Reais/Treino Feminino 5/#VÍDEOS BEACH,https://drive.google.com/file/d/1r2oMTjHRsNaRi-ituEdLw4Xs9H8OEc5X/view?usp=drivesdk
trituração de sereia.mp4,video/mp4,gifs e animaçoes/Gifs Pessoas Reais/Treino Feminino 5/#VÍDEOS BEACH,https://drive.google.com/file/d/1tGbgUfecC9QBOEki6Z8DtibANjM5YFlB/view?usp=drivesdk
95.mp4,video/mp4,gifs e animaçoes/Gifs Pessoas Reais/Treino Feminino 5/#VÍDEOS 90,https://drive.google.com/file/d/13M3iGTL_npDoq5vkCE-32RSACgnR0I80/view?usp=drivesdk
96.mp4,video/mp4,gifs e animaçoes/Gifs Pessoas Reais/Treino Feminino 5/#VÍDEOS 90,https://drive.google.com/file/d/1kCLL-gq5ixmpbiTHaiH8zcbcwHXl1N3m/view?usp=drivesdk
93.mp4,video/mp4,gifs e animaçoes/Gifs Pessoas Reais/Treino Feminino 5/#VÍDEOS 90,https://drive.google.com/file/d/1owK26QaPTp90tPX7dlWDDRrZUUWTkHvF/view?usp=drivesdk
94.mp4,video/mp4,gifs e animaçoes/Gifs Pessoas Reais/Treino Feminino 5/#VÍDEOS 90,https://drive.google.com/file/d/1rBq09u14Bf18nQ8DryCpPJr5Ymr4ttJa/view?usp=drivesdk
92.mp4,video/mp4,gifs e animaçoes/Gifs Pessoas Reais/Treino Feminino 5/#VÍDEOS 90,https://drive.google.com/file/d/18p2jUPslf3e9Oxh8io1Sn8Wp2jTJNEJa/view?usp=drivesdk
90.mp4,video/mp4,gifs e animaçoes/Gifs Pessoas Reais/Treino Feminino 5/#VÍDEOS 90,https://drive.google.com/file/d/1Ht5Qk706UIHEA_7EBDN2qkYcDVMBmgU8/view?usp=drivesdk
97.mp4,video/mp4,gifs e animaçoes/Gifs Pessoas Reais/Treino Feminino 5/#VÍDEOS 90,https://drive.google.com/file/d/1L54MqU-XUPXViE92fMTDiEZg1l6v7yXE/view?usp=drivesdk
91.mp4,video/mp4,gifs e animaçoes/Gifs Pessoas Reais/Treino Feminino 5/#VÍDEOS 90,https://drive.google.com/file/d/1r8j_FzgFatc61044C_nM_xJsyw0cAupN/view?usp=drivesdk
98.mp4,video/mp4,gifs e animaçoes/Gifs Pessoas Reais/Treino Feminino 5/#VÍDEOS 90,https://drive.google.com/file/d/1x6NQp6vYSfWa_yudaXk2hpaLaOhu5RSa/view?usp=drivesdk
99.mp4,video/mp4,gifs e animaçoes/Gifs Pessoas Reais/Treino Feminino 5/#VÍDEOS 90,https://drive.google.com/file/d/1zmvUO4ab-zNYVTa5-NUKQWjTxvD1Fc4o/view?usp=drivesdk
89.mp4,video/mp4,gifs e animaçoes/Gifs Pessoas Reais/Treino Feminino 5/#VÍDEOS 80,https://drive.google.com/file/d/12dRFULwLT1ph7LYs6z2VSwIWpcyUCr21/view?usp=drivesdk
83.mp4,video/mp4,gifs e animaçoes/Gifs Pessoas Reais/Treino Feminino 5/#VÍDEOS 80,https://drive.google.com/file/d/133CxuCP4PWLpgxUIllldSYwWrv-mTfza/view?usp=drivesdk
85.mp4,video/mp4,gifs e animaçoes/Gifs Pessoas Reais/Treino Feminino 5/#VÍDEOS 80,https://drive.google.com/file/d/1B16mYubJvt-BL3RET1YdBUHGhOM5VWSI/view?usp=drivesdk
81.mp4,video/mp4,gifs e animaçoes/Gifs Pessoas Reais/Treino Feminino 5/#VÍDEOS 80,https://drive.google.com/file/d/1VaUIfed9-NZCZPJ7gxJ13qToHxmHIUEz/view?usp=drivesdk
84.mp4,video/mp4,gifs e animaçoes/Gifs Pessoas Reais/Treino Feminino 5/#VÍDEOS 80,https://drive.google.com/file/d/1Wbqq3yUIsR-CJgUcpT5ximOOJ2RmchhO/view?usp=drivesdk
86.mp4,video/mp4,gifs e animaçoes/Gifs Pessoas Reais/Treino Feminino 5/#VÍDEOS 80,https://drive.google.com/file/d/1Z9bIEbj5-N9nAIAzgZF3khpMFx0UmMfa/view?usp=drivesdk
87.mp4,video/mp4,gifs e animaçoes/Gifs Pessoas Reais/Treino Feminino 5/#VÍDEOS 80,https://drive.google.com/file/d/1jgHuh_kPZAFu3_hmOYo_d4eAUCbTYavv/view?usp=drivesdk
80.mp4,video/mp4,gifs e animaçoes/Gifs Pessoas Reais/Treino Feminino 5/#VÍDEOS 80,https://drive.google.com/file/d/1p1So9HCh7hhjoyL2e4mnvb9voBfLW0Fl/view?usp=drivesdk
82.mp4,video/mp4,gifs e animaçoes/Gifs Pessoas Reais/Treino Feminino 5/#VÍDEOS 80,https://drive.google.com/file/d/1sZyJTHYYRteZUU6wKXWzhKx8V-6BnMKF/view?usp=drivesdk
88.mp4,video/mp4,gifs e animaçoes/Gifs Pessoas Reais/Treino Feminino 5/#VÍDEOS 80,https://drive.google.com/file/d/1yrTSMUSbaT0DOIz3tCeyry7onf5asNTY/view?usp=drivesdk
70.mp4,video/mp4,gifs e animaçoes/Gifs Pessoas Reais/Treino Feminino 5/#VÍDEOS 70,https://drive.google.com/file/d/12mUqNstSQyJq_uNWgsHhY8qVSp5VbvhN/view?usp=drivesdk
74.mp4,video/mp4,gifs e animaçoes/Gifs Pessoas Reais/Treino Feminino 5/#VÍDEOS 70,https://drive.google.com/file/d/193knjiW_R5yS2XwSttPOxmfyTvQsSF78/view?usp=drivesdk
77.mp4,video/mp4,gifs e animaçoes/Gifs Pessoas Reais/Treino Feminino 5/#VÍDEOS 70,https://drive.google.com/file/d/19hMl1WMskSzxuySVvqigYt4_V1_Pw6KF/view?usp=drivesdk
75.mp4,video/mp4,gifs e animaçoes/Gifs Pessoas Reais/Treino Feminino 5/#VÍDEOS 70,https://drive.google.com/file/d/1GVqWwq_eHXtldKbxAcWjp6c1DGMyXk6L/view?usp=drivesdk
78.mp4,video/mp4,gifs e animaçoes/Gifs Pessoas Reais/Treino Feminino 5/#VÍDEOS 70,https://drive.google.com/file/d/1HyOMJgEeeZwDCQ58fNDEiiKNe7NXUyd-/view?usp=drivesdk
79.mp4,video/mp4,gifs e animaçoes/Gifs Pessoas Reais/Treino Feminino 5/#VÍDEOS 70,https://drive.google.com/file/d/1_TEuxADMz7-pQfnmndU7YwWenu2WyERQ/view?usp=drivesdk
71.mp4,video/mp4,gifs e animaçoes/Gifs Pessoas Reais/Treino Feminino 5/#VÍDEOS 70,https://drive.google.com/file/d/1_VXQIoDV4HB8iQgapc-jXKak6_BsSUKj/view?usp=drivesdk
76.mp4,video/mp4,gifs e animaçoes/Gifs Pessoas Reais/Treino Feminino 5/#VÍDEOS 70,https://drive.google.com/file/d/1i6PGsTI-45WqwqCac-36EvY1iGucKiY9/view?usp=drivesdk
73.mp4,video/mp4,gifs e animaçoes/Gifs Pessoas Reais/Treino Feminino 5/#VÍDEOS 70,https://drive.google.com/file/d/1u0TL-xMIAkvrQF9aaK7xP3rQadlhj0eo/view?usp=drivesdk
72.mp4,video/mp4,gifs e animaçoes/Gifs Pessoas Reais/Treino Feminino 5/#VÍDEOS 70,https://drive.google.com/file/d/1v5OVWYiEcDb2OLIlixMOK5A6m4hjnsr4/view?usp=drivesdk
30.mp4,video/mp4,gifs e animaçoes/Gifs Pessoas Reais/Treino Feminino 5/#VÍDEOS 30,https://drive.google.com/file/d/16fA-dOsIz1CqELsfRZyl7UsMl_hTvANb/view?usp=drivesdk
39.mp4,video/mp4,gifs e animaçoes/Gifs Pessoas Reais/Treino Feminino 5/#VÍDEOS 30,https://drive.google.com/file/d/1BEp6Lcq-zN9ymd2BJJRje_NcVzIdx-Fd/view?usp=drivesdk
33.mp4,video/mp4,gifs e animaçoes/Gifs Pessoas Reais/Treino Feminino 5/#VÍDEOS 30,https://drive.google.com/file/d/1RszK-qt6M6IadM4RX8m4HKjZsTL-wHPW/view?usp=drivesdk
35.mp4,video/mp4,gifs e animaçoes/Gifs Pessoas Reais/Treino Feminino 5/#VÍDEOS 30,https://drive.google.com/file/d/1SbB6n9AQroe4nv1kwXHe7Aw7wbt987g5/view?usp=drivesdk
32.mp4,video/mp4,gifs e animaçoes/Gifs Pessoas Reais/Treino Feminino 5/#VÍDEOS 30,https://drive.google.com/file/d/1YIFoD5d4ccGR4gq3W0uz8QoD0NlnGpm7/view?usp=drivesdk
36.mp4,video/mp4,gifs e animaçoes/Gifs Pessoas Reais/Treino Feminino 5/#VÍDEOS 30,https://drive.google.com/file/d/1cFtPVrpO_hvq-PuFA9UUeclGpRK_b31W/view?usp=drivesdk
31.mp4,video/mp4,gifs e animaçoes/Gifs Pessoas Reais/Treino Feminino 5/#VÍDEOS 30,https://drive.google.com/file/d/1fnL34KcwSO_63fa96DHs7__UHSs0oIy4/view?usp=drivesdk
34.mp4,video/mp4,gifs e animaçoes/Gifs Pessoas Reais/Treino Feminino 5/#VÍDEOS 30,https://drive.google.com/file/d/1kFrqRiN3IHruDrR_ZhDoJwR3OxGpNJHd/view?usp=drivesdk
37.mp4,video/mp4,gifs e animaçoes/Gifs Pessoas Reais/Treino Feminino 5/#VÍDEOS 30,https://drive.google.com/file/d/1niZhONsXoFn4toX87LELsUVy5Ry3dcBY/view?usp=drivesdk
38.mp4,video/mp4,gifs e animaçoes/Gifs Pessoas Reais/Treino Feminino 5/#VÍDEOS 30,https://drive.google.com/file/d/1zLoQ3HEeegYjakS5gcz6t-drN3nuFphR/view?usp=drivesdk
41.mp4,video/mp4,gifs e animaçoes/Gifs Pessoas Reais/Treino Feminino 5/#VÍDEOS 40,https://drive.google.com/file/d/162sN2ot8QHFOUSrS6MhcRewZM3lMjGkT/view?usp=drivesdk
44.mp4,video/mp4,gifs e animaçoes/Gifs Pessoas Reais/Treino Feminino 5/#VÍDEOS 40,https://drive.google.com/file/d/1RjqlzST6NMljZcVg7URdk6KQNmEnxmZ1/view?usp=drivesdk
48.mp4,video/mp4,gifs e animaçoes/Gifs Pessoas Reais/Treino Feminino 5/#VÍDEOS 40,https://drive.google.com/file/d/1zAEXKAGDsW8XhB3KWTldrWmsj2axV6vI/view?usp=drivesdk
45.mp4,video/mp4,gifs e animaçoes/Gifs Pessoas Reais/Treino Feminino 5/#VÍDEOS 40,https://drive.google.com/file/d/1RAacIBLYA0nXvl5AS10gWkTrQc-0Q8Mx/view?usp=drivesdk
43.mp4,video/mp4,gifs e animaçoes/Gifs Pessoas Reais/Treino Feminino 5/#VÍDEOS 40,https://drive.google.com/file/d/1ajcuUKU4RlQDx1GPxWKDROIzn5KEbKfW/view?usp=drivesdk
46.mp4,video/mp4,gifs e animaçoes/Gifs Pessoas Reais/Treino Feminino 5/#VÍDEOS 40,https://drive.google.com/file/d/1ciO0rRjCqsul7SEWvKIqDmXqsD-CY5_0/view?usp=drivesdk
49.mp4,video/mp4,gifs e animaçoes/Gifs Pessoas Reais/Treino Feminino 5/#VÍDEOS 40,https://drive.google.com/file/d/1dtcgOEjb-6DTW1dm7euSUBxqz2vZeinJ/view?usp=drivesdk
40.mp4,video/mp4,gifs e animaçoes/Gifs Pessoas Reais/Treino Feminino 5/#VÍDEOS 40,https://drive.google.com/file/d/1nN7rvj4-Dvy_cdwhpuM0BDBqDTGMZHhy/view?usp=drivesdk
42.mp4,video/mp4,gifs e animaçoes/Gifs Pessoas Reais/Treino Feminino 5/#VÍDEOS 40,https://drive.google.com/file/d/1pJZm7kmtr7w6a4iFdAwz8xA-BvYH3a0y/view?usp=drivesdk
47.mp4,video/mp4,gifs e animaçoes/Gifs Pessoas Reais/Treino Feminino 5/#VÍDEOS 40,https://drive.google.com/file/d/1rLCigA81f8EF_jsL21DWFh_vP6FgSdYX/view?usp=drivesdk
104.mp4,video/mp4,gifs e animaçoes/Gifs Pessoas Reais/Treino Feminino 5/#VÍDEOS 100,https://drive.google.com/file/d/1Rgsm5IY8FdpnmkYsjRrnK18edJYMF6ct/view?usp=drivesdk
100.mp4,video/mp4,gifs e animaçoes/Gifs Pessoas Reais/Treino Feminino 5/#VÍDEOS 100,https://drive.google.com/file/d/1Y3fJkZ0DLkcEO4eNqOLcyyE0rUuvJd8v/view?usp=drivesdk
103.mp4,video/mp4,gifs e animaçoes/Gifs Pessoas Reais/Treino Feminino 5/#VÍDEOS 100,https://drive.google.com/file/d/1eGgzYqZT9prHp_spNkxkis2-76pY_xQH/view?usp=drivesdk
101.mp4,video/mp4,gifs e animaçoes/Gifs Pessoas Reais/Treino Feminino 5/#VÍDEOS 100,https://drive.google.com/file/d/1pVP0PJWhhwK__z174Ef_tF4-mq6w5O9M/view?usp=drivesdk
107.mp4,video/mp4,gifs e animaçoes/Gifs Pessoas Reais/Treino Feminino 5/#VÍDEOS 100,https://drive.google.com/file/d/1zF3EUMKF5uvbgZwL6QX9EUrC79NYqVTI/view?usp=drivesdk
102.mp4,video/mp4,gifs e animaçoes/Gifs Pessoas Reais/Treino Feminino 5/#VÍDEOS 100,https://drive.google.com/file/d/14hffmoLG8FABMUDPqpbJRsYjHS9Z-Xyh/view?usp=drivesdk
106.mp4,video/mp4,gifs e animaçoes/Gifs Pessoas Reais/Treino Feminino 5/#VÍDEOS 100,https://drive.google.com/file/d/1XHWYhROQfBqf6s1nsqBOLN6ZsCdC7-Gi/view?usp=drivesdk
105.mp4,video/mp4,gifs e animaçoes/Gifs Pessoas Reais/Treino Feminino 5/#VÍDEOS 100,https://drive.google.com/file/d/1tMtDro-MXsmX7EQjtgewz5lEfRl0wIDo/view?usp=drivesdk
108.mp4,video/mp4,gifs e animaçoes/Gifs Pessoas Reais/Treino Feminino 5/#VÍDEOS 100,https://drive.google.com/file/d/1v0lYM732MdphZ8dTUtKPnkaXiSrwtB47/view?usp=drivesdk
54.mp4,video/mp4,gifs e animaçoes/Gifs Pessoas Reais/Treino Feminino 5/#VÍDEOS 50,https://drive.google.com/file/d/1AR4TSx6fYV9Cj1rIQmJzNcbSach4ydyb/view?usp=drivesdk
57.mp4,video/mp4,gifs e animaçoes/Gifs Pessoas Reais/Treino Feminino 5/#VÍDEOS 50,https://drive.google.com/file/d/1CQm8VhymGXejywjWDKCwsqu9BpRuiUdz/view?usp=drivesdk
59.mp4,video/mp4,gifs e animaçoes/Gifs Pessoas Reais/Treino Feminino 5/#VÍDEOS 50,https://drive.google.com/file/d/1IyHjSQnO0DR2YYh9YZfEL_6XdUa7OvUh/view?usp=drivesdk
56.mp4,video/mp4,gifs e animaçoes/Gifs Pessoas Reais/Treino Feminino 5/#VÍDEOS 50,https://drive.google.com/file/d/1KIEcPzBuovL1HhGs4XRHaBEs0kGZRI-q/view?usp=drivesdk
51.mp4,video/mp4,gifs e animaçoes/Gifs Pessoas Reais/Treino Feminino 5/#VÍDEOS 50,https://drive.google.com/file/d/1MRU0zfQ2v6g_dwZo2MDvZMGxoUGT8pY4/view?usp=drivesdk
52.mp4,video/mp4,gifs e animaçoes/Gifs Pessoas Reais/Treino Feminino 5/#VÍDEOS 50,https://drive.google.com/file/d/1bO_qvi7WJTCue0o86yoKMAmACcbrRk8o/view?usp=drivesdk
53.mp4,video/mp4,gifs e animaçoes/Gifs Pessoas Reais/Treino Feminino 5/#VÍDEOS 50,https://drive.google.com/file/d/1fHj-9B8qeijR831nJEbSZr589s8ZHIOV/view?usp=drivesdk
50.mp4,video/mp4,gifs e animaçoes/Gifs Pessoas Reais/Treino Feminino 5/#VÍDEOS 50,https://drive.google.com/file/d/1rPG2b0AQQJ1ihZqwTksJ4T7MADfPSXeu/view?usp=drivesdk
55.mp4,video/mp4,gifs e animaçoes/Gifs Pessoas Reais/Treino Feminino 5/#VÍDEOS 50,https://drive.google.com/file/d/1toa50Ef1BxWjHMoG3f_zoXobXpUi99lf/view?usp=drivesdk
58.mp4,video/mp4,gifs e animaçoes/Gifs Pessoas Reais/Treino Feminino 5/#VÍDEOS 50,https://drive.google.com/file/d/1uTCJLnudLPmpFxB1ZpOs8CAAG0WPJrhD/view?usp=drivesdk
12.mp4,video/mp4,gifs e animaçoes/Gifs Pessoas Reais/Treino Feminino 5/#VÍDEOS 10,https://drive.google.com/file/d/1Aqdhip7JN-XANEGGgdajfLFqyCFuWdlP/view?usp=drivesdk
16.mp4,video/mp4,gifs e animaçoes/Gifs Pessoas Reais/Treino Feminino 5/#VÍDEOS 10,https://drive.google.com/file/d/16ecdC6gJyHIwtR73d21KRLMminfUJw6K/view?usp=drivesdk
17.mp4,video/mp4,gifs e animaçoes/Gifs Pessoas Reais/Treino Feminino 5/#VÍDEOS 10,https://drive.google.com/file/d/17rwrPyYWlhWlaCYx0ZzIqvdjeveWFUKH/view?usp=drivesdk
13.mp4,video/mp4,gifs e animaçoes/Gifs Pessoas Reais/Treino Feminino 5/#VÍDEOS 10,https://drive.google.com/file/d/18bvVxZScALB1J-4bBarq5CC5MAuhhkbA/view?usp=drivesdk
15.mp4,video/mp4,gifs e animaçoes/Gifs Pessoas Reais/Treino Feminino 5/#VÍDEOS 10,https://drive.google.com/file/d/1BVSy-DmUvPEfwIPgjKva6BvyWh_0nXKh/view?usp=drivesdk
19.png,image/png,gifs e animaçoes/Gifs Pessoas Reais/Treino Feminino 5/#VÍDEOS 10,https://drive.google.com/file/d/1DYDr6CRZtbvRJK0vfv6HDd8Hj1KQ1OKU/view?usp=drivesdk
18.png,image/png,gifs e animaçoes/Gifs Pessoas Reais/Treino Feminino 5/#VÍDEOS 10,https://drive.google.com/file/d/1P2ACs0UZ8zV79RAh2bcoVwTlO5UpPwkv/view?usp=drivesdk
11.mp4,video/mp4,gifs e animaçoes/Gifs Pessoas Reais/Treino Feminino 5/#VÍDEOS 10,https://drive.google.com/file/d/1h6dn4jKVHxPg9Nb6t70FKSSCapjKat3N/view?usp=drivesdk
10.mp4,video/mp4,gifs e animaçoes/Gifs Pessoas Reais/Treino Feminino 5/#VÍDEOS 10,https://drive.google.com/file/d/1lOkXJbcqrhR7hlQE8hQkD8yyMNhMxSwh/view?usp=drivesdk
67.mp4,video/mp4,gifs e animaçoes/Gifs Pessoas Reais/Treino Feminino 5/#VÍDEOS 60,https://drive.google.com/file/d/13hTPjTU_aQ0c-ZquHc4o9Yfe2rUP373K/view?usp=drivesdk
68.mp4,video/mp4,gifs e animaçoes/Gifs Pessoas Reais/Treino Feminino 5/#VÍDEOS 60,https://drive.google.com/file/d/15ZRzxq3BvUuZMy_RZYSonqLEiB1Vr0q9/view?usp=drivesdk
65.mp4,video/mp4,gifs e animaçoes/Gifs Pessoas Reais/Treino Feminino 5/#VÍDEOS 60,https://drive.google.com/file/d/1VzvlNRZuVhdVC7FAF5BAkkzsIjZWUAA_/view?usp=drivesdk
63.mp4,video/mp4,gifs e animaçoes/Gifs Pessoas Reais/Treino Feminino 5/#VÍDEOS 60,https://drive.google.com/file/d/1W0mU1shfEm6LjpiF4kpki8Nxew00gAqh/view?usp=drivesdk
62.mp4,video/mp4,gifs e animaçoes/Gifs Pessoas Reais/Treino Feminino 5/#VÍDEOS 60,https://drive.google.com/file/d/1byw6V08tCLR2XZ-sA2nOrxIbj_Xfnr5h/view?usp=drivesdk
61.mp4,video/mp4,gifs e animaçoes/Gifs Pessoas Reais/Treino Feminino 5/#VÍDEOS 60,https://drive.google.com/file/d/1iSjvVht2RS0tw3SqzSu3VXWxhMVQvNWt/view?usp=drivesdk
66.mp4,video/mp4,gifs e animaçoes/Gifs Pessoas Reais/Treino Feminino 5/#VÍDEOS 60,https://drive.google.com/file/d/1umYlnExmxI40VwAP1Ci3fb6roo81O-04/view?usp=drivesdk
69.mp4,video/mp4,gifs e animaçoes/Gifs Pessoas Reais/Treino Feminino 5/#VÍDEOS 60,https://drive.google.com/file/d/1wDYjwMJSFeqiN8POq0kEXRQO2klVITKS/view?usp=drivesdk
60.mp4,video/mp4,gifs e animaçoes/Gifs Pessoas Reais/Treino Feminino 5/#VÍDEOS 60,https://drive.google.com/file/d/1x0y7pKzsNMfiVokRJg5ogR3IdTo2y78B/view?usp=drivesdk
64.mp4,video/mp4,gifs e animaçoes/Gifs Pessoas Reais/Treino Feminino 5/#VÍDEOS 60,https://drive.google.com/file/d/1xt30O7LoB-w--j9wKR6zDKFBwEQLT19F/view?usp=drivesdk
24.mp4,video/mp4,gifs e animaçoes/Gifs Pessoas Reais/Treino Feminino 5/#VÍDEOS 20,https://drive.google.com/file/d/16a7sjCNd1eaOxvrteQesQQLmumdV_Zes/view?usp=drivesdk
27.mp4,video/mp4,gifs e animaçoes/Gifs Pessoas Reais/Treino Feminino 5/#VÍDEOS 20,https://drive.google.com/file/d/1StOhxSpo8unpDSDzkhm6lVoQdQPAsrD2/view?usp=drivesdk
29.mp4,video/mp4,gifs e animaçoes/Gifs Pessoas Reais/Treino Feminino 5/#VÍDEOS 20,https://drive.google.com/file/d/1aK6yXfcg4E2h4IOIRNnaoZ3hDjEg5Aru/view?usp=drivesdk
28.mp4,video/mp4,gifs e animaçoes/Gifs Pessoas Reais/Treino Feminino 5/#VÍDEOS 20,https://drive.google.com/file/d/1ciJmflM0huKJG8f8lU6jJwqLt7H9emW6/view?usp=drivesdk
26.mp4,video/mp4,gifs e animaçoes/Gifs Pessoas Reais/Treino Feminino 5/#VÍDEOS 20,https://drive.google.com/file/d/1iQMtblTrRNMYboHoNCPUMrLELe_HXglb/view?usp=drivesdk
22.mp4,video/mp4,gifs e animaçoes/Gifs Pessoas Reais/Treino Feminino 5/#VÍDEOS 20,https://drive.google.com/file/d/1mzhEgpISf7oYPAkcILMvP8Jjnjba1PvW/view?usp=drivesdk
25.mp4,video/mp4,gifs e animaçoes/Gifs Pessoas Reais/Treino Feminino 5/#VÍDEOS 20,https://drive.google.com/file/d/1nCImJixNWRMa16WkOG9uQIeV-zNxX0Nm/view?usp=drivesdk
21.mp4,video/mp4,gifs e animaçoes/Gifs Pessoas Reais/Treino Feminino 5/#VÍDEOS 20,https://drive.google.com/file/d/1p3bHLdPpNrKkX_0KFuIpeT3Zj3Mfn_Wf/view?usp=drivesdk
23.mp4,video/mp4,gifs e animaçoes/Gifs Pessoas Reais/Treino Feminino 5/#VÍDEOS 20,https://drive.google.com/file/d/1px1UVAWugAjSu0obziDYrl72yfTEY-k6/view?usp=drivesdk
TRX 1.mp4,video/mp4,gifs e animaçoes/Gifs Pessoas Reais/Treino Feminino 5/#TRX VÍDEOS,https://drive.google.com/file/d/1DDMt4bsh0ucXQG7MyTnXVBqYpMad3hVK/view?usp=drivesdk
TRX 8.mp4,video/mp4,gifs e animaçoes/Gifs Pessoas Reais/Treino Feminino 5/#TRX VÍDEOS,https://drive.google.com/file/d/1Gwp84D3cLhRRBouPRA7xf8fhVp7CTzGH/view?usp=drivesdk
TRX 7.mp4,video/mp4,gifs e animaçoes/Gifs Pessoas Reais/Treino Feminino 5/#TRX VÍDEOS,https://drive.google.com/file/d/1BpVww-ZzKAWyHgcienvDTMlCuHdTr444/view?usp=drivesdk
TRX 5.mp4,video/mp4,gifs e animaçoes/Gifs Pessoas Reais/Treino Feminino 5/#TRX VÍDEOS,https://drive.google.com/file/d/1O-7pMTk3IBJMbNZwP5t6yZ1iX5tpILpn/view?usp=drivesdk
TRX 4.mp4,video/mp4,gifs e animaçoes/Gifs Pessoas Reais/Treino Feminino 5/#TRX VÍDEOS,https://drive.google.com/file/d/1sZAtAgSgLj2rOGgq6SOxbws3dMkBzMLL/view?usp=drivesdk
TRX 3.mp4,video/mp4,gifs e animaçoes/Gifs Pessoas Reais/Treino Feminino 5/#TRX VÍDEOS,https://drive.google.com/file/d/1w08eKMzFytqwla347u30w4AS4_CxvVGz/view?usp=drivesdk
3.mp4,video/mp4,gifs e animaçoes/Gifs Pessoas Reais/Treino Feminino 5/#VÍDEOS 01,https://drive.google.com/file/d/1bSGAPlBET8nxoGLsv0FmEAskSGuFJfCN/view?usp=drivesdk
2.mp4,video/mp4,gifs e animaçoes/Gifs Pessoas Reais/Treino Feminino 5/#VÍDEOS 01,https://drive.google.com/file/d/1lkAzCk8vfXAJ9gXwtWW1cLgAhplha2eq/view?usp=drivesdk
1.mp4,video/mp4,gifs e animaçoes/Gifs Pessoas Reais/Treino Feminino 5/#VÍDEOS 01,https://drive.google.com/file/d/1Hnh7APrPUPHP7zUEy_HRkMXtVT-g2OtM/view?usp=drivesdk
9.mp4,video/mp4,gifs e animaçoes/Gifs Pessoas Reais/Treino Feminino 5/#VÍDEOS 01,https://drive.google.com/file/d/1M7dwuWRuFR1LCwmGfcNfPwJqUGuVIckX/view?usp=drivesdk
8.mp4,video/mp4,gifs e animaçoes/Gifs Pessoas Reais/Treino Feminino 5/#VÍDEOS 01,https://drive.google.com/file/d/1NmO-FgQPNHyln-143buDVZ3xMsxRh9cx/view?usp=drivesdk
6.mp4,video/mp4,gifs e animaçoes/Gifs Pessoas Reais/Treino Feminino 5/#VÍDEOS 01,https://drive.google.com/file/d/1d3i-8PsUkjBC2dSggEII0_dsE5xh_sNx/view?usp=drivesdk
4.mp4,video/mp4,gifs e animaçoes/Gifs Pessoas Reais/Treino Feminino 5/#VÍDEOS 01,https://drive.google.com/file/d/1ilJjugsU7CeV8wJek4ns4wUyOPwLwDIk/view?usp=drivesdk
00 COMPLETO.mp4,video/mp4,gifs e animaçoes/Gifs Pessoas Reais/Treino Feminino 5/#VÍDEOS 01,https://drive.google.com/file/d/1izkRwMPJboOFnLvE1zwbYOy9smI0W-33/view?usp=drivesdk
5.mp4,video/mp4,gifs e animaçoes/Gifs Pessoas Reais/Treino Feminino 5/#VÍDEOS 01,https://drive.google.com/file/d/1vpkhLCIShZPbCioyhteSk4Svdwjq1M1U/view?usp=drivesdk
ELEVAÇÃO DE QUADRIL LATERAL.gif,image/gif,gifs e animaçoes/Gifs Pessoas Reais/Treino Feminino 3,https://drive.google.com/file/d/103NtWInB6BlTsL2XZa0ML5Yqo6WUMbij/view?usp=drivesdk
GLÚTEO ESTENDIDO.gif,image/gif,gifs e animaçoes/Gifs Pessoas Reais/Treino Feminino 3,https://drive.google.com/file/d/15ZPw_aKj3RCXCM-G6FIsAUcu6NtDY-pE/view?usp=drivesdk
ROTAÇÃO DE TRONCO.gif,image/gif,gifs e animaçoes/Gifs Pessoas Reais/Treino Feminino 3,https://drive.google.com/file/d/15hnBoUNb1I89i2DzXbTGxF5vyqCsCASm/view?usp=drivesdk
PRESSÃO LOMBAR.gif,image/gif,gifs e animaçoes/Gifs Pessoas Reais/Treino Feminino 3,https://drive.google.com/file/d/162xXHb9BHslSYu5GxDZlkx5d9JIYTvIc/view?usp=drivesdk
ABDUÇAO LATERAL DE COXA.gif,image/gif,gifs e animaçoes/Gifs Pessoas Reais/Treino Feminino 3,https://drive.google.com/file/d/1FOYkl8Men79qcvwHPjkYC8sFVOvVT56h/view?usp=drivesdk
FLEXÃO DE BRAÇOS APOIADA.gif,image/gif,gifs e animaçoes/Gifs Pessoas Reais/Treino Feminino 3,https://drive.google.com/file/d/1Hx9NTeR40V_Qqz83ZXJRT85hWZGt7Ez7/view?usp=drivesdk
PUXADA FLEXIONADO CIÁTICO.gif,image/gif,gifs e animaçoes/Gifs Pessoas Reais/Treino Feminino 3,https://drive.google.com/file/d/1LCCBCLRi8r1495XK-J0fOz5iBGe5cYIM/view?usp=drivesdk
QUADRÍCEPS UNILATERAL AVANÇADO.gif,image/gif,gifs e animaçoes/Gifs Pessoas Reais/Treino Feminino 3,https://drive.google.com/file/d/1LSHpBxhhmkLxwbbS6nEYNShTsbRLrcCf/view?usp=drivesdk
MOVIMENTO GATO VACA.gif,image/gif,gifs e animaçoes/Gifs Pessoas Reais/Treino Feminino 3,https://drive.google.com/file/d/1LVMH0E9gBC_yNP2rD-XcP6cm3J31lhlg/view?usp=drivesdk
CONTRAÇÃO COM MOVIMENTO UNILATERAL.gif,image/gif,gifs e animaçoes/Gifs Pessoas Reais/Treino Feminino 3,https://drive.google.com/file/d/1Lnn0BVTfmSfJyHDzWijQyDB2DzeY-IXO/view?usp=drivesdk
PONTE COM MOVIMENTO FLEXIONADO.gif,image/gif,gifs e animaçoes/Gifs Pessoas Reais/Treino Feminino 3,https://drive.google.com/file/d/1LoubuICGRvy0qvfeiE3b71zhfb4Br0Fm/view?usp=drivesdk
ROTAÇAO DE OMBROS POSTERIOR.gif,image/gif,gifs e animaçoes/Gifs Pessoas Reais/Treino Feminino 3,https://drive.google.com/file/d/1TnTHCinpSA7ZDoI18MtPLZYPKTiGn2Hq/view?usp=drivesdk
ALCANCE DE PÉS SENTADA.gif,image/gif,gifs e animaçoes/Gifs Pessoas Reais/Treino Feminino 3,https://drive.google.com/file/d/1V2Q2hu9jRrJkJLBxklQiPJR2Hk0jWR-B/view?usp=drivesdk
FLEXÃO AVANÇADA COM ELEVAÇÃO DE BRAÇOS.gif,image/gif,gifs e animaçoes/Gifs Pessoas Reais/Treino Feminino 3,https://drive.google.com/file/d/1WmFbVRV8OxAXTzGtWKpvuAameNePlE4-/view?usp=drivesdk
ABDUÇÃO LATERAL EM PÉ.gif,image/gif,gifs e animaçoes/Gifs Pessoas Reais/Treino Feminino 3,https://drive.google.com/file/d/1Z8wwxIgAt8dsqMNJVadr0G2DNnQHaKOS/view?usp=drivesdk
ELEVAÇÃO PÉVICA.gif,image/gif,gifs e animaçoes/Gifs Pessoas Reais/Treino Feminino 3,https://drive.google.com/file/d/1a2WAiKO1a7OlbSXN1dF9o8f36RJJZx0A/view?usp=drivesdk
FLEXÃO AJOELHADO.gif,image/gif,gifs e animaçoes/Gifs Pessoas Reais/Treino Feminino 3,https://drive.google.com/file/d/1ajBQCreNyZ251LArAc3gTcFucQvAulB9/view?usp=drivesdk
ROTAÇÃO DE TROCO LATERAL DEITADO.gif,image/gif,gifs e animaçoes/Gifs Pessoas Reais/Treino Feminino 3,https://drive.google.com/file/d/1kYjfCEt8Obo7OLF9zbQ2Pdpf1TQxDbMG/view?usp=drivesdk
ELEVAÇÃO DE PERNAS INFRA.gif,image/gif,gifs e animaçoes/Gifs Pessoas Reais/Treino Feminino 3,https://drive.google.com/file/d/1lP2ylDOnWcXuTgTdVBluolvV4Tgf_4gW/view?usp=drivesdk
PUXADA DE JOELHOS JUNTOS LOMBAR.gif,image/gif,gifs e animaçoes/Gifs Pessoas Reais/Treino Feminino 3,https://drive.google.com/file/d/1pJuJfqZ6bVK7RihV0Al488VGgUllacoG/view?usp=drivesdk
APOIO ESTENDIDO.gif,image/gif,gifs e animaçoes/Gifs Pessoas Reais/Treino Feminino 3,https://drive.google.com/file/d/1sqB_PuN22V_PW_-kVqsrePtfENliyWqS/view?usp=drivesdk
MERGULHO DE PÉS.gif,image/gif,gifs e animaçoes/Gifs Pessoas Reais/Treino Feminino 3,https://drive.google.com/file/d/1umKxVWxkfKDvJARyFk835ua81_hspWuY/view?usp=drivesdk
PUXADA DE JOELHOS ALTERNADAS.gif,image/gif,gifs e animaçoes/Gifs Pessoas Reais/Treino Feminino 3,https://drive.google.com/file/d/1vkJj8ChRkedOV8fbz3X29APuuxRfgRbZ/view?usp=drivesdk
ALONGAMENTO ALCANCE TOTAL.gif,image/gif,gifs e animaçoes/Gifs Pessoas Reais/Treino Feminino 3,https://drive.google.com/file/d/1vulOLjjrkBp387hVTntAAW_1JpS40JIw/view?usp=drivesdk
AGACHAMENTO BRAÇOS ESTENDIDOS.gif,image/gif,gifs e animaçoes/Gifs Pessoas Reais/Treino Feminino 3,https://drive.google.com/file/d/1w_K8HCZazGxerelaPA_FDm4-4EkaK7fi/view?usp=drivesdk
EXTENSÃO ABDOMINAL.gif,image/gif,gifs e animaçoes/Gifs Pessoas Reais/Treino Feminino 3,https://drive.google.com/file/d/1y949QpfCEqcB_0JtltIczDc-AwlCob8x/view?usp=drivesdk
ROTAÇÃO DE QUADRIL.gif,image/gif,gifs e animaçoes/Gifs Pessoas Reais/Treino Feminino 3,https://drive.google.com/file/d/1yOiJB6vNEKrnlDcQhwFdcYnBWJIMnd3B/view?usp=drivesdk
21 PRESS POSTURAL.gif,image/gif,gifs e animaçoes/Gifs Pessoas Reais/Treino Feminino 2,https://drive.google.com/file/d/1-0N0iqCpU-7ENS2sm8cUtj76mHwhCZ-I/view?usp=drivesdk
6 TERRA COM CARGA.gif,image/gif,gifs e animaçoes/Gifs Pessoas Reais/Treino Feminino 2,https://drive.google.com/file/d/14CILqqIlvEKY0AAezgTFQONo5hEST8Jm/view?usp=drivesdk
15 REMADA UNILATERAL.gif,image/gif,gifs e animaçoes/Gifs Pessoas Reais/Treino Feminino 2,https://drive.google.com/file/d/16MKbwGJAhdILxZkG8eBoUeiwysXHBP4d/view?usp=drivesdk
8 AGACHAMENTO UNILATERAL.gif,image/gif,gifs e animaçoes/Gifs Pessoas Reais/Treino Feminino 2,https://drive.google.com/file/d/17jgdvUO5Dbf-H47N8QQCQ3oGaNcD1Zbc/view?usp=drivesdk
11 PULLOVER.gif,image/gif,gifs e animaçoes/Gifs Pessoas Reais/Treino Feminino 2,https://drive.google.com/file/d/18V08ULMZSP69UbuTItceEQ4HeME3rb43/view?usp=drivesdk
17 PRANCHA ESCORREGA.gif,image/gif,gifs e animaçoes/Gifs Pessoas Reais/Treino Feminino 2,https://drive.google.com/file/d/1A4LKzVBTCztdM7pv1dNCWZCq0sm7kkvC/view?usp=drivesdk
13 REMADA BARRA.gif,image/gif,gifs e animaçoes/Gifs Pessoas Reais/Treino Feminino 2,https://drive.google.com/file/d/1A8C5chHD8NWdDJ9npEKN9tA6gj1JL_0A/view?usp=drivesdk
27 FLEXÃO INCLINADA.gif,image/gif,gifs e animaçoes/Gifs Pessoas Reais/Treino Feminino 2,https://drive.google.com/file/d/1Bz1ECYUOOOr_VWaFXxezAxdZwTm6xhVq/view?usp=drivesdk
4 ELEVAÇÃO LATERAL X FRONTAL.gif,image/gif,gifs e animaçoes/Gifs Pessoas Reais/Treino Feminino 2,https://drive.google.com/file/d/1DJm5Z4xByXTHn_bvhzSYMGnjmbshQlQ4/view?usp=drivesdk
31 SUPINO UNILATERAL.gif,image/gif,gifs e animaçoes/Gifs Pessoas Reais/Treino Feminino 2,https://drive.google.com/file/d/1DtUlbW5Snlx46am3WMWQlBhDQd2X4Ksq/view?usp=drivesdk
18 PRANCHA VARIADA.gif,image/gif,gifs e animaçoes/Gifs Pessoas Reais/Treino Feminino 2,https://drive.google.com/file/d/1GLknwFVoXMhXbgNBrfrFcvs4PCoSqPf6/view?usp=drivesdk
20 DESENVOLVIMENTO SEM CARGA.gif,image/gif,gifs e animaçoes/Gifs Pessoas Reais/Treino Feminino 2,https://drive.google.com/file/d/1Gd9XPDFHtcdKQ3yI6kSZuixupOhOTIuu/view?usp=drivesdk
30 ROSCA PRESS.gif,image/gif,gifs e animaçoes/Gifs Pessoas Reais/Treino Feminino 2,https://drive.google.com/file/d/1GfWAN5yV4QEMIGFM0lvRWyhHRUV-HkJo/view?usp=drivesdk
26 STIFF COM RESISTÊNCIA.gif,image/gif,gifs e animaçoes/Gifs Pessoas Reais/Treino Feminino 2,https://drive.google.com/file/d/1KT77wLNT7wNXWx-_rfr6dYdc8n5S6Qyw/view?usp=drivesdk
29 FLEXÃO DECLINADO.gif,image/gif,gifs e animaçoes/Gifs Pessoas Reais/Treino Feminino 2,https://drive.google.com/file/d/1SLvhKWIN5kN8MwsX1bawtzzBWzdFW1O6/view?usp=drivesdk
12 SUPINADO FECHADO.gif,image/gif,gifs e animaçoes/Gifs Pessoas Reais/Treino Feminino 2,https://drive.google.com/file/d/1SwfV1Chpxv-Zl6op4a1Yy2qHv05HblvM/view?usp=drivesdk
28 BURPEE PROGRESSIVO LATERAL.gif,image/gif,gifs e animaçoes/Gifs Pessoas Reais/Treino Feminino 2,https://drive.google.com/file/d/1Yiey4USySsxUP1y24Lg8b1t9QLN5GaXp/view?usp=drivesdk
16 FLEXÃO SEMI FECHADA.gif,image/gif,gifs e animaçoes/Gifs Pessoas Reais/Treino Feminino 2,https://drive.google.com/file/d/1b7qJCKEwHhS_xMdZa0x-AIIz2g4REAE-/view?usp=drivesdk
22 OBLÍQUO 3 APOIOS.gif,image/gif,gifs e animaçoes/Gifs Pessoas Reais/Treino Feminino 2,https://drive.google.com/file/d/1bC5VkyJa5XltNYwx6cfSohlR72wd0XUf/view?usp=drivesdk
24 INSETO MORTO EM PÉ.gif,image/gif,gifs e animaçoes/Gifs Pessoas Reais/Treino Feminino 2,https://drive.google.com/file/d/1bzkIBY4gg2LB-AR1f2bpRWBxwEO4Zi8h/view?usp=drivesdk
2 SERROTE.gif,image/gif,gifs e animaçoes/Gifs Pessoas Reais/Treino Feminino 2,https://drive.google.com/file/d/1caJHlgETeqhp7HHu_FY_AGYplSBs-Cyg/view?usp=drivesdk
23 ROTAÇÃO DE OMBRO FRONTAL.gif,image/gif,gifs e animaçoes/Gifs Pessoas Reais/Treino Feminino 2,https://drive.google.com/file/d/1dYCjRiqAlDYRHI-5t_r0r3Im1hcEt8vF/view?usp=drivesdk
10 SUBIDA UNILATERAL.gif,image/gif,gifs e animaçoes/Gifs Pessoas Reais/Treino Feminino 2,https://drive.google.com/file/d/1eea1tvWRh21QtJ0TOgNn2veXpwmIPfMn/view?usp=drivesdk
AGACHAMENTO COM BARRA.gif,image/gif,gifs e animaçoes/Gifs Pessoas Reais/Treino Feminino 2,https://drive.google.com/file/d/1gNeXWF8Q1oZ8RUKvFgGlRUbA40wm1Ydv/view?usp=drivesdk
14 AGACHAMENTO LATERAL.gif,image/gif,gifs e animaçoes/Gifs Pessoas Reais/Treino Feminino 2,https://drive.google.com/file/d/1ghZQ1p7W0qYXJ1utgXhrDvB2eynTPr79/view?usp=drivesdk
34 REMADA ALTA TRAPÉZIO.gif,image/gif,gifs e animaçoes/Gifs Pessoas Reais/Treino Feminino 2,https://drive.google.com/file/d/1izlT-TBmAgW7zwddPejtNf7gECqQLKnS/view?usp=drivesdk
19 ELEVAÇÃO PÉLVICA ALTA.gif,image/gif,gifs e animaçoes/Gifs Pessoas Reais/Treino Feminino 2,https://drive.google.com/file/d/1n6X6NH1z62OLm2Ml7l1SnihhAY-Q5OD5/view?usp=drivesdk
33 ELEVAÇÃO PÉLVICA ESCORREGADIA.gif,image/gif,gifs e animaçoes/Gifs Pessoas Reais/Treino Feminino 2,https://drive.google.com/file/d/1p_wSmUxoTNqcYmYSh8SOtWWu7DX1fY8a/view?usp=drivesdk
3 TRÍCEPS TESTA.gif,image/gif,gifs e animaçoes/Gifs Pessoas Reais/Treino Feminino 2,https://drive.google.com/file/d/1qqkUTtoP61tAtR-_qJ79NdDG-7E382yv/view?usp=drivesdk
5 BOM DIA UNILATERAL.gif,image/gif,gifs e animaçoes/Gifs Pessoas Reais/Treino Feminino 2,https://drive.google.com/file/d/1rU0vwUuwSwp72OjETJdWnUJ9-QBPZsWP/view?usp=drivesdk
25 ELEVAÇÃO PÉLCICA COM RESISTÊNCIA.gif,image/gif,gifs e animaçoes/Gifs Pessoas Reais/Treino Feminino 2,https://drive.google.com/file/d/1rfY6I_252ntF4xjJYnFFP13LMDOBV7QJ/view?usp=drivesdk
9 AGACHAMENTO BÚLGARO.gif,image/gif,gifs e animaçoes/Gifs Pessoas Reais/Treino Feminino 2,https://drive.google.com/file/d/1sk4UhjqMO56ZjeSfcegx1kyGOJIsB_Lr/view?usp=drivesdk
7 AGACHAMENTO COM HALTERES.gif,image/gif,gifs e animaçoes/Gifs Pessoas Reais/Treino Feminino 2,https://drive.google.com/file/d/1tcBUfE78OVL00zJxp1mm4XB05rg2YTVG/view?usp=drivesdk
32 CRUCIFIXO RETO.gif,image/gif,gifs e animaçoes/Gifs Pessoas Reais/Treino Feminino 2,https://drive.google.com/file/d/1u3vNy_VzjYtjqoX4jQu6kA7bUcVIfTGH/view?usp=drivesdk
1 ROSCA INCLINADA.gif,image/gif,gifs e animaçoes/Gifs Pessoas Reais/Treino Feminino 2,https://drive.google.com/file/d/1Xcd2aN0ckAwQ8kQ8ISgrg3_G0JQ76Jgq/view?usp=drivesdk
KT Wheelbarrow Pushup.gif,image/gif,gifs e animaçoes/Gifs Pessoas Reais/PARCEIRO DE TREINO,https://drive.google.com/file/d/17GRdCXSPPY2vpqOlb4PsIfRRRdDsCxqG/view?usp=drivesdk
GF WHEELBARROW-PUSHUP-WITH-SQUAT.gif,image/gif,gifs e animaçoes/Gifs Pessoas Reais/PARCEIRO DE TREINO,https://drive.google.com/file/d/1A1hAZjLieoJFTmVDMOhph7GpCbqXDhk_/view?usp=drivesdk
KT Pushup-waist-squats.gif,image/gif,gifs e animaçoes/Gifs Pessoas Reais/PARCEIRO DE TREINO,https://drive.google.com/file/d/1LI6av56V72kaBI66U7LFUiXcxCZ8VCVH/view?usp=drivesdk
KT Wall Sit Exchange.gif,image/gif,gifs e animaçoes/Gifs Pessoas Reais/PARCEIRO DE TREINO,https://drive.google.com/file/d/1PbA4gqdWaq3acp4ydPqbzPnufG2ELqZW/view?usp=drivesdk
KT Pushup Hand Slap.gif,image/gif,gifs e animaçoes/Gifs Pessoas Reais/PARCEIRO DE TREINO,https://drive.google.com/file/d/1QgxL0hVee_hqCotm5f0zGFMGh-xQfqbG/view?usp=drivesdk
KT Squat Jump-High Five.gif,image/gif,gifs e animaçoes/Gifs Pessoas Reais/PARCEIRO DE TREINO,https://drive.google.com/file/d/1Yn9p3SyEHS5jvknMCFR0auXQ5Gcpg1JA/view?usp=drivesdk
KT Side Plank Hand Clap.gif,image/gif,gifs e animaçoes/Gifs Pessoas Reais/PARCEIRO DE TREINO,https://drive.google.com/file/d/1cGyRKN-or-D3AzDsFQCW2I9A152dDe-E/view?usp=drivesdk
KT One Leg Squat.gif,image/gif,gifs e animaçoes/Gifs Pessoas Reais/PARCEIRO DE TREINO,https://drive.google.com/file/d/1giqcd5Zyd3pFaWVoi1073tXKn_SLRkq9/view?usp=drivesdk
GF SQUAT-WITH-ROTATIONAL-PASS.gif,image/gif,gifs e animaçoes/Gifs Pessoas Reais/PARCEIRO DE TREINO,https://drive.google.com/file/d/1jj68NuVM-fK_Y_XGwvF_jgWBp4z8IjgP/view?usp=drivesdk
GF REACH-AND-TOUCH-HIGH-PLANK.gif,image/gif,gifs e animaçoes/Gifs Pessoas Reais/PARCEIRO DE TREINO,https://drive.google.com/file/d/1jm7XStVBDlwiSsYg7xMeKAQEy8j-Hxkz/view?usp=drivesdk
KT 180 Squat Pat a Cake.gif,image/gif,gifs e animaçoes/Gifs Pessoas Reais/PARCEIRO DE TREINO,https://drive.google.com/file/d/1p-7ByoPEg156ATVKSxuIg6oxvatY1hXW/view?usp=drivesdk
KT Pop Up.gif,image/gif,gifs e animaçoes/Gifs Pessoas Reais/PARCEIRO DE TREINO,https://drive.google.com/file/d/1rGgPCt_KwJ-yUhHtDHHo--vnxDGm4_cV/view?usp=drivesdk
GF EXTERNAL-ROTATION.gif,image/gif,gifs e animaçoes/Gifs Pessoas Reais/PARCEIRO DE TREINO,https://drive.google.com/file/d/1znmyuw_yamsMalm72CwP48Ou8BTkNEB9/view?usp=drivesdk
GF FORWARD-BACKWARD-LUNGE-WITH-PASS.gif,image/gif,gifs e animaçoes/Gifs Pessoas Reais/PARCEIRO DE TREINO,https://drive.google.com/file/d/1-yjn7JaYzk4Wj4h1cz2JVIrBaasA6klW/view?usp=drivesdk
KT Plank Alternate Hand Slap.gif,image/gif,gifs e animaçoes/Gifs Pessoas Reais/PARCEIRO DE TREINO,https://drive.google.com/file/d/13Q_A7JhnUaAKlfrZD2CQhm5jEXtDSKg_/view?usp=drivesdk
KT Wall Sit-Plank Tricep Dips.gif,image/gif,gifs e animaçoes/Gifs Pessoas Reais/PARCEIRO DE TREINO,https://drive.google.com/file/d/15Itrfs-ZdJG22BFQ92oFAA_DYDtPk5LJ/view?usp=drivesdk
GF BAND-JUMPS.gif,image/gif,gifs e animaçoes/Gifs Pessoas Reais/PARCEIRO DE TREINO,https://drive.google.com/file/d/1AsAG8i1iXE9ABOzDHp8zwYM6lxGfATti/view?usp=drivesdk
KT Medicine Ball Pass Squat.gif,image/gif,gifs e animaçoes/Gifs Pessoas Reais/PARCEIRO DE TREINO,https://drive.google.com/file/d/1GcziM4dIedSzJ1-V6Yphi1_lBbYCO7Ud/view?usp=drivesdk
KT Pushup-Ski Jumps.gif,image/gif,gifs e animaçoes/Gifs Pessoas Reais/PARCEIRO DE TREINO,https://drive.google.com/file/d/1IJar6CNipL7ZVCHrQh48E70HvgLP4_Gb/view?usp=drivesdk
KT Plank Shoulder Touch.gif,image/gif,gifs e animaçoes/Gifs Pessoas Reais/PARCEIRO DE TREINO,https://drive.google.com/file/d/1IggtYjVRWgEOzYawAIRxVc2hujOwjF20/view?usp=drivesdk
KT Sit up High 10.gif,image/gif,gifs e animaçoes/Gifs Pessoas Reais/PARCEIRO DE TREINO,https://drive.google.com/file/d/1MiZW64AiwiVOIbjGeqWYq88sbBJAhw4N/view?usp=drivesdk
KT split leg squat jumps.gif,image/gif,gifs e animaçoes/Gifs Pessoas Reais/PARCEIRO DE TREINO,https://drive.google.com/file/d/1N-Nd1QOZ7smabjDH-T4m_XrfnHvM57nS/view?usp=drivesdk
GF LATERAL-LUNGE-WITH-THROW.gif,image/gif,gifs e animaçoes/Gifs Pessoas Reais/PARCEIRO DE TREINO,https://drive.google.com/file/d/1SqTZXgc2qwRYLvCPIumd2BCnGqFD_d9E/view?usp=drivesdk
GF TRICEP-KICKBACKS.gif,image/gif,gifs e animaçoes/Gifs Pessoas Reais/PARCEIRO DE TREINO,https://drive.google.com/file/d/1U27NT505hy5xLQcHm0YxG12XiWT3JAtu/view?usp=drivesdk
GF PLANK-HOLD-JUMPS.gif,image/gif,gifs e animaçoes/Gifs Pessoas Reais/PARCEIRO DE TREINO,https://drive.google.com/file/d/1VtHuJI-7Eb9RpWuGGIoSMbGjeUpxStWf/view?usp=drivesdk
KT Bent Knee Pushups Hand Slap.gif,image/gif,gifs e animaçoes/Gifs Pessoas Reais/PARCEIRO DE TREINO,https://drive.google.com/file/d/1aBqJjWuLGjUcINgLwCrGjeeAFBpWKEPJ/view?usp=drivesdk
GF HIGH-TO-LOW-PASS_0.gif,image/gif,gifs e animaçoes/Gifs Pessoas Reais/PARCEIRO DE TREINO,https://drive.google.com/file/d/1aUMFAHD3CjRMECWLHePZvULUIT-zF99B/view?usp=drivesdk
KT PLANK HOLD-SKI JUMPS.gif,image/gif,gifs e animaçoes/Gifs Pessoas Reais/PARCEIRO DE TREINO,https://drive.google.com/file/d/1g2AhNzHVlOQTPtD9hopUQzAUZWUzI8lu/view?usp=drivesdk
GF PARTNER-HEEL-TAPS.gif,image/gif,gifs e animaçoes/Gifs Pessoas Reais/PARCEIRO DE TREINO,https://drive.google.com/file/d/1i6SROiDgjlNno2SqGgyNY_XpEN_Edqsg/view?usp=drivesdk
KT bicycle crunches.gif,image/gif,gifs e animaçoes/Gifs Pessoas Reais/PARCEIRO DE TREINO,https://drive.google.com/file/d/1jIyfxevS19Hj3VYSMOX5S_4LXoG61ikw/view?usp=drivesdk
GF SQUAT-JUMP-WITH-CLAP_0.gif,image/gif,gifs e animaçoes/Gifs Pessoas Reais/PARCEIRO DE TREINO,https://drive.google.com/file/d/1nE0EAG4Tmhd5DDYfbil2dalcjII_EJQP/view?usp=drivesdk
KT Bottoms Up.gif,image/gif,gifs e animaçoes/Gifs Pessoas Reais/PARCEIRO DE TREINO,https://drive.google.com/file/d/1ovACMBM6URC4SO5qjSKV8wwUCcFp3UfR/view?usp=drivesdk
KT Leg Swing.gif,image/gif,gifs e animaçoes/Gifs Pessoas Reais/PARCEIRO DE TREINO,https://drive.google.com/file/d/1q59f_Z_D9ARu5bcXmjtkIiubbm0whOb3/view?usp=drivesdk
GF SIDE-PLANK-ROTATION-CLAP.gif,image/gif,gifs e animaçoes/Gifs Pessoas Reais/PARCEIRO DE TREINO,https://drive.google.com/file/d/1raOevqvy1yzsbXGeUletNcSMSGxn-Cva/view?usp=drivesdk
KT Plank Hand Slap.gif,image/gif,gifs e animaçoes/Gifs Pessoas Reais/PARCEIRO DE TREINO,https://drive.google.com/file/d/1sGxHdl5pJQB-G-dB2yi7vAWlPgPMHhnc/view?usp=drivesdk
KT medicine ball pass.gif,image/gif,gifs e animaçoes/Gifs Pessoas Reais/PARCEIRO DE TREINO,https://drive.google.com/file/d/1x2Z_Usli1RE2zTFtq8fD1oi82emfIQC5/view?usp=drivesdk
KT Pushup-squats.gif,image/gif,gifs e animaçoes/Gifs Pessoas Reais/PARCEIRO DE TREINO,https://drive.google.com/file/d/1yeny-KnACAbYLu6StIurGVnMdt5Rv-8K/view?usp=drivesdk
GF SIT-UP-WITH-PASS.gif,image/gif,gifs e animaçoes/Gifs Pessoas Reais/PARCEIRO DE TREINO,https://drive.google.com/file/d/1q-qFPigeKl_8tC6O_dij1JuL5_S0CvAs/view?usp=drivesdk
KT Lunge and Thumb Grab.gif,image/gif,gifs e animaçoes/Gifs Pessoas Reais/PARCEIRO DE TREINO,https://drive.google.com/file/d/1NEP2ngsnE76KD6WZccW7qMwwhEufkbpU/view?usp=drivesdk
9. Banded Glute Bridge.mp4,video/mp4,gifs e animaçoes/Gifs Pessoas Reais/Treino Feminino 1/VÍDEOS 8,https://drive.google.com/file/d/13ydv1_JFyOJ4YUXxHIR-Id-XHEx-aUbp/view?usp=drivesdk
19. Dumbbell Romanian Deadlift.mp4,video/mp4,gifs e animaçoes/Gifs Pessoas Reais/Treino Feminino 1/VÍDEOS 8,https://drive.google.com/file/d/141HXUFFlm28UnTqcGu_G3UCNaZGyagCz/view?usp=drivesdk
10. Dumbbell Donkey Kick.mp4,video/mp4,gifs e animaçoes/Gifs Pessoas Reais/Treino Feminino 1/VÍDEOS 8,https://drive.google.com/file/d/15oPYKYqjtJGPBt0Gj9kXdE_2zjRr01sp/view?usp=drivesdk
7. Side-Lying Leg Lift.mp4,video/mp4,gifs e animaçoes/Gifs Pessoas Reais/Treino Feminino 1/VÍDEOS 8,https://drive.google.com/file/d/17UedjDFwILVFZ9e2REBZIRRF1A4ZtE6R/view?usp=drivesdk
6. Glute Kickback.mp4,video/mp4,gifs e animaçoes/Gifs Pessoas Reais/Treino Feminino 1/VÍDEOS 8,https://drive.google.com/file/d/18i-F_4DPrjrqJ0IZ8oWCvavI7LA49A_F/view?usp=drivesdk
8. Weighted Good Morning.mp4,video/mp4,gifs e animaçoes/Gifs Pessoas Reais/Treino Feminino 1/VÍDEOS 8,https://drive.google.com/file/d/1CJUk0kQNeFbmqFVg8wj42TENkZOizvKM/view?usp=drivesdk
3. Banded Clam Shell.mp4,video/mp4,gifs e animaçoes/Gifs Pessoas Reais/Treino Feminino 1/VÍDEOS 8,https://drive.google.com/file/d/1IFwULq8rzjHom9hztuGC0TWehTGAxOW3/view?usp=drivesdk
4. Bridge Hip Cook Lift.mp4,video/mp4,gifs e animaçoes/Gifs Pessoas Reais/Treino Feminino 1/VÍDEOS 8,https://drive.google.com/file/d/1JUjmK83E6m3put3BI9qS8XQTVvS_Pn73/view?usp=drivesdk
12. Stability Ball Hamstring Squeeze.mp4,video/mp4,gifs e animaçoes/Gifs Pessoas Reais/Treino Feminino 1/VÍDEOS 8,https://drive.google.com/file/d/1RSjPb5YWXBPeSANykCHF3OXXS6c8C9Mq/view?usp=drivesdk
15. Glute Bridge Tiptoe Walk.mp4,video/mp4,gifs e animaçoes/Gifs Pessoas Reais/Treino Feminino 1/VÍDEOS 8,https://drive.google.com/file/d/1Wb4HLv5B73PHYil-1P6ywdgrx8Fn97bH/view?usp=drivesdk
1. Dumbbell Hip Thrust.mp4,video/mp4,gifs e animaçoes/Gifs Pessoas Reais/Treino Feminino 1/VÍDEOS 8,https://drive.google.com/file/d/1bf69jqI3flrNpiYk_ZqK7l7QyNuPzMDy/view?usp=drivesdk
20. Banded Single-Leg Deadlift.mp4,video/mp4,gifs e animaçoes/Gifs Pessoas Reais/Treino Feminino 1/VÍDEOS 8,https://drive.google.com/file/d/1cHIAOe9TCEfyWZsarDPzhM5HAb2F-hG1/view?usp=drivesdk
11. Banded Staggered-Stance Deadlift.mp4,video/mp4,gifs e animaçoes/Gifs Pessoas Reais/Treino Feminino 1/VÍDEOS 8,https://drive.google.com/file/d/1cJ8UsejWDUbtF8nG0VPRla3YroLw4sX9/view?usp=drivesdk
21. Bulgarian Split Squat.mp4,video/mp4,gifs e animaçoes/Gifs Pessoas Reais/Treino Feminino 1/VÍDEOS 8,https://drive.google.com/file/d/1cmnooxU6xm5qJmYV29PQ2BXKG8yBpkSC/view?usp=drivesdk
14. Glute Bridge March.mp4,video/mp4,gifs e animaçoes/Gifs Pessoas Reais/Treino Feminino 1/VÍDEOS 8,https://drive.google.com/file/d/1kUt3MnlK9nc_M6TaMp4wchojWuOpWu-T/view?usp=drivesdk
18. Resistance Band Kickback.mp4,video/mp4,gifs e animaçoes/Gifs Pessoas Reais/Treino Feminino 1/VÍDEOS 8,https://drive.google.com/file/d/1rlS6QOXbn4SpDltmnwiitxBjlk2Q7opy/view?usp=drivesdk
16. Single-Leg Glute Bridge.mp4,video/mp4,gifs e animaçoes/Gifs Pessoas Reais/Treino Feminino 1/VÍDEOS 8,https://drive.google.com/file/d/1vU52LH0FuQkit5JOlwudRhizDtdO2ua3/view?usp=drivesdk
17. Stability Ball Hamstring Curl.mp4,video/mp4,gifs e animaçoes/Gifs Pessoas Reais/Treino Feminino 1/VÍDEOS 8,https://drive.google.com/file/d/1wD9P_4vWfsmaXUascLVDLI7otIk7YG6U/view?usp=drivesdk
2. Glute Bridge.mp4,video/mp4,gifs e animaçoes/Gifs Pessoas Reais/Treino Feminino 1/VÍDEOS 8,https://drive.google.com/file/d/1xqsBFhWigEJMJoeAYZcQvzL_BlyJS-WW/view?usp=drivesdk
Donkey Kicks.mp4,video/mp4,gifs e animaçoes/Gifs Pessoas Reais/Treino Feminino 1/VÍDEOS 9,https://drive.google.com/file/d/1228MyOgtXg8nLtpxjKWBM1RGrZu20qt9/view?usp=drivesdk
Glute Bridge.mp4,video/mp4,gifs e animaçoes/Gifs Pessoas Reais/Treino Feminino 1/VÍDEOS 9,https://drive.google.com/file/d/15f9paJEC9iu7hBBrK6b-SMkBMhZVfNBY/view?usp=drivesdk
Staggered Stance Deadlift.mp4,video/mp4,gifs e animaçoes/Gifs Pessoas Reais/Treino Feminino 1/VÍDEOS 9,https://drive.google.com/file/d/1DYj5FMJ_sHidpfZMpnVocbo58ispgRE4/view?usp=drivesdk
Reverse Lunge.mp4,video/mp4,gifs e animaçoes/Gifs Pessoas Reais/Treino Feminino 1/VÍDEOS 9,https://drive.google.com/file/d/1SKmdgYn4aLUEYpP7K6Jw4LmGTl2RkO-R/view?usp=drivesdk
Good Morning.mp4,video/mp4,gifs e animaçoes/Gifs Pessoas Reais/Treino Feminino 1/VÍDEOS 9,https://drive.google.com/file/d/1ZkeDezcSubEbCC7Oo2wjKit1R5FWJAif/view?usp=drivesdk
Banded Lateral Walk.mp4,video/mp4,gifs e animaçoes/Gifs Pessoas Reais/Treino Feminino 1/VÍDEOS 9,https://drive.google.com/file/d/1ilXq6bpyTDd1NJDxqXDOotYPrmdw-ctz/view?usp=drivesdk
Untitled video - Made with Clipchamp.mp4,video/mp4,gifs e animaçoes/Gifs Pessoas Reais/Treino Feminino 1/VÍDEOS 9,https://drive.google.com/file/d/1ra3xv6-xpnilQYdkM26Pko9qsIM6FOzG/view?usp=drivesdk
Banded Hip Drive.mp4,video/mp4,gifs e animaçoes/Gifs Pessoas Reais/Treino Feminino 1/VÍDEOS 9,https://drive.google.com/file/d/1wt5UbHOpydMvU4cn2HX15WycTmJzqHCY/view?usp=drivesdk
Spiderman Lunge and Squat.mp4,video/mp4,gifs e animaçoes/Gifs Pessoas Reais/Treino Feminino 1/VÍDEOS 7,https://drive.google.com/file/d/1VqhQxNG-i4GmlYU-rO8YP-OdGER3Oc-4/view?usp=drivesdk
Squat to Press and Twist.mp4,video/mp4,gifs e animaçoes/Gifs Pessoas Reais/Treino Feminino 1/VÍDEOS 7,https://drive.google.com/file/d/1bQtWfJaV_Lm4ui2h5-8bx44a9KdrisFv/view?usp=drivesdk
Wide-Leg Sumo Squat.mp4,video/mp4,gifs e animaçoes/Gifs Pessoas Reais/Treino Feminino 1/VÍDEOS 7,https://drive.google.com/file/d/12BnD_II8KN2EazAMAGVDLwvAhIGskZBx/view?usp=drivesdk
Pistol Squat with Medicine Ball.mp4,video/mp4,gifs e animaçoes/Gifs Pessoas Reais/Treino Feminino 1/VÍDEOS 7,https://drive.google.com/file/d/16SLOH50LEb9E1H6nKXxxwNZDT6kUTDNw/view?usp=drivesdk
Squat l.mp4,video/mp4,gifs e animaçoes/Gifs Pessoas Reais/Treino Feminino 1/VÍDEOS 7,https://drive.google.com/file/d/1BrwXPZD1DmXT97aO5mRaAxDPL7n1fwjo/view?usp=drivesdk
SUMO.mp4,video/mp4,gifs e animaçoes/Gifs Pessoas Reais/Treino Feminino 1/VÍDEOS 7,https://drive.google.com/file/d/1JN3sXm2PtjII96TGDW1kWIrvHf_1yoDK/view?usp=drivesdk
Lateral Step-Out Squat.mp4,video/mp4,gifs e animaçoes/Gifs Pessoas Reais/Treino Feminino 1/VÍDEOS 7,https://drive.google.com/file/d/1M1ssILnm_LMwUhfDvyKEYjXo6HbcugMR/view?usp=drivesdk
Banded Tempo Front Squat.mp4,video/mp4,gifs e animaçoes/Gifs Pessoas Reais/Treino Feminino 1/VÍDEOS 7,https://drive.google.com/file/d/1NDtu0o5Tgru2QTobEABlTZLv_XcL7G0P/view?usp=drivesdk
Goblet Squat.mp4,video/mp4,gifs e animaçoes/Gifs Pessoas Reais/Treino Feminino 1/VÍDEOS 7,https://drive.google.com/file/d/1NdIH0uE3YtNjL_SBOLwDFaxb2P5YDnS8/view?usp=drivesdk
Squat With Reach.mp4,video/mp4,gifs e animaçoes/Gifs Pessoas Reais/Treino Feminino 1/VÍDEOS 7,https://drive.google.com/file/d/1R-Yq_XRYYvx5K7cvnFqlVKsICWn7rhS3/view?usp=drivesdk
Pop Squat.mp4,video/mp4,gifs e animaçoes/Gifs Pessoas Reais/Treino Feminino 1/VÍDEOS 7,https://drive.google.com/file/d/1RnuC_TiDpUegJCjXdpndLyEx25Pk0ub2/view?usp=drivesdk
180 Squat Jump.mp4,video/mp4,gifs e animaçoes/Gifs Pessoas Reais/Treino Feminino 1/VÍDEOS 7,https://drive.google.com/file/d/1TS_-31N758NrjHajlRmsYShV5JhmcnO0/view?usp=drivesdk
Curl to Squat and Press.jpg,image/jpeg,gifs e animaçoes/Gifs Pessoas Reais/Treino Feminino 1/VÍDEOS 7,https://drive.google.com/file/d/1Yd8ll__RLcjT-MSLa8ulAIr1SwgCbZdW/view?usp=drivesdk
Squat to Overhead Press.mp4,video/mp4,gifs e animaçoes/Gifs Pessoas Reais/Treino Feminino 1/VÍDEOS 7,https://drive.google.com/file/d/1ZJx3V7YBgbKj86OZlvT746Ir8C1WLc4s/view?usp=drivesdk
Kang Squat.mp4,video/mp4,gifs e animaçoes/Gifs Pessoas Reais/Treino Feminino 1/VÍDEOS 7,https://drive.google.com/file/d/1_LmElft_Ki_ZoMd9oOTI_p6HiTZ5TvDj/view?usp=drivesdk
Overhead Cossak Squat.mp4,video/mp4,gifs e animaçoes/Gifs Pessoas Reais/Treino Feminino 1/VÍDEOS 7,https://drive.google.com/file/d/1g8g3aYOiJj8QTiUxCLR0_GBnYIflqI4o/view?usp=drivesdk
Lateral Squat Walk.mp4,video/mp4,gifs e animaçoes/Gifs Pessoas Reais/Treino Feminino 1/VÍDEOS 7,https://drive.google.com/file/d/1kCdTOkJoH5_oKO3pfCoaO1shdZfO7NeZ/view?usp=drivesdk
Squat to Lunge.mp4,video/mp4,gifs e animaçoes/Gifs Pessoas Reais/Treino Feminino 1/VÍDEOS 7,https://drive.google.com/file/d/1nkIED2BxrNBm-IcmTtMKq9YHLrQAJWKL/view?usp=drivesdk
Plank to Jump Squat.mp4,video/mp4,gifs e animaçoes/Gifs Pessoas Reais/Treino Feminino 1/VÍDEOS 7,https://drive.google.com/file/d/1pYe766TRYSt44_R6-p2Fg1uRgu-q7D0e/view?usp=drivesdk
Air Squat.mp4,video/mp4,gifs e animaçoes/Gifs Pessoas Reais/Treino Feminino 1/VÍDEOS 7,https://drive.google.com/file/d/1qLqkH1xuVYgmzN-QlSoLMloyaN4HViBf/view?usp=drivesdk
Squat Jump.mp4,video/mp4,gifs e animaçoes/Gifs Pessoas Reais/Treino Feminino 1/VÍDEOS 7,https://drive.google.com/file/d/1zL9-7P4esdBOCZi_XFjVMX3iuJ1u36CB/view?usp=drivesdk
Sumo Squat Jack.mp4,video/mp4,gifs e animaçoes/Gifs Pessoas Reais/Treino Feminino 1/VÍDEOS 7,https://drive.google.com/file/d/1-DvR8msE74hmB1q3WTga54nMTgSZhSq0/view?usp=drivesdk
Banded Front Squat.mp4,video/mp4,gifs e animaçoes/Gifs Pessoas Reais/Treino Feminino 1/VÍDEOS 7,https://drive.google.com/file/d/1-rxTQUFOkFgZj79aBtWZv3_ERBVMPaJA/view?usp=drivesdk
Single-Leg Box Squat.mp4,video/mp4,gifs e animaçoes/Gifs Pessoas Reais/Treino Feminino 1/VÍDEOS 7,https://drive.google.com/file/d/17RJ1WrSKGpuDGFAWXujvxJHi4RccFFej/view?usp=drivesdk
Sumo Squat With Pulse On Toes.mp4,video/mp4,gifs e animaçoes/Gifs Pessoas Reais/Treino Feminino 1/VÍDEOS 7,https://drive.google.com/file/d/1NMeDIyURLw6twnZkJ7NKPtWqV-GLw90d/view?usp=drivesdk
Chest Press to Squat.mp4,video/mp4,gifs e animaçoes/Gifs Pessoas Reais/Treino Feminino 1/VÍDEOS 7,https://drive.google.com/file/d/1RObyHoCkHKBuDOpcmnLum348jch80IST/view?usp=drivesdk
Modified Pistol Squat.mp4,video/mp4,gifs e animaçoes/Gifs Pessoas Reais/Treino Feminino 1/VÍDEOS 7,https://drive.google.com/file/d/1c4fyT0jp3OBdneqqwjuKLeQRMXFPiTRt/view?usp=drivesdk
Squat To Heel Raise.mp4,video/mp4,gifs e animaçoes/Gifs Pessoas Reais/Treino Feminino 1/VÍDEOS 7,https://drive.google.com/file/d/1ixbFZyfDCDI766RcgKy8Pl6kXVjsVgsJ/view?usp=drivesdk
Isometric Squat.mp4,video/mp4,gifs e animaçoes/Gifs Pessoas Reais/Treino Feminino 1/VÍDEOS 7,https://drive.google.com/file/d/1oIc8ZBWDXH0jnLO_e9_2RmsAo2hCaKIR/view?usp=drivesdk
Bulgarian Split Squat.mp4,video/mp4,gifs e animaçoes/Gifs Pessoas Reais/Treino Feminino 1/VÍDEOS 7,https://drive.google.com/file/d/1oz016bjwAyKfHqb3s05vKAS6oWdXtBHm/view?usp=drivesdk
Side Plank Leg Extenders.mp4,video/mp4,gifs e animaçoes/Gifs Pessoas Reais/Treino Feminino 1/VÍDEOS 6,https://drive.google.com/file/d/14NqmP80832fIYatHepwwtg4ouzuNKIIG/view?usp=drivesdk
Banded Single Leg Deadlift.mp4,video/mp4,gifs e animaçoes/Gifs Pessoas Reais/Treino Feminino 1/VÍDEOS 6,https://drive.google.com/file/d/18woo9Dx9G56UnH-RK6er5GFxTUEVYfOH/view?usp=drivesdk
Pushup.mp4,video/mp4,gifs e animaçoes/Gifs Pessoas Reais/Treino Feminino 1/VÍDEOS 6,https://drive.google.com/file/d/19NFxN73ryQYCSi4Ka2HFLNh3o7d8JJ-I/view?usp=drivesdk
Forearm Plank Roll.mp4,video/mp4,gifs e animaçoes/Gifs Pessoas Reais/Treino Feminino 1/VÍDEOS 6,https://drive.google.com/file/d/1A1fiIbPps4bKRZ_Lcc2fPFEVkY9Qkv8u/view?usp=drivesdk
Jump Squat.mp4,video/mp4,gifs e animaçoes/Gifs Pessoas Reais/Treino Feminino 1/VÍDEOS 6,https://drive.google.com/file/d/1A_lf-4fAASR9E8ooUrmNuT1aJHs6U71N/view?usp=drivesdk
Stability Ball Stir-The-Pot.mp4,video/mp4,gifs e animaçoes/Gifs Pessoas Reais/Treino Feminino 1/VÍDEOS 6,https://drive.google.com/file/d/1BuuwEMJ2--G4UG0bFfztyXse28ZLCWrL/view?usp=drivesdk
Bear Plank to Bird Dog.mp4,video/mp4,gifs e animaçoes/Gifs Pessoas Reais/Treino Feminino 1/VÍDEOS 6,https://drive.google.com/file/d/1IjfrrmET6_h5dBHDAn6iTK5hoKLrsfJ9/view?usp=drivesdk
Plank Walkout (Inchworm).mp4,video/mp4,gifs e animaçoes/Gifs Pessoas Reais/Treino Feminino 1/VÍDEOS 6,https://drive.google.com/file/d/1NNiLOQHsP8Hutn0rCZ3sxm-0xLb1_8Kw/view?usp=drivesdk
Bear Crawl.mp4,video/mp4,gifs e animaçoes/Gifs Pessoas Reais/Treino Feminino 1/VÍDEOS 6,https://drive.google.com/file/d/1PsULyVQO8SyEvFiD-T0LEFUDcWpRmwde/view?usp=drivesdk
Plank Walk.mp4,video/mp4,gifs e animaçoes/Gifs Pessoas Reais/Treino Feminino 1/VÍDEOS 6,https://drive.google.com/file/d/1RJG-HGLNws7usU9A3J_ZDjw1vje2D6XJ/view?usp=drivesdk
Unilateral Dumbbell March.mp4,video/mp4,gifs e animaçoes/Gifs Pessoas Reais/Treino Feminino 1/VÍDEOS 6,https://drive.google.com/file/d/1Rwp_4ZfY-kpLHfDCBgA6jw-4KneYcug3/view?usp=drivesdk
Burpee.mp4,video/mp4,gifs e animaçoes/Gifs Pessoas Reais/Treino Feminino 1/VÍDEOS 6,https://drive.google.com/file/d/1SlRDUcVYONHjEMAT9h9moBaX08T9rX6h/view?usp=drivesdk
Crab Toe Reaches.mp4,video/mp4,gifs e animaçoes/Gifs Pessoas Reais/Treino Feminino 1/VÍDEOS 6,https://drive.google.com/file/d/1Sr0zuY9xfshfzgbZdFmia1V6UdEIMpnE/view?usp=drivesdk
Split Squat Jumps.mp4,video/mp4,gifs e animaçoes/Gifs Pessoas Reais/Treino Feminino 1/VÍDEOS 6,https://drive.google.com/file/d/1UjdZBiPDE2FphYyk5fFFP2G4DyQFNYtz/view?usp=drivesdk
Side Plank.mp4,video/mp4,gifs e animaçoes/Gifs Pessoas Reais/Treino Feminino 1/VÍDEOS 6,https://drive.google.com/file/d/1VTk0ah7JZ2logh4CSdtaWhAB1eqV_2jI/view?usp=drivesdk
Step-Up.mp4,video/mp4,gifs e animaçoes/Gifs Pessoas Reais/Treino Feminino 1/VÍDEOS 6,https://drive.google.com/file/d/1X7QYKQCUQeUGKprUY_yJne0Q4LS1nYCx/view?usp=drivesdk
Lateral Lunge with Reach.mp4,video/mp4,gifs e animaçoes/Gifs Pessoas Reais/Treino Feminino 1/VÍDEOS 6,https://drive.google.com/file/d/1Y_8b9uyKMX9UxsDAMuaoVRPYYLI-g-Pr/view?usp=drivesdk
Single-Arm Kettlebell Push Press.mp4,video/mp4,gifs e animaçoes/Gifs Pessoas Reais/Treino Feminino 1/VÍDEOS 6,https://drive.google.com/file/d/1cdSG6suCuqhnFKQNY4__pVaJuRa9jpFV/view?usp=drivesdk
Half Turkish Get-Up.mp4,video/mp4,gifs e animaçoes/Gifs Pessoas Reais/Treino Feminino 1/VÍDEOS 6,https://drive.google.com/file/d/1jj0TLfjz9zXWKao9iw9_W5nbRf4uqYpk/view?usp=drivesdk
Weather Vane.mp4,video/mp4,gifs e animaçoes/Gifs Pessoas Reais/Treino Feminino 1/VÍDEOS 6,https://drive.google.com/file/d/1s-mhClGiPHaFgveavqLmzhndqpPZWM_k/view?usp=drivesdk
Star Jumps.mp4,video/mp4,gifs e animaçoes/Gifs Pessoas Reais/Treino Feminino 1/VÍDEOS 6,https://drive.google.com/file/d/1xLQpqaOTr2Fteh7QdVl3qG4QLBw5nZj2/view?usp=drivesdk
Windmill.mp4,video/mp4,gifs e animaçoes/Gifs Pessoas Reais/Treino Feminino 1/VÍDEOS 5,https://drive.google.com/file/d/1qrGWSdtBjJ-fVTgrs4Tl-DtmjgU3rOVv/view?usp=drivesdk
Supported Bent-Over Row.mp4,video/mp4,gifs e animaçoes/Gifs Pessoas Reais/Treino Feminino 1/VÍDEOS 5,https://drive.google.com/file/d/1uua4Z-pgPH-haS22_tPMONu0U5-sUo6p/view?usp=drivesdk
Farmer_s Carry.mp4,video/mp4,gifs e animaçoes/Gifs Pessoas Reais/Treino Feminino 1/VÍDEOS 5,https://drive.google.com/file/d/17-lBmNreEJbFc2Ptgk37J6TT9IsV7ae2/view?usp=drivesdk
Half Turkish Get-Up.mp4,video/mp4,gifs e animaçoes/Gifs Pessoas Reais/Treino Feminino 1/VÍDEOS 5,https://drive.google.com/file/d/1DRffYBmMkrccZD-4GxuiB5J-AQCo5maf/view?usp=drivesdk
Seated Overhead Press.mp4,video/mp4,gifs e animaçoes/Gifs Pessoas Reais/Treino Feminino 1/VÍDEOS 5,https://drive.google.com/file/d/1E26o_A1yipiedZDIV9hVL0hapGVq6RMN/view?usp=drivesdk
Goblet Squat.mp4,video/mp4,gifs e animaçoes/Gifs Pessoas Reais/Treino Feminino 1/VÍDEOS 5,https://drive.google.com/file/d/1InjTCKl2Hnm1mW0nrBjcpOSwoxf8P5EJ/view?usp=drivesdk
Halo.mp4,video/mp4,gifs e animaçoes/Gifs Pessoas Reais/Treino Feminino 1/VÍDEOS 5,https://drive.google.com/file/d/1UHWhaYGzqGJpAxc3yyzUYTTIgHEx3U0O/view?usp=drivesdk
Half-Kneeling Kettlebell Windmill.mp4,video/mp4,gifs e animaçoes/Gifs Pessoas Reais/Treino Feminino 1/VÍDEOS 5,https://drive.google.com/file/d/1_yfMdxaVmi5n4dtvs1g2X_9pzI1n0rW8/view?usp=drivesdk
Squat To Overhead Press.mp4,video/mp4,gifs e animaçoes/Gifs Pessoas Reais/Treino Feminino 1/VÍDEOS 5,https://drive.google.com/file/d/1a6MQrbzl1GedMK7cOHEApxRCcZHhIWgd/view?usp=drivesdk
Single-Arm Overhead Press.mp4,video/mp4,gifs e animaçoes/Gifs Pessoas Reais/Treino Feminino 1/VÍDEOS 5,https://drive.google.com/file/d/1cr6K66ut8Sqq_B698KkqSVBiTuUS2aDg/view?usp=drivesdk
Single-Leg Row.mp4,video/mp4,gifs e animaçoes/Gifs Pessoas Reais/Treino Feminino 1/VÍDEOS 5,https://drive.google.com/file/d/1eUM9QO8mvYGdvSrGyS9PTTN6dh0q5LpW/view?usp=drivesdk
Single-Leg Romanian Deadlift.mp4,video/mp4,gifs e animaçoes/Gifs Pessoas Reais/Treino Feminino 1/VÍDEOS 5,https://drive.google.com/file/d/1lODmo5vGB6K83wg7M2x0x7qebi9-Qq2T/view?usp=drivesdk
Kneeling Thrust to Press.mp4,video/mp4,gifs e animaçoes/Gifs Pessoas Reais/Treino Feminino 1/VÍDEOS 5,https://drive.google.com/file/d/1mRn6Tf-ThrDWW97aM_dPDkVRexHIEWi3/view?usp=drivesdk
Kettlebell Swing.mp4,video/mp4,gifs e animaçoes/Gifs Pessoas Reais/Treino Feminino 1/VÍDEOS 5,https://drive.google.com/file/d/1tvRp_j-1_Dfh27tqGLTj4jgy_SfofJdJ/view?usp=drivesdk
Curl To Squat And Press.mp4,video/mp4,gifs e animaçoes/Gifs Pessoas Reais/Treino Feminino 1/VÍDEOS 5,https://drive.google.com/file/d/1xAYke1yS_XzhUd7FnwC8PYPM3rCPWsMc/view?usp=drivesdk
Turkish Get-Up.mp4,video/mp4,gifs e animaçoes/Gifs Pessoas Reais/Treino Feminino 1/VÍDEOS 5,https://drive.google.com/file/d/1zes5bDJQKYHIfuWApk--RSKJnXueyGKc/view?usp=drivesdk
BurpeeANILHA.mp4,video/mp4,gifs e animaçoes/Gifs Pessoas Reais/Treino Feminino 1/VÍDEOS 4,https://drive.google.com/file/d/13M52xwcivsIsMEL0QkVBkLa1XRGEPImV/view?usp=drivesdk
Split Squat.mp4,video/mp4,gifs e animaçoes/Gifs Pessoas Reais/Treino Feminino 1/VÍDEOS 4,https://drive.google.com/file/d/14Suo7iWBg285w8iMbo67isf-5yzOyfDW/view?usp=drivesdk
Chest Press.mp4,video/mp4,gifs e animaçoes/Gifs Pessoas Reais/Treino Feminino 1/VÍDEOS 4,https://drive.google.com/file/d/16nQu_WNQkueKE6eDZfuMnHiELQuC112N/view?usp=drivesdk
Single Leg Glute Bridge.mp4,video/mp4,gifs e animaçoes/Gifs Pessoas Reais/Treino Feminino 1/VÍDEOS 4,https://drive.google.com/file/d/1GWv7vQWO7fwhyTt-ZYsDpxv2-ullVVmA/view?usp=drivesdk
Boat Pose.mp4,video/mp4,gifs e animaçoes/Gifs Pessoas Reais/Treino Feminino 1/VÍDEOS 4,https://drive.google.com/file/d/1Inj65X7kyig7aTzW-v1EjoRgw0hlrvBU/view?usp=drivesdk
Glute Bridge.mp4,video/mp4,gifs e animaçoes/Gifs Pessoas Reais/Treino Feminino 1/VÍDEOS 4,https://drive.google.com/file/d/1Kuek0tGAllwJEEpzUyz2tGEiZwQu9O-b/view?usp=drivesdk
Pushup.mp4,video/mp4,gifs e animaçoes/Gifs Pessoas Reais/Treino Feminino 1/VÍDEOS 4,https://drive.google.com/file/d/1Lhn52RYf6vVpvJA7bGY8u8AQm0blDi-g/view?usp=drivesdk
Sit Up.mp4,video/mp4,gifs e animaçoes/Gifs Pessoas Reais/Treino Feminino 1/VÍDEOS 4,https://drive.google.com/file/d/1Wveq0eDYRckYwYA11wfoLQzcQGXl-GY9/view?usp=drivesdk
Plank Leg Lift.mp4,video/mp4,gifs e animaçoes/Gifs Pessoas Reais/Treino Feminino 1/VÍDEOS 4,https://drive.google.com/file/d/1dQ8IXhLH8z5v5NQgCd8Ff6rp4bUJvEnS/view?usp=drivesdk
Forearm Plank With Reach.mp4,video/mp4,gifs e animaçoes/Gifs Pessoas Reais/Treino Feminino 1/VÍDEOS 4,https://drive.google.com/file/d/1kBznhHMCg9kzN3Ft3eT2Sc_fIH6OxS1Z/view?usp=drivesdk
Side Plank.mp4,video/mp4,gifs e animaçoes/Gifs Pessoas Reais/Treino Feminino 1/VÍDEOS 4,https://drive.google.com/file/d/1nz44aLMYU5sPGn7Uq9PPMoBBvoo_IZzX/view?usp=drivesdk
Plank Jack.mp4,video/mp4,gifs e animaçoes/Gifs Pessoas Reais/Treino Feminino 1/VÍDEOS 4,https://drive.google.com/file/d/1vLIkY5Ookvm7jRY5mkVXthw2KaliWfS2/view?usp=drivesdk
Shoulder Taps.mp4,video/mp4,gifs e animaçoes/Gifs Pessoas Reais/Treino Feminino 1/VÍDEOS 4,https://drive.google.com/file/d/1yJ-7fTacAoAUOk3Nwzfdwc93W0TZCBR9/view?usp=drivesdk
Side Squat.mp4,video/mp4,gifs e animaçoes/Gifs Pessoas Reais/Treino Feminino 1/VÍDEOS 4,https://drive.google.com/file/d/1yYv6H5stSLopFiYZ28pfNRKo9mulfL2A/view?usp=drivesdk
Mountain Climbers.mp4,video/mp4,gifs e animaçoes/Gifs Pessoas Reais/Treino Feminino 1/VÍDEOS 4,https://drive.google.com/file/d/1zQQIVoeAvh83sOw1yoatDm7BYXYqOKmO/view?usp=drivesdk
Elevação da panturrilha.mp4,video/mp4,gifs e animaçoes/Gifs Pessoas Reais/Treino Feminino 1/#VÍDEOS PULAR CORDA INICIANTE,https://drive.google.com/file/d/1-7HceAL5opIOEwUshbN80lMifV2eXRDy/view?usp=drivesdk
Alongamento quádruplo em pé.mp4,video/mp4,gifs e animaçoes/Gifs Pessoas Reais/Treino Feminino 1/#VÍDEOS PULAR CORDA INICIANTE,https://drive.google.com/file/d/1St2GhJijE9Cmnb3zeOWeqm3esDtYkNiX/view?usp=drivesdk
Pular corda de aquecimento.mp4,video/mp4,gifs e animaçoes/Gifs Pessoas Reais/Treino Feminino 1/#VÍDEOS PULAR CORDA INICIANTE,https://drive.google.com/file/d/1bZXBaUmbIYus-DWgqTHHru0trCYxo1Sr/view?usp=drivesdk
Hip Pull.mp4,video/mp4,gifs e animaçoes/Gifs Pessoas Reais/Treino Feminino 1/#VÍDEOS PULAR CORDA INICIANTE,https://drive.google.com/file/d/1dk8v0T7blGMGoVefnn8NtkLQBaJI70iq/view?usp=drivesdk
Alongamento do flexor do quadril meio ajoelhado.mp4,video/mp4,gifs e animaçoes/Gifs Pessoas Reais/Treino Feminino 1/#VÍDEOS PULAR CORDA INICIANTE,https://drive.google.com/file/d/1dl7xKBvDp7oP_g3mLfzGzhojUKbATnHz/view?usp=drivesdk
Como pular corda com a forma perfeita.mp4,video/mp4,gifs e animaçoes/Gifs Pessoas Reais/Treino Feminino 1/#VÍDEOS PULAR CORDA INICIANTE,https://drive.google.com/file/d/1gnAkbcFsxZN1OxJ7uf09iQBQyFcSvvXc/view?usp=drivesdk
Flexão dos dedos.mp4,video/mp4,gifs e animaçoes/Gifs Pessoas Reais/Treino Feminino 1/#VÍDEOS PULAR CORDA INICIANTE,https://drive.google.com/file/d/1hWomcVa7bY6n5KC5AV34Rt91rZCu-mAd/view?usp=drivesdk
Dog Down Peddle Knees.mp4,video/mp4,gifs e animaçoes/Gifs Pessoas Reais/Treino Feminino 1/#VÍDEOS PULAR CORDA INICIANTE,https://drive.google.com/file/d/1hkPwrC4iqRjgqwSqCOMIOqsuHR0lhiZC/view?usp=drivesdk
Alongamento da panturrilha em pé curvado sobre a panturrilha.mp4,video/mp4,gifs e animaçoes/Gifs Pessoas Reais/Treino Feminino 1/#VÍDEOS PULAR CORDA INICIANTE,https://drive.google.com/file/d/1kgr_012aex4PYMZfG_86Q3BUn9ypmzg5/view?usp=drivesdk
1. High Knees.mp4,video/mp4,gifs e animaçoes/Gifs Pessoas Reais/Treino Feminino 1/VÍDEOS 1,https://drive.google.com/file/d/1AdCEmy_bBlx1AQj5Qzd8_jnNm2IQIJdM/view?usp=drivesdk
22. Reverse Table Top Pull Through.jpg,image/jpeg,gifs e animaçoes/Gifs Pessoas Reais/Treino Feminino 1/VÍDEOS 1,https://drive.google.com/file/d/1O41reJz_8A9L1nxSzKRlr9aR2BoyIUz7/view?usp=drivesdk
20. Plank Rotation.mp4,video/mp4,gifs e animaçoes/Gifs Pessoas Reais/Treino Feminino 1/VÍDEOS 1,https://drive.google.com/file/d/1R8oI2SzU2bpmA3-Rb09wVwB2bxAywrbw/view?usp=drivesdk
21. Triple Triple.jpg,image/jpeg,gifs e animaçoes/Gifs Pessoas Reais/Treino Feminino 1/VÍDEOS 1,https://drive.google.com/file/d/1T_RPv840eOHaSYvs-7bJ8B8A4In2O0HR/view?usp=drivesdk
13. Triceps Dips.mp4,video/mp4,gifs e animaçoes/Gifs Pessoas Reais/Treino Feminino 1/VÍDEOS 1,https://drive.google.com/file/d/1_3y1X6eFklXPExVWsYbBYkZY1aZm1yTT/view?usp=drivesdk
17. Plank Rotation.mp4,video/mp4,gifs e animaçoes/Gifs Pessoas Reais/Treino Feminino 1/VÍDEOS 1,https://drive.google.com/file/d/1b0Qg8tOd31JP7AdjbSogoBWmZD1qfJ55/view?usp=drivesdk
14. Quick Feet.mp4,video/mp4,gifs e animaçoes/Gifs Pessoas Reais/Treino Feminino 1/VÍDEOS 1,https://drive.google.com/file/d/1iOzDcCLWDeh0uG1DhjIABtYtJWgK-V8B/view?usp=drivesdk
18. Reverse Lunge To Single-Leg Deadlift.mp4,video/mp4,gifs e animaçoes/Gifs Pessoas Reais/Treino Feminino 1/VÍDEOS 1,https://drive.google.com/file/d/1iUewY97quk89GLy2HCuG5DoAYKQvefoy/view?usp=drivesdk
25. Reverse Table Top Pull Through.mp4,video/mp4,gifs e animaçoes/Gifs Pessoas Reais/Treino Feminino 1/VÍDEOS 1,https://drive.google.com/file/d/1tGcQkklx37HQbLSWa4WyUNvxpPniWa9j/view?usp=drivesdk
6. Alternating Side Plank.mp4,video/mp4,gifs e animaçoes/Gifs Pessoas Reais/Treino Feminino 1/VÍDEOS 1,https://drive.google.com/file/d/1u58N7C7VjGXqzGIrGdR5QDDMKHFeoZxw/view?usp=drivesdk
28. Downward Dog Leg Kick.mp4,video/mp4,gifs e animaçoes/Gifs Pessoas Reais/Treino Feminino 1/VÍDEOS 1,https://drive.google.com/file/d/1-AtGFxn096SMHOKCsDJufyK-x5st5BIA/view?usp=drivesdk
19. Seated Straight-Leg Lift.mp4,video/mp4,gifs e animaçoes/Gifs Pessoas Reais/Treino Feminino 1/VÍDEOS 1,https://drive.google.com/file/d/1-wF-bO6_OyZzI2J9DJsEEhvrIMG30Xmu/view?usp=drivesdk
15. Reverse Lunge To Single-Leg Deadlift.mp4,video/mp4,gifs e animaçoes/Gifs Pessoas Reais/Treino Feminino 1/VÍDEOS 1,https://drive.google.com/file/d/11NOuYRd69sdDqJi-YNXnmqvBhAY4gYzC/view?usp=drivesdk
10. Quick Feet.mp4,video/mp4,gifs e animaçoes/Gifs Pessoas Reais/Treino Feminino 1/VÍDEOS 1,https://drive.google.com/file/d/14sMr6_-ZH9crVTAFPpcAuvbU3_1E_8qh/view?usp=drivesdk
30. Plank Jacks.mp4,video/mp4,gifs e animaçoes/Gifs Pessoas Reais/Treino Feminino 1/VÍDEOS 1,https://drive.google.com/file/d/16rKPy5nHefGFQz5yEM4M2Hl7eBU2OERm/view?usp=drivesdk
26. Plank Hold.mp4,video/mp4,gifs e animaçoes/Gifs Pessoas Reais/Treino Feminino 1/VÍDEOS 1,https://drive.google.com/file/d/19mG5oru31VD1YkdTTGjnWt4exS84xtWr/view?usp=drivesdk
31. Stability Ball Half Moon.mp4,video/mp4,gifs e animaçoes/Gifs Pessoas Reais/Treino Feminino 1/VÍDEOS 1,https://drive.google.com/file/d/1Afm03os1c8kKPWCSEjhJPw7XdKNXBhJs/view?usp=drivesdk
2. Butt Kicks.mp4,video/mp4,gifs e animaçoes/Gifs Pessoas Reais/Treino Feminino 1/VÍDEOS 1,https://drive.google.com/file/d/1DEiwR1O52Z6l14bZ5j08aDPhnBjbd5wM/view?usp=drivesdk
16. Seated Straight-Leg Lift.mp4,video/mp4,gifs e animaçoes/Gifs Pessoas Reais/Treino Feminino 1/VÍDEOS 1,https://drive.google.com/file/d/1LBYsrknqCAOTHbajYJRXYWz0wf7PTuaR/view?usp=drivesdk
4. Inchworm Walkouts.mp4,video/mp4,gifs e animaçoes/Gifs Pessoas Reais/Treino Feminino 1/VÍDEOS 1,https://drive.google.com/file/d/1LmzqAKJTsPy5Au10mPvlgLAYf9vvEkxd/view?usp=drivesdk
23. Plank Hold.jpg,image/jpeg,gifs e animaçoes/Gifs Pessoas Reais/Treino Feminino 1/VÍDEOS 1,https://drive.google.com/file/d/1MzEpwBh6Sgq2x3fz8yODjDApu3bjokGK/view?usp=drivesdk
24. Triple Triple.mp4,video/mp4,gifs e animaçoes/Gifs Pessoas Reais/Treino Feminino 1/VÍDEOS 1,https://drive.google.com/file/d/1PpXsseWIEJ-X-f_2SHwSqgUKbch1L1Ey/view?usp=drivesdk
11. Bodyweight Squat.mp4,video/mp4,gifs e animaçoes/Gifs Pessoas Reais/Treino Feminino 1/VÍDEOS 1,https://drive.google.com/file/d/1S2TFKZabHYArXA9Ll_O-zqk1dT0AXtDe/view?usp=drivesdk
5. Lateral Bear Crawl.mp4,video/mp4,gifs e animaçoes/Gifs Pessoas Reais/Treino Feminino 1/VÍDEOS 1,https://drive.google.com/file/d/1SZ9dmUHfeDlOUWZb94EQWeZ7vM5Qw6CK/view?usp=drivesdk
9. Triceps Dips.mp4,video/mp4,gifs e animaçoes/Gifs Pessoas Reais/Treino Feminino 1/VÍDEOS 1,https://drive.google.com/file/d/1Vn29pwar1HDit50hSxlyzDC8MBA4Weu7/view?usp=drivesdk
8. Pushup Hold.mp4,video/mp4,gifs e animaçoes/Gifs Pessoas Reais/Treino Feminino 1/VÍDEOS 1,https://drive.google.com/file/d/1hbivYSOUrD4HdcmCen9uf01G_mHXnpyI/view?usp=drivesdk
12. Pushup Hold.mp4,video/mp4,gifs e animaçoes/Gifs Pessoas Reais/Treino Feminino 1/VÍDEOS 1,https://drive.google.com/file/d/1jJi55qT2L-vsbM4akUcG7TYK5Ndx6-M1/view?usp=drivesdk
3. Jumping Jacks.mp4,video/mp4,gifs e animaçoes/Gifs Pessoas Reais/Treino Feminino 1/VÍDEOS 1,https://drive.google.com/file/d/1uACa4MKlborhg6P-7RFb8TFJuiBbB5Nn/view?usp=drivesdk
7. Bodyweight Squat.mp4,video/mp4,gifs e animaçoes/Gifs Pessoas Reais/Treino Feminino 1/VÍDEOS 1,https://drive.google.com/file/d/1zDbvpVcQ4OGFDVptzgRk2iDPvFbTf33L/view?usp=drivesdk
29. Forearm Press Up.mp4,video/mp4,gifs e animaçoes/Gifs Pessoas Reais/Treino Feminino 1/VÍDEOS 1,https://drive.google.com/file/d/1aEvP8jz7SE_Xdpdur_PYv_8LnvhbkBl_/view?usp=drivesdk
27. Speed Skaters.mp4,video/mp4,gifs e animaçoes/Gifs Pessoas Reais/Treino Feminino 1/VÍDEOS 1,https://drive.google.com/file/d/1r_hy5V9Z24b2tDCo1sCRorL9OFrk_RL_/view?usp=drivesdk
cat-cow.mp4,video/mp4,gifs e animaçoes/Gifs Pessoas Reais/Treino Feminino 1/#VÍDEOS YOGA SOLO,https://drive.google.com/file/d/1DDrb1GjPWsyguDvGeAQDbk0oYVd2d60c/view?usp=drivesdk
side-bends.mp4,video/mp4,gifs e animaçoes/Gifs Pessoas Reais/Treino Feminino 1/#VÍDEOS YOGA SOLO,https://drive.google.com/file/d/12ypINechCYyXLDjNQRBe_eTrmH1V4bun/view?usp=drivesdk
FRAME2.jpg,image/jpeg,gifs e animaçoes/Gifs Pessoas Reais/Treino Feminino 1/#VÍDEOS YOGA SOLO,https://drive.google.com/file/d/153M5lNtinyuILaoZTd2kW-RNhTXln1gQ/view?usp=drivesdk
low-lunge-twist.mp4,video/mp4,gifs e animaçoes/Gifs Pessoas Reais/Treino Feminino 1/#VÍDEOS YOGA SOLO,https://drive.google.com/file/d/1BlT6yLmJupdzSygAYRmGcxTutAxpJ_3I/view?usp=drivesdk
Bridge.mp4,video/mp4,gifs e animaçoes/Gifs Pessoas Reais/Treino Feminino 1/#VÍDEOS YOGA SOLO,https://drive.google.com/file/d/1Gj6meEipSEnh904OiMKEkO3batSOGXzL/view?usp=drivesdk
frame.jpg,image/jpeg,gifs e animaçoes/Gifs Pessoas Reais/Treino Feminino 1/#VÍDEOS YOGA SOLO,https://drive.google.com/file/d/1KHocJB1gGfy2MO26FkwM0zmqwqHUMjUs/view?usp=drivesdk
Airplane.mp4,video/mp4,gifs e animaçoes/Gifs Pessoas Reais/Treino Feminino 1/#VÍDEOS YOGA SOLO,https://drive.google.com/file/d/1KP7Tfv24Wdau5c-S7dtjpXFAvm9_qCDk/view?usp=drivesdk
downward-facing-dog.mp4,video/mp4,gifs e animaçoes/Gifs Pessoas Reais/Treino Feminino 1/#VÍDEOS YOGA SOLO,https://drive.google.com/file/d/1Lv5gU9M6dDGFR93rmAAg_STZWv1b43fE/view?usp=drivesdk
interlaced-forward-fold.mp4,video/mp4,gifs e animaçoes/Gifs Pessoas Reais/Treino Feminino 1/#VÍDEOS YOGA SOLO,https://drive.google.com/file/d/1NZkCya8TUl_DdGSrXEGAtqDCiu9P1bwK/view?usp=drivesdk
Wide Forward Fold.mp4,video/mp4,gifs e animaçoes/Gifs Pessoas Reais/Treino Feminino 1/#VÍDEOS YOGA SOLO,https://drive.google.com/file/d/1ZE3Y5Y18NaZLcfT-zy6eZiz8P5wPY9se/view?usp=drivesdk
Up Dog.mp4,video/mp4,gifs e animaçoes/Gifs Pessoas Reais/Treino Feminino 1/#VÍDEOS YOGA SOLO,https://drive.google.com/file/d/1gl4tUmKbn3i8rYYvPzUdugVkwhJ8uJU9/view?usp=drivesdk
Guerreiro II.mp4,video/mp4,gifs e animaçoes/Gifs Pessoas Reais/Treino Feminino 1/#VÍDEOS YOGA SOLO,https://drive.google.com/file/d/1kgN1lp-dEcrXr7I5eBvzxKkkEBzJcJMO/view?usp=drivesdk
Happy Baby.mp4,video/mp4,gifs e animaçoes/Gifs Pessoas Reais/Treino Feminino 1/#VÍDEOS YOGA SOLO,https://drive.google.com/file/d/1oneLztNryO4Mu_TIhtLkubiM0pS7NO_a/view?usp=drivesdk
Lizard Pose.mp4,video/mp4,gifs e animaçoes/Gifs Pessoas Reais/Treino Feminino 1/#VÍDEOS YOGA SOLO,https://drive.google.com/file/d/1rQo1xhlz3raPsMhV1tcNrC0dzgydwAIi/view?usp=drivesdk
Fallen Triangle.mp4,video/mp4,gifs e animaçoes/Gifs Pessoas Reais/Treino Feminino 1/#VÍDEOS YOGA SOLO,https://drive.google.com/file/d/1tTwz5cv5SI13BHuspD0ATMfwD6xWVt-I/view?usp=drivesdk
Low Plank.mp4,video/mp4,gifs e animaçoes/Gifs Pessoas Reais/Treino Feminino 1/#VÍDEOS YOGA SOLO,https://drive.google.com/file/d/1uKMErPWbsZjlUKXc8LwF-oRHDm4NOyLt/view?usp=drivesdk
Romanian Deadlift.mp4,video/mp4,gifs e animaçoes/Gifs Pessoas Reais/Treino Feminino 1/VÍDEOS 2,https://drive.google.com/file/d/15AQmJaeRG8fsLQibDD5dS6xEF6VFYFou/view?usp=drivesdk
Switching Punches.mp4,video/mp4,gifs e animaçoes/Gifs Pessoas Reais/Treino Feminino 1/VÍDEOS 2,https://drive.google.com/file/d/19625ozGzrj4HQuNetPCvyk0PZBowfUH4/view?usp=drivesdk
Single Leg Glute Bridge.mp4,video/mp4,gifs e animaçoes/Gifs Pessoas Reais/Treino Feminino 1/VÍDEOS 2,https://drive.google.com/file/d/1h9J5T_guUF5PpVmR7LwAs5wY5jpPmN9H/view?usp=drivesdk
"Check Into Front Push Kick, Check Into Rear Push Kick.mp4",video/mp4,gifs e animaçoes/Gifs Pessoas Reais/Treino Feminino 1/VÍDEOS 2,https://drive.google.com/file/d/1t4Kk9PKbsinFS6lGgCAdI7IEVUycPL6H/view?usp=drivesdk
Squat Alternating Punch Extensions.mp4,video/mp4,gifs e animaçoes/Gifs Pessoas Reais/Treino Feminino 1/VÍDEOS 2,https://drive.google.com/file/d/15HrPX01ymPlWdYTkfpqOkh5V5cQLpA9s/view?usp=drivesdk
Alternating Knees  Skip Knees.mp4,video/mp4,gifs e animaçoes/Gifs Pessoas Reais/Treino Feminino 1/VÍDEOS 2,https://drive.google.com/file/d/1CDVv94XMi9XJSLIYQfvuUVj8saCl0sL6/view?usp=drivesdk
Jumping Jacks.mp4,video/mp4,gifs e animaçoes/Gifs Pessoas Reais/Treino Feminino 1/VÍDEOS 2,https://drive.google.com/file/d/1G3brYLWiDILX-q9fGuc-heQb2Kh3VIeE/view?usp=drivesdk
Forward Arm Circles.mp4,video/mp4,gifs e animaçoes/Gifs Pessoas Reais/Treino Feminino 1/VÍDEOS 2,https://drive.google.com/file/d/1G61-drO8akip9jUB9Ry4Nu8sqnrL1mYL/view?usp=drivesdk
Checking Drill.mp4,video/mp4,gifs e animaçoes/Gifs Pessoas Reais/Treino Feminino 1/VÍDEOS 2,https://drive.google.com/file/d/1IEO4_UgXLGmCvfzL4De5miFImc_INmIy/view?usp=drivesdk
Rotating Arm Extensions.mp4,video/mp4,gifs e animaçoes/Gifs Pessoas Reais/Treino Feminino 1/VÍDEOS 2,https://drive.google.com/file/d/1KFbaiiSR3GZUCaO2uZUs9MxChJF39bxz/view?usp=drivesdk
Seal Jacks.mp4,video/mp4,gifs e animaçoes/Gifs Pessoas Reais/Treino Feminino 1/VÍDEOS 2,https://drive.google.com/file/d/1PMHcPTs7y9gQzPnBmKQWBAn7U0lJDujB/view?usp=drivesdk
"Lead Head Hook, Lead Body Hook, Rear Knee, Rear Elbow.mp4",video/mp4,gifs e animaçoes/Gifs Pessoas Reais/Treino Feminino 1/VÍDEOS 2,https://drive.google.com/file/d/1THv9CJiKmDNb-WvSrR5vjyMvii7gy3vB/view?usp=drivesdk
"Jab, Cross, Hook, Body Kick.mp4",video/mp4,gifs e animaçoes/Gifs Pessoas Reais/Treino Feminino 1/VÍDEOS 2,https://drive.google.com/file/d/1hMG9UKrr6VA1lKLY9RKoHAm9iiCaeGme/view?usp=drivesdk
Crossovers.mp4,video/mp4,gifs e animaçoes/Gifs Pessoas Reais/Treino Feminino 1/VÍDEOS 2,https://drive.google.com/file/d/1pMBAsPwSsjxODOkJ5GF0DukmJ-RPPnCR/view?usp=drivesdk
Plank with Knee Tap.mp4,video/mp4,gifs e animaçoes/Gifs Pessoas Reais/Treino Feminino 1/VÍDEOS 2,https://drive.google.com/file/d/1pNnwm8YSGAZwfU6kHj5rhhO_u6t9aHCi/view?usp=drivesdk
Banded Bird Dog.mp4,video/mp4,gifs e animaçoes/Gifs Pessoas Reais/Treino Feminino 1/VÍDEOS 2,https://drive.google.com/file/d/1qmTs_JHBPoVf3rOzLiP1Hd7dMs-K6O00/view?usp=drivesdk
Backward Arm Circles.mp4,video/mp4,gifs e animaçoes/Gifs Pessoas Reais/Treino Feminino 1/VÍDEOS 2,https://drive.google.com/file/d/1v_cLeHWuaDv1mP91I5gegji5F51Oksi7/view?usp=drivesdk
"Jab, Rear Knee, Cross, Lead Push Kick.mp4",video/mp4,gifs e animaçoes/Gifs Pessoas Reais/Treino Feminino 1/VÍDEOS 2,https://drive.google.com/file/d/1wJdvqZaqEGnUERAlJkMreqmHiauwnpvH/view?usp=drivesdk
Rolling Uppercuts.mp4,video/mp4,gifs e animaçoes/Gifs Pessoas Reais/Treino Feminino 1/VÍDEOS 2,https://drive.google.com/file/d/1zN1ula98G92cMvLusdEcVxYweHINKv7U/view?usp=drivesdk
Seated Arnold Press.mp4,video/mp4,gifs e animaçoes/Gifs Pessoas Reais/Treino Feminino 1/VÍDEOS 10,https://drive.google.com/file/d/1_qMuXlopu0gWI80KAPj50LMYg5ZkyuUf/view?usp=drivesdk
Dumbbell Floor Press.mp4,video/mp4,gifs e animaçoes/Gifs Pessoas Reais/Treino Feminino 1/VÍDEOS 10,https://drive.google.com/file/d/1a75-nxOq30cnIUCEs7rnO03PYu_Hplic/view?usp=drivesdk
Biceps Curl.mp4,video/mp4,gifs e animaçoes/Gifs Pessoas Reais/Treino Feminino 1/VÍDEOS 10,https://drive.google.com/file/d/17Em3We90qJrIEnvwgtsQeJvPyFRVY0lP/view?usp=drivesdk
Curtsy Lunge with Biceps Curl.mp4,video/mp4,gifs e animaçoes/Gifs Pessoas Reais/Treino Feminino 1/VÍDEOS 10,https://drive.google.com/file/d/1DYy3pF97kDaqcchLooeuW4h9zwHsLHZh/view?usp=drivesdk
Incline Pushup.mp4,video/mp4,gifs e animaçoes/Gifs Pessoas Reais/Treino Feminino 1/VÍDEOS 10,https://drive.google.com/file/d/1GvFwCmH7IfDz7sHN_PpLROfk9ZKugsDT/view?usp=drivesdk
Hand-Release Pushup.mp4,video/mp4,gifs e animaçoes/Gifs Pessoas Reais/Treino Feminino 1/VÍDEOS 10,https://drive.google.com/file/d/1ODMBz2hQGQcVp3ae02LvwAgAFyvTFJ5k/view?usp=drivesdk
Single Dumbbell Good Morning.mp4,video/mp4,gifs e animaçoes/Gifs Pessoas Reais/Treino Feminino 1/VÍDEOS 10,https://drive.google.com/file/d/1OWxT06zOQrvN6BvoSkfvjcYcJQHjUyJS/view?usp=drivesdk
Dumbbell Good Morning.mp4,video/mp4,gifs e animaçoes/Gifs Pessoas Reais/Treino Feminino 1/VÍDEOS 10,https://drive.google.com/file/d/1QPmRaKk79OXEpPA3jK9s7Iq2JTdjA5Ke/view?usp=drivesdk
Alternating Front and Lateral Raise.mp4,video/mp4,gifs e animaçoes/Gifs Pessoas Reais/Treino Feminino 1/VÍDEOS 10,https://drive.google.com/file/d/1R4KkvqKli7UrETs3W-vyKO4vNzmOtGxt/view?usp=drivesdk
Triceps Dip.mp4,video/mp4,gifs e animaçoes/Gifs Pessoas Reais/Treino Feminino 1/VÍDEOS 10,https://drive.google.com/file/d/1Xl5_7vzuD0uV5FvKhR4_sVcCUWOOP1IF/view?usp=drivesdk
Overhead Triceps Extension.mp4,video/mp4,gifs e animaçoes/Gifs Pessoas Reais/Treino Feminino 1/VÍDEOS 10,https://drive.google.com/file/d/1Xny8HzsJO2u9t_oY03FA7cYaD3DEDFCG/view?usp=drivesdk
Alternating Bent-Over Row.mp4,video/mp4,gifs e animaçoes/Gifs Pessoas Reais/Treino Feminino 1/VÍDEOS 10,https://drive.google.com/file/d/1afjfi_K-CKgVgOTLokkLSWbhM1onsUEV/view?usp=drivesdk
Single-Arm Dumbbell Floor Press.mp4,video/mp4,gifs e animaçoes/Gifs Pessoas Reais/Treino Feminino 1/VÍDEOS 10,https://drive.google.com/file/d/1bPineUGGumOqvLmRvclerGyQwdG1NO8I/view?usp=drivesdk
Rear Delt Fly.mp4,video/mp4,gifs e animaçoes/Gifs Pessoas Reais/Treino Feminino 1/VÍDEOS 10,https://drive.google.com/file/d/1h-78ndGcCE9API_sU8TE9T1j35k5CjI7/view?usp=drivesdk
Plank with Biceps Curl.mp4,video/mp4,gifs e animaçoes/Gifs Pessoas Reais/Treino Feminino 1/VÍDEOS 10,https://drive.google.com/file/d/1h6emIJZqZmp_uNjtB6wZDkYrevMFLgsW/view?usp=drivesdk
Write Your Name.mp4,video/mp4,gifs e animaçoes/Gifs Pessoas Reais/Treino Feminino 1/VÍDEOS 10,https://drive.google.com/file/d/1nNWq3hgBwt7QeD6a0Mt-5xL9J7VnAnV5/view?usp=drivesdk
Alternating Military Press.mp4,video/mp4,gifs e animaçoes/Gifs Pessoas Reais/Treino Feminino 1/VÍDEOS 10,https://drive.google.com/file/d/1tFdbOAwLAJZh5sP3KN7e26orydAsXKd5/view?usp=drivesdk
Lying Overhead Triceps Extension.mp4,video/mp4,gifs e animaçoes/Gifs Pessoas Reais/Treino Feminino 1/VÍDEOS 10,https://drive.google.com/file/d/1xbx69Wakr-VhcyXcSnQ08KNuxeNkfy0K/view?usp=drivesdk
Superman Isometric Hold.mp4,video/mp4,gifs e animaçoes/Gifs Pessoas Reais/Treino Feminino 1/VÍDEOS 10,https://drive.google.com/file/d/1yDKw2ldH4K7Zr6qKHZQdwchLgjEIdHed/view?usp=drivesdk
Triceps Kickback.mp4,video/mp4,gifs e animaçoes/Gifs Pessoas Reais/Treino Feminino 1/VÍDEOS 10,https://drive.google.com/file/d/1z_9ljjnemg8tCiJg2IRogXOgMPH5g0Iy/view?usp=drivesdk
Cactus Arms.mp4,video/mp4,gifs e animaçoes/Gifs Pessoas Reais/Treino Feminino 1/VÍDEOS 10,https://drive.google.com/file/d/1-M3HHyytFO_DdxOg7r0m0TQ6x9ToDrRy/view?usp=drivesdk
Dumbbell Deadlift.mp4,video/mp4,gifs e animaçoes/Gifs Pessoas Reais/Treino Feminino 1/VÍDEOS 10,https://drive.google.com/file/d/19-APW-BXthl0w-byQZOvVjoWV_4vpUGS/view?usp=drivesdk
Underhand Bent-Over Row.mp4,video/mp4,gifs e animaçoes/Gifs Pessoas Reais/Treino Feminino 1/VÍDEOS 10,https://drive.google.com/file/d/1GX-P5c1JJsYwMedAg9rPo07zJG2bAp9S/view?usp=drivesdk
Hollow Hold.mp4,video/mp4,gifs e animaçoes/Gifs Pessoas Reais/Treino Feminino 1/VÍDEOS 10,https://drive.google.com/file/d/1GvRkSpMP2kMtVQ_Py1KaCndRELMlsVWU/view?usp=drivesdk
Single-Arm Rear Delt Raise.mp4,video/mp4,gifs e animaçoes/Gifs Pessoas Reais/Treino Feminino 1/VÍDEOS 10,https://drive.google.com/file/d/1IubnjCmycprdbEOorvdw2PYhGeqjT3sL/view?usp=drivesdk
Front Raise To Lateral Raise.mp4,video/mp4,gifs e animaçoes/Gifs Pessoas Reais/Treino Feminino 1/VÍDEOS 10,https://drive.google.com/file/d/1MxrrLJxPNH6CUxPuvgOPVAxnj0Z3K9OG/view?usp=drivesdk
Arnold Press.mp4,video/mp4,gifs e animaçoes/Gifs Pessoas Reais/Treino Feminino 1/VÍDEOS 10,https://drive.google.com/file/d/1claLBr1VPIuiClvshVdBfldyTDhKbSfi/view?usp=drivesdk
Bent-Over Row.mp4,video/mp4,gifs e animaçoes/Gifs Pessoas Reais/Treino Feminino 1/VÍDEOS 10,https://drive.google.com/file/d/1kyubgLIxJXi_BQzmDEgu20WVR2vG9xOY/view?usp=drivesdk
Forearm Side Plank.mp4,video/mp4,gifs e animaçoes/Gifs Pessoas Reais/Treino Feminino 1/VÍDEOS 10,https://drive.google.com/file/d/1ogWqwq0tLOou_5VYGjJ2DwLBGLL3GhTl/view?usp=drivesdk
Plank Up Down.mp4,video/mp4,gifs e animaçoes/Gifs Pessoas Reais/Treino Feminino 1/VÍDEOS 10,https://drive.google.com/file/d/1pgyrZ5st-7J_q40ZSGNtL7eXfJ2QVSnJ/view?usp=drivesdk
Alternating Dumbbell Floor Press.mp4,video/mp4,gifs e animaçoes/Gifs Pessoas Reais/Treino Feminino 1/VÍDEOS 10,https://drive.google.com/file/d/1reFX74BsmkrbGqxHUd5oTq8Dg0FP8Hyp/view?usp=drivesdk
Reverse Fly.mp4,video/mp4,gifs e animaçoes/Gifs Pessoas Reais/Treino Feminino 1/VÍDEOS 10,https://drive.google.com/file/d/1tTz99tZS9p6wavvacRjqlLrdmHeFmRTz/view?usp=drivesdk
Single-Arm Bent-Over Row.mp4,video/mp4,gifs e animaçoes/Gifs Pessoas Reais/Treino Feminino 1/VÍDEOS 10,https://drive.google.com/file/d/1tvr_t1d-fuQYpMiZZg6sTZ6Sow6x9IdX/view?usp=drivesdk
Renegade Row.mp4,video/mp4,gifs e animaçoes/Gifs Pessoas Reais/Treino Feminino 1/VÍDEOS 10,https://drive.google.com/file/d/1vIb43DASAvtThVf4r2t5b_Qd423g9ZXM/view?usp=drivesdk
2022-womenshealth-loops-ep37-diarraday1-goodmorning-dh-v02-1660760922.mp4,video/mp4,gifs e animaçoes/Gifs Pessoas Reais/Treino Feminino 1/VÍDEOS 10,https://drive.google.com/file/d/1zra2lNaV-EDfXsmpzkTpK3kUQcDGpmZT/view?usp=drivesdk
Plank with Knee TapP.mp4,video/mp4,gifs e animaçoes/Gifs Pessoas Reais/Treino Feminino 1/VÍDEOS 10,https://drive.google.com/file/d/1zuXEqTH7bWpBsqBZXNtyQdjTv03HuDA2/view?usp=drivesdk
Single-Leg Row.mp4,video/mp4,gifs e animaçoes/Gifs Pessoas Reais/Treino Feminino 1/VÍDEOS 10,https://drive.google.com/file/d/13DJotuYH1S5ADGtS3uwdg6g6p71BEuDW/view?usp=drivesdk
Upright Row.mp4,video/mp4,gifs e animaçoes/Gifs Pessoas Reais/Treino Feminino 1/VÍDEOS 10,https://drive.google.com/file/d/15SiJ78Usa1pIU_aHB1SAZE04YPJWIPux/view?usp=drivesdk
Superman.mp4,video/mp4,gifs e animaçoes/Gifs Pessoas Reais/Treino Feminino 1/VÍDEOS 10,https://drive.google.com/file/d/1TGtXtLAsSiTULw_A2KO-lj9rt_GbzXh0/view?usp=drivesdk
Bird Dog.mp4,video/mp4,gifs e animaçoes/Gifs Pessoas Reais/Treino Feminino 1/VÍDEOS 10,https://drive.google.com/file/d/1X2e8KYWbAyoywEZZ1JTeqHATwoCOwFqU/view?usp=drivesdk
Plank Toe Touch.mp4,video/mp4,gifs e animaçoes/Gifs Pessoas Reais/Treino Feminino 1/VÍDEOS 10,https://drive.google.com/file/d/1hSgHuVDfGxJLw-TJUeTus8eHkkMgCOPV/view?usp=drivesdk
10 Postura de criança.mp4,video/mp4,gifs e animaçoes/Gifs Pessoas Reais/Treino Feminino 1/#VÍDEOS ALONGAMENTOS,https://drive.google.com/file/d/1uoQCCCtwlxTtQqzXzw_aRkV-Z6DsJ8O1/view?usp=drivesdk
15 Torção EspinhalS.mp4,video/mp4,gifs e animaçoes/Gifs Pessoas Reais/Treino Feminino 1/#VÍDEOS ALONGAMENTOS,https://drive.google.com/file/d/12ZJupmr18yWi9bWIiN8zGOK0bAWtoeZG/view?usp=drivesdk
11 Torção de estocada baixa.mp4,video/mp4,gifs e animaçoes/Gifs Pessoas Reais/Treino Feminino 1/#VÍDEOS ALONGAMENTOS,https://drive.google.com/file/d/13qEI3_883no28vY6zBdve-E-KdyKIbJT/view?usp=drivesdk
14 Passar o fio na agulha.mp4,video/mp4,gifs e animaçoes/Gifs Pessoas Reais/Treino Feminino 1/#VÍDEOS ALONGAMENTOS,https://drive.google.com/file/d/17gytiFVgHhiAQwN_ye651wKC_veHX15r/view?usp=drivesdk
16 Limpadores de Pára-brisa.mp4,video/mp4,gifs e animaçoes/Gifs Pessoas Reais/Treino Feminino 1/#VÍDEOS ALONGAMENTOS,https://drive.google.com/file/d/1AsvvBw3tRtY4Hh7NMbp74yLpm0qebMEl/view?usp=drivesdk
13 Joelho no peito oposto.mp4,video/mp4,gifs e animaçoes/Gifs Pessoas Reais/Treino Feminino 1/#VÍDEOS ALONGAMENTOS,https://drive.google.com/file/d/1B5NTsXCrPDCxs5Ccmi3ucnMeFBy70xrV/view?usp=drivesdk
8. Pombo.mp4,video/mp4,gifs e animaçoes/Gifs Pessoas Reais/Treino Feminino 1/#VÍDEOS ALONGAMENTOS,https://drive.google.com/file/d/1BAfVq-TGEKnmrBynuufR4yahOUSt_Nkk/view?usp=drivesdk
4. Figura Quatro Alongamento Sentado.mp4,video/mp4,gifs e animaçoes/Gifs Pessoas Reais/Treino Feminino 1/#VÍDEOS ALONGAMENTOS,https://drive.google.com/file/d/1EYR-3CHg8nFHleJ-xsDNJxoFeUNqllbl/view?usp=drivesdk
3. Alongamento supino figura quatro.mp4,video/mp4,gifs e animaçoes/Gifs Pessoas Reais/Treino Feminino 1/#VÍDEOS ALONGAMENTOS,https://drive.google.com/file/d/1EwcVqev7NlMBUyvswDl9RXfAlJ8D0Bxp/view?usp=drivesdk
9. Alongamento QL em pé.mp4,video/mp4,gifs e animaçoes/Gifs Pessoas Reais/Treino Feminino 1/#VÍDEOS ALONGAMENTOS,https://drive.google.com/file/d/1KwqIcToWaHEtYeebxWmssjqSa4gvnMsm/view?usp=drivesdk
1. Cat Cow.mp4,video/mp4,gifs e animaçoes/Gifs Pessoas Reais/Treino Feminino 1/#VÍDEOS ALONGAMENTOS,https://drive.google.com/file/d/1Qc1chlu4R6PQ_1tigQZWvarXNcN9lGoq/view?usp=drivesdk
7. Alongamento da panturrilha com faixas sentadas.mp4,video/mp4,gifs e animaçoes/Gifs Pessoas Reais/Treino Feminino 1/#VÍDEOS ALONGAMENTOS,https://drive.google.com/file/d/1XVRdcHNSEhArmFlWKTyLWY1E9qBPAV2e/view?usp=drivesdk
2. Alongamento do flexor do quadril em pé.mp4,video/mp4,gifs e animaçoes/Gifs Pessoas Reais/Treino Feminino 1/#VÍDEOS ALONGAMENTOS,https://drive.google.com/file/d/1Y48m47BbNKFgswg389UAMp5Nn5MDKJUe/view?usp=drivesdk
5. Alongamento do flexor do quadril meio ajoelhado com alcance.mp4,video/mp4,gifs e animaçoes/Gifs Pessoas Reais/Treino Feminino 1/#VÍDEOS ALONGAMENTOS,https://drive.google.com/file/d/1ge5Z2G3KYlUb8EsnAXXQfu2Yyh5U_Gqs/view?usp=drivesdk
12 Joelho no peito.mp4,video/mp4,gifs e animaçoes/Gifs Pessoas Reais/Treino Feminino 1/#VÍDEOS ALONGAMENTOS,https://drive.google.com/file/d/1mlQvtRKiwqsZHwY083sLJ5WCaC_N9YlO/view?usp=drivesdk
6. Alongamento dos isquiotibiais deitado com faixa.mp4,video/mp4,gifs e animaçoes/Gifs Pessoas Reais/Treino Feminino 1/#VÍDEOS ALONGAMENTOS,https://drive.google.com/file/d/1wM_ahYtz8KqgpuXoVewjrIyz2QzuYBsb/view?usp=drivesdk
Twisting Knee-In.mp4,video/mp4,gifs e animaçoes/Gifs Pessoas Reais/Treino Feminino 1/VÍDEOS 3,https://drive.google.com/file/d/1ixsk4T3ROM9AsCEtRVwxh1NxKcnh3NPO/view?usp=drivesdk
Offset Front Squat.mp4,video/mp4,gifs e animaçoes/Gifs Pessoas Reais/Treino Feminino 1/VÍDEOS 3,https://drive.google.com/file/d/1yG3fyYIfpsoaJGcJ1ZBsWZJTaJrmxH3K/view?usp=drivesdk
Sprinter Situp.mp4,video/mp4,gifs e animaçoes/Gifs Pessoas Reais/Treino Feminino 1/VÍDEOS 3,https://drive.google.com/file/d/106M9DoAucC4ACQpZJFCwJMz9UvXU7Eg5/view?usp=drivesdk
Side V-Up.mp4,video/mp4,gifs e animaçoes/Gifs Pessoas Reais/Treino Feminino 1/VÍDEOS 3,https://drive.google.com/file/d/162vHeIcP7yunSfy00-PibpjnBcH0OOfR/view?usp=drivesdk
Half-Kneeling Woodchopper.mp4,video/mp4,gifs e animaçoes/Gifs Pessoas Reais/Treino Feminino 1/VÍDEOS 3,https://drive.google.com/file/d/1DNsizY1sYXbmXQqapwA3whDfBmupPBG3/view?usp=drivesdk
Penguin.mp4,video/mp4,gifs e animaçoes/Gifs Pessoas Reais/Treino Feminino 1/VÍDEOS 3,https://drive.google.com/file/d/1OOpTIRzthP3Kpoh5oiimks8ZvAjD_1Wu/view?usp=drivesdk
Corkscrew.mp4,video/mp4,gifs e animaçoes/Gifs Pessoas Reais/Treino Feminino 1/VÍDEOS 3,https://drive.google.com/file/d/1QJmy0Q6WG8v7rQQ7MUSNmrV2JWmetdtI/view?usp=drivesdk
Cross-Body Iso Deadbug.mp4,video/mp4,gifs e animaçoes/Gifs Pessoas Reais/Treino Feminino 1/VÍDEOS 3,https://drive.google.com/file/d/1S6AZDwRYcdkXoViKtubiqANk_umFD8sv/view?usp=drivesdk
Cross-Body Mountain Climber.mp4,video/mp4,gifs e animaçoes/Gifs Pessoas Reais/Treino Feminino 1/VÍDEOS 3,https://drive.google.com/file/d/1Y6Irg7avl2jh176XKUdsg8i6LUzYUeXL/view?usp=drivesdk
Forward Lunge And Twist.mp4,video/mp4,gifs e animaçoes/Gifs Pessoas Reais/Treino Feminino 1/VÍDEOS 3,https://drive.google.com/file/d/1_M1ayQO5eDSNnqnw651UQ8D4IThBS9w9/view?usp=drivesdk
Rainbow Slam.mp4,video/mp4,gifs e animaçoes/Gifs Pessoas Reais/Treino Feminino 1/VÍDEOS 3,https://drive.google.com/file/d/1brNY_GpoKFYKraYTEFCf6pans4FWvtfz/view?usp=drivesdk
Half-Kneeling Windmill.mp4,video/mp4,gifs e animaçoes/Gifs Pessoas Reais/Treino Feminino 1/VÍDEOS 3,https://drive.google.com/file/d/1cfmDB1Q7hPoDZ-uf4p6accmw2bLmcc9S/view?usp=drivesdk
Standing Oblique Crunch.mp4,video/mp4,gifs e animaçoes/Gifs Pessoas Reais/Treino Feminino 1/VÍDEOS 3,https://drive.google.com/file/d/1h9mMxMuUCtLMrSMkM2-TgqonL1XHshrW/view?usp=drivesdk
Plank Rows.mp4,video/mp4,gifs e animaçoes/Gifs Pessoas Reais/Treino Feminino 1/VÍDEOS 3,https://drive.google.com/file/d/1lbp4yc1SgMzrt9yqh7QV87QeHiMcL4Kb/view?usp=drivesdk
Rainbow Plank.mp4,video/mp4,gifs e animaçoes/Gifs Pessoas Reais/Treino Feminino 1/VÍDEOS 3,https://drive.google.com/file/d/1mmuAjU-4-ECXB1-rDtuw7Tlc0u_ASZ7s/view?usp=drivesdk
Remada Unilateral.mp4,video/mp4,gifs e animaçoes/Gifs Pessoas Reais/Treino Feminino 1/#VIDEOS KETTELBELL,https://drive.google.com/file/d/1EQvDh1fM_MyBGQWQrh29ajIo1qFZ2YiU/view?usp=drivesdk
Meia roupa turca.mp4,video/mp4,gifs e animaçoes/Gifs Pessoas Reais/Treino Feminino 1/#VIDEOS KETTELBELL,https://drive.google.com/file/d/1GWIzWMSlEo_5BHL3P3dLGFxdhxjaJ6oO/view?usp=drivesdk
Impulso de joelhos para pressionar.mp4,video/mp4,gifs e animaçoes/Gifs Pessoas Reais/Treino Feminino 1/#VIDEOS KETTELBELL,https://drive.google.com/file/d/1JYwNhHZwEOaKE8mqsKVWkMNKbbQ61qnH/view?usp=drivesdk
Agachamento para sobrecarga.mp4,video/mp4,gifs e animaçoes/Gifs Pessoas Reais/Treino Feminino 1/#VIDEOS KETTELBELL,https://drive.google.com/file/d/1JetDKuGr9fWkZscypl982aG1SOKfAQez/view?usp=drivesdk
Deadlift romeno de perna única.mp4,video/mp4,gifs e animaçoes/Gifs Pessoas Reais/Treino Feminino 1/#VIDEOS KETTELBELL,https://drive.google.com/file/d/1Zr9Vj_RJhKu-KtGv3kJilLj9I141t3BN/view?usp=drivesdk
3. Agachamento Kettlebell Offset.mp4,video/mp4,gifs e animaçoes/Gifs Pessoas Reais/Treino Feminino 1/#VIDEOS KETTELBELL,https://drive.google.com/file/d/1wh083SZxefNQ6MkQbI_WvNxzhZwCRQEp/view?usp=drivesdk
Traje Turco.mp4,video/mp4,gifs e animaçoes/Gifs Pessoas Reais/Treino Feminino 1/#VIDEOS KETTELBELL,https://drive.google.com/file/d/1-aRgSSYhC3KUIq_2vxkgaGzVQozuGYDw/view?usp=drivesdk
Press de ombro de braço único.mp4,video/mp4,gifs e animaçoes/Gifs Pessoas Reais/Treino Feminino 1/#VIDEOS KETTELBELL,https://drive.google.com/file/d/14bxhADBC9QwcG1s-ylzooF4Oy9sv2jfr/view?usp=drivesdk
mala de transporte.mp4,video/mp4,gifs e animaçoes/Gifs Pessoas Reais/Treino Feminino 1/#VIDEOS KETTELBELL,https://drive.google.com/file/d/16Q2YDbHQLWUrUTDi_7V_szR_zF2ikpfe/view?usp=drivesdk
2. Agachamento Frontal com Kettlebell.mp4,video/mp4,gifs e animaçoes/Gifs Pessoas Reais/Treino Feminino 1/#VIDEOS KETTELBELL,https://drive.google.com/file/d/17DXyAD6B0jsUNJ9EVFaX45UmPmuf95Mb/view?usp=drivesdk
Sentado Overhead Press.mp4,video/mp4,gifs e animaçoes/Gifs Pessoas Reais/Treino Feminino 1/#VIDEOS KETTELBELL,https://drive.google.com/file/d/1CUW_E-NSTdQl050PfXxKEXjHRCZv4rQO/view?usp=drivesdk
Linha com suporte de braço único.mp4,video/mp4,gifs e animaçoes/Gifs Pessoas Reais/Treino Feminino 1/#VIDEOS KETTELBELL,https://drive.google.com/file/d/1ECraSG-eNYAlGlTQ4aZWSmbe3Vqwpc27/view?usp=drivesdk
Curl para agachar e pressionar.mp4,video/mp4,gifs e animaçoes/Gifs Pessoas Reais/Treino Feminino 1/#VIDEOS KETTELBELL,https://drive.google.com/file/d/1MTAUdpjI4wf_FbKlYK_DZzzrlBszpB9q/view?usp=drivesdk
aréola.mp4,video/mp4,gifs e animaçoes/Gifs Pessoas Reais/Treino Feminino 1/#VIDEOS KETTELBELL,https://drive.google.com/file/d/1QqurJW5KHlAsOdiMtJUuN1VUMaQRW1sC/view?usp=drivesdk
Kettlebell Swing speed.mp4,video/mp4,gifs e animaçoes/Gifs Pessoas Reais/Treino Feminino 1/#VIDEOS KETTELBELL,https://drive.google.com/file/d/1XBqwJ5Tzpt_JMMRWfJ9A1ByJsgKov_1o/view?usp=drivesdk
Agachamento Cálice.mp4,video/mp4,gifs e animaçoes/Gifs Pessoas Reais/Treino Feminino 1/#VIDEOS KETTELBELL,https://drive.google.com/file/d/1bpnoiWacxm_hJ9URzp6uIXY5oTS52Nyj/view?usp=drivesdk
Moinho Kettlebell meio ajoelhado.mp4,video/mp4,gifs e animaçoes/Gifs Pessoas Reais/Treino Feminino 1/#VIDEOS KETTELBELL,https://drive.google.com/file/d/1c4QnoDzK10v7wzstOYIZPPiKoOFdOd9V/view?usp=drivesdk
1. Agachamento Kettlebell com tempo sob tensão.mp4,video/mp4,gifs e animaçoes/Gifs Pessoas Reais/Treino Feminino 1/#VIDEOS KETTELBELL,https://drive.google.com/file/d/1dIUOAP6eq7XyZsXsgZv0wlu8gLZFg5Wr/view?usp=drivesdk
Imprensa aérea de braço único.mp4,video/mp4,gifs e animaçoes/Gifs Pessoas Reais/Treino Feminino 1/#VIDEOS KETTELBELL,https://drive.google.com/file/d/1f0KqOYSEsAsJMVAOMHczQNwItExX6IQj/view?usp=drivesdk
kettlebell swing.mp4,video/mp4,gifs e animaçoes/Gifs Pessoas Reais/Treino Feminino 1/#VIDEOS KETTELBELL,https://drive.google.com/file/d/1rkWw9buF9o7TXu_kiah00JWYlJoqlPYh/view?usp=drivesdk
Extensão de perna série quadrúpedeQuadruped Series Leg Extension.mp4,video/mp4,gifs e animaçoes/Gifs Pessoas Reais/Treino Feminino 1/#VÍDEOS PILATES SOLO,https://drive.google.com/file/d/1H6ROmnPN9VQ3k5yEse4yBH0KBbEn5u1D/view?usp=drivesdk
Chute de Burro Série QuadrúpedeQuadruped Series Donkey Kick.mp4,video/mp4,gifs e animaçoes/Gifs Pessoas Reais/Treino Feminino 1/#VÍDEOS PILATES SOLO,https://drive.google.com/file/d/1T7a0-G42cNGKjuBfxRHGq20sypQ7FOqo/view?usp=drivesdk
Chute de Série Deitado de LadoSide Lying Series Kick.mp4,video/mp4,gifs e animaçoes/Gifs Pessoas Reais/Treino Feminino 1/#VÍDEOS PILATES SOLO,https://drive.google.com/file/d/19zNpSdtd7XGj1WGF8Pat2zkIO_1SeFGs/view?usp=drivesdk
Prancha lateralSide Plank.mp4,video/mp4,gifs e animaçoes/Gifs Pessoas Reais/Treino Feminino 1/#VÍDEOS PILATES SOLO,https://drive.google.com/file/d/1BFLP0aTOUDXewRvYxbnlA2dqdDAFi-zK/view?usp=drivesdk
cão pássaroBird Dog.mp4,video/mp4,gifs e animaçoes/Gifs Pessoas Reais/Treino Feminino 1/#VÍDEOS PILATES SOLO,https://drive.google.com/file/d/1EspkWIIQ1Yx0k6uJWOAzFFeSOaaXue5V/view?usp=drivesdk
CentenasHundred.mp4,video/mp4,gifs e animaçoes/Gifs Pessoas Reais/Treino Feminino 1/#VÍDEOS PILATES SOLO,https://drive.google.com/file/d/1NiutVeO_PK2poB3pNuXeuyZvojjFuCdf/view?usp=drivesdk
Meio Roll BackHalf Roll Back.mp4,video/mp4,gifs e animaçoes/Gifs Pessoas Reais/Treino Feminino 1/#VÍDEOS PILATES SOLO,https://drive.google.com/file/d/1UiKh-6UUfq6sbdZdYH015xPZ9N_PRnGK/view?usp=drivesdk
Extensão da coluna vertebralSpinal Extension.mp4,video/mp4,gifs e animaçoes/Gifs Pessoas Reais/Treino Feminino 1/#VÍDEOS PILATES SOLO,https://drive.google.com/file/d/1UqoKOaFLvyJYIQvntP-Z95rc1ddJbT71/view?usp=drivesdk
Extensão de perna série deitada de ladoSide Lying Series Leg Extension.mp4,video/mp4,gifs e animaçoes/Gifs Pessoas Reais/Treino Feminino 1/#VÍDEOS PILATES SOLO,https://drive.google.com/file/d/1jNFZ122xtTnNtwbZq-TdOPFmrCMy2Jrm/view?usp=drivesdk
prancha de antebraçoForearm Plank.mp4,video/mp4,gifs e animaçoes/Gifs Pessoas Reais/Treino Feminino 1/#VÍDEOS PILATES SOLO,https://drive.google.com/file/d/1ki0-n5UA1CbzF1fIC2SXZSMC3g7iGd7j/view?usp=drivesdk
Elevação de perna série deitada de ladoSide Lying Series Leg Lift.mp4,video/mp4,gifs e animaçoes/Gifs Pessoas Reais/Treino Feminino 1/#VÍDEOS PILATES SOLO,https://drive.google.com/file/d/1oGjesck73yZZ0MEgd6RkEAPZh4NmD-Y2/view?usp=drivesdk
Rolar em pé.mp4,video/mp4,gifs e animaçoes/Gifs Pessoas Reais/Treino Feminino 1/#VÍDEOS PILATES SOLO,https://drive.google.com/file/d/1ud7BrZ3QQT0sZtaOul_WEnyFcB5QGDAF/view?usp=drivesdk
Kettlebell-Swing.gif,image/gif,gifs e animaçoes/Gifs Pessoas Reais/Treino em Casa Feminino,https://drive.google.com/file/d/117XoA6P_nyKUa4vSeqAg5auUUbYk4gfk/view?usp=drivesdk
STANDING_OBLIQUE_CRUNCH.gif,image/gif,gifs e animaçoes/Gifs Pessoas Reais/Treino em Casa Feminino,https://drive.google.com/file/d/12FMNeHYwBQXPrv3vm5LAx0LSepf7HD7P/view?usp=drivesdk
LATERAL_PLANK_WALKS_20(1).gif,image/gif,gifs e animaçoes/Gifs Pessoas Reais/Treino em Casa Feminino,https://drive.google.com/file/d/16mlunauJlUboHeGh-kezlMQwf-y08AsL/view?usp=drivesdk
Split-stance-Row.gif,image/gif,gifs e animaçoes/Gifs Pessoas Reais/Treino em Casa Feminino,https://drive.google.com/file/d/1RBvMMIxDNMlhM44KHg8iTqbKCIT6i246/view?usp=drivesdk
REVERSE_LUNGE.gif,image/gif,gifs e animaçoes/Gifs Pessoas Reais/Treino em Casa Feminino,https://drive.google.com/file/d/1WDq04qA_FZVa19M8estbjrWu-9GHrX8I/view?usp=drivesdk
legs-work-out-female-abs.gif,image/gif,gifs e animaçoes/Gifs Pessoas Reais/Treino em Casa Feminino,https://drive.google.com/file/d/1_vqnfx1xT5JT4h6mGys8SMAtMrosT79O/view?usp=drivesdk
SERROTEINCLINADA1.gif,image/gif,gifs e animaçoes/Gifs Pessoas Reais/Treino em Casa Feminino,https://drive.google.com/file/d/1laRC4ul7dXdyfe71E7lxpAEuXdskDxcd/view?usp=drivesdk
INCHWORM.gif,image/gif,gifs e animaçoes/Gifs Pessoas Reais/Treino em Casa Feminino,https://drive.google.com/file/d/1qU8rDoMUuXVi4NHHQzxtH16hDbOQU6UU/view?usp=drivesdk
HIP_BRIDGE.gif,image/gif,gifs e animaçoes/Gifs Pessoas Reais/Treino em Casa Feminino,https://drive.google.com/file/d/12XmQDdWP7D_wlWDbwGXmcQ53l_FTfybK/view?usp=drivesdk
stretch-4.gif,image/gif,gifs e animaçoes/Gifs Pessoas Reais/Treino em Casa Feminino,https://drive.google.com/file/d/13op8E5AtbuLxq_kUxQUymZSLuta_kUMw/view?usp=drivesdk
abs-workout.gif,image/gif,gifs e animaçoes/Gifs Pessoas Reais/Treino em Casa Feminino,https://drive.google.com/file/d/14hTeUMj3U0_9xp873ctcxYHHBiquhUY2/view?usp=drivesdk
UPSUICIDE.gif,image/gif,gifs e animaçoes/Gifs Pessoas Reais/Treino em Casa Feminino,https://drive.google.com/file/d/15I4IbznBCpMIcecfsMM8A-uoeada-JBP/view?usp=drivesdk
VUp.gif,image/gif,gifs e animaçoes/Gifs Pessoas Reais/Treino em Casa Feminino,https://drive.google.com/file/d/166IlZ0US0_ikBwVDC4SE_aiy1EexI5oX/view?usp=drivesdk
ABSBIKE.gif,image/gif,gifs e animaçoes/Gifs Pessoas Reais/Treino em Casa Feminino,https://drive.google.com/file/d/18UhcU7v7Wi3eSQIytNhZXrP9JQ2DqgLF/view?usp=drivesdk
bodyweight.gif,image/gif,gifs e animaçoes/Gifs Pessoas Reais/Treino em Casa Feminino,https://drive.google.com/file/d/19FDdnat2Z76vhnfH9ObJDEAQ6WcPEyNg/view?usp=drivesdk
AbsLEGS.gif,image/gif,gifs e animaçoes/Gifs Pessoas Reais/Treino em Casa Feminino,https://drive.google.com/file/d/1F1R-ByMbrGha2Cnas79Aws5_NBcBOII1/view?usp=drivesdk
Plank_Ups-new.gif,image/gif,gifs e animaçoes/Gifs Pessoas Reais/Treino em Casa Feminino,https://drive.google.com/file/d/1FzOc7ZBvp3Rt3igGiMx_bSqwAlnBCURk/view?usp=drivesdk
POWER_LUNGE.gif,image/gif,gifs e animaçoes/Gifs Pessoas Reais/Treino em Casa Feminino,https://drive.google.com/file/d/1IPO_YbLRnY2L_4NrvL62qL7GopI4cHPT/view?usp=drivesdk
legs-and-abs-work-out-fitness.gif,image/gif,gifs e animaçoes/Gifs Pessoas Reais/Treino em Casa Feminino,https://drive.google.com/file/d/1Y2B7C7bHx-9T-2A2fuIDaBa0k3vhC9yU/view?usp=drivesdk
bodyweight3.gif,image/gif,gifs e animaçoes/Gifs Pessoas Reais/Treino em Casa Feminino,https://drive.google.com/file/d/1Z8cQb1FegMtZxEpx7jvhuixtqXS7AwZZ/view?usp=drivesdk
Abdominais Borboleta.gif,image/gif,gifs e animaçoes/Gifs Pessoas Reais/Treino em Casa Feminino,https://drive.google.com/file/d/1_cCneVcoS6crY8Mf2qzukwQ-tj-3dCX8/view?usp=drivesdk
PLANK_TAPS.gif,image/gif,gifs e animaçoes/Gifs Pessoas Reais/Treino em Casa Feminino,https://drive.google.com/file/d/1d1XEg2_kvBBVxEi72f4ClR4vm-W5y9ir/view?usp=drivesdk
butt1.gif,image/gif,gifs e animaçoes/Gifs Pessoas Reais/Treino em Casa Feminino,https://drive.google.com/file/d/1grWBUDgUYSEcvYQhpbE5co-GpvGH9Sj7/view?usp=drivesdk
ELEVAÇÃO PELVICAUNI.gif,image/gif,gifs e animaçoes/Gifs Pessoas Reais/Treino em Casa Feminino,https://drive.google.com/file/d/1iAAC87cwHguuEef472BZ-VB-pKdS1LvZ/view?usp=drivesdk
stretch-3.gif,image/gif,gifs e animaçoes/Gifs Pessoas Reais/Treino em Casa Feminino,https://drive.google.com/file/d/1rYPX95SQWBwyHX-tRwKFLOWAt5fh8_Ep/view?usp=drivesdk
STEP_UP_KNEE_LIFT.gif,image/gif,gifs e animaçoes/Gifs Pessoas Reais/Treino em Casa Feminino,https://drive.google.com/file/d/1zZJ_-eY2HDhFqlzRKtyvVEF5Cs-PQQCN/view?usp=drivesdk
abs-and-legs.gif,image/gif,gifs e animaçoes/Gifs Pessoas Reais/Treino em Casa Feminino,https://drive.google.com/file/d/1CRY0MinTtZmIQDlgD1A547pCbCFUD2-m/view?usp=drivesdk
FLEX2.gif,image/gif,gifs e animaçoes/Gifs Pessoas Reais/Treino em Casa Feminino,https://drive.google.com/file/d/1EUFkLrDwBPYbRzczZn_1faADCH2t5mwy/view?usp=drivesdk
legs-work-out-legs-day (1).gif,image/gif,gifs e animaçoes/Gifs Pessoas Reais/Treino em Casa Feminino,https://drive.google.com/file/d/1FRdiyhvJiDYGGQKlTjr5YvYX_f7md8Lt/view?usp=drivesdk
butt-.gif,image/gif,gifs e animaçoes/Gifs Pessoas Reais/Treino em Casa Feminino,https://drive.google.com/file/d/1KIzrcYS19_lfoFjPCPAVr0Tb97y-lxzR/view?usp=drivesdk
MarchingGluteBridge.gif,image/gif,gifs e animaçoes/Gifs Pessoas Reais/Treino em Casa Feminino,https://drive.google.com/file/d/1OPiMav0BfNhtm8sLOhtovpX6cXHR4GUj/view?usp=drivesdk
ADUTOR1.gif,image/gif,gifs e animaçoes/Gifs Pessoas Reais/Treino em Casa Feminino,https://drive.google.com/file/d/1S5WMfisuuj-Sd4gN5g8RbRQkiJrTYP4N/view?usp=drivesdk
reverse-lunge-loop.gif,image/gif,gifs e animaçoes/Gifs Pessoas Reais/Treino em Casa Feminino,https://drive.google.com/file/d/1U1RlQr6rCj9tMVSUhOfJFsndyO6nHXm3/view?usp=drivesdk
legs-work-out-legs-day.gif,image/gif,gifs e animaçoes/Gifs Pessoas Reais/Treino em Casa Feminino,https://drive.google.com/file/d/1_5U5eq3jxQ8Oha91v4-vreRY0w34IGc8/view?usp=drivesdk
legs-exercise.gif,image/gif,gifs e animaçoes/Gifs Pessoas Reais/Treino em Casa Feminino,https://drive.google.com/file/d/1faeRw6t1PIO1bHE_29EztZuR7BL9PYt-/view?usp=drivesdk
fire-hyrdant-loop.gif,image/gif,gifs e animaçoes/Gifs Pessoas Reais/Treino em Casa Feminino,https://drive.google.com/file/d/1kfQ9aOhQ_VVSguRMjDBsH2sSeaW0HzAG/view?usp=drivesdk
squat_FREE.gif,image/gif,gifs e animaçoes/Gifs Pessoas Reais/Treino em Casa Feminino,https://drive.google.com/file/d/1rUGcF1KvDFLmWIpR8ic47xRtnQ3Mp_4w/view?usp=drivesdk
stretch-2.gif,image/gif,gifs e animaçoes/Gifs Pessoas Reais/Treino em Casa Feminino,https://drive.google.com/file/d/1zwTXZBNMTA15rFGEEUGV9Or13houw08d/view?usp=drivesdk
stretch-5.gif,image/gif,gifs e animaçoes/Gifs Pessoas Reais/Treino em Casa Feminino,https://drive.google.com/file/d/10Xhfe69o8Ys2BF83zyS2iYeJ8bTXbL9V/view?usp=drivesdk
wheelbarrow-core.gif,image/gif,gifs e animaçoes/Gifs Pessoas Reais/Treino em Casa Feminino,https://drive.google.com/file/d/10dp0xfZQg-pKBEqCpDauJWOkhtukWN6O/view?usp=drivesdk
Incline-push-up.gif,image/gif,gifs e animaçoes/Gifs Pessoas Reais/Treino em Casa Feminino,https://drive.google.com/file/d/11VkxRMl5xl-WYbhHtZuirxKcGD9fClYJ/view?usp=drivesdk
PLANK_JACK.gif,image/gif,gifs e animaçoes/Gifs Pessoas Reais/Treino em Casa Feminino,https://drive.google.com/file/d/12gfp_dLyjW4FRqA8VuUfSs4l05YLRS72/view?usp=drivesdk
curtsy-lungE-single-side.gif,image/gif,gifs e animaçoes/Gifs Pessoas Reais/Treino em Casa Feminino,https://drive.google.com/file/d/140QOiQQKf4Xu0YuM1qsibiM89AFVQToa/view?usp=drivesdk
Russian-twist.gif,image/gif,gifs e animaçoes/Gifs Pessoas Reais/Treino em Casa Feminino,https://drive.google.com/file/d/17cx6YrrtmUKwWmYAepPa7aYPjf0yJ_2q/view?usp=drivesdk
loop_Bodyweight-squat-.gif,image/gif,gifs e animaçoes/Gifs Pessoas Reais/Treino em Casa Feminino,https://drive.google.com/file/d/1QfXmPd6kYMIbahcROH1i_cP7BIsa0EKE/view?usp=drivesdk
ELEVAÇÃO PÉLVICA.gif,image/gif,gifs e animaçoes/Gifs Pessoas Reais/Treino em Casa Feminino,https://drive.google.com/file/d/1YYxggc26x7JVLVSGIpljnUsKg1RpCTBw/view?usp=drivesdk
single-arm.gif,image/gif,gifs e animaçoes/Gifs Pessoas Reais/Treino em Casa Feminino,https://drive.google.com/file/d/1d-UK1Yh2guLZzGRY59gOcNqzv4cTUJtO/view?usp=drivesdk
bodyweight4.gif,image/gif,gifs e animaçoes/Gifs Pessoas Reais/Treino em Casa Feminino,https://drive.google.com/file/d/1t-h8qms7noG0c2jR4sLpHeRpJShwGzfK/view?usp=drivesdk
hip-extension-loop.gif,image/gif,gifs e animaçoes/Gifs Pessoas Reais/Treino em Casa Feminino,https://drive.google.com/file/d/1-9yuhk9GIFHF8DNGN1avFrUHM644pln0/view?usp=drivesdk
4APOIOS1.gif,image/gif,gifs e animaçoes/Gifs Pessoas Reais/Treino em Casa Feminino,https://drive.google.com/file/d/10cEan4lWiW6LRgj7_vJ5J6c_DIdO4flq/view?usp=drivesdk
split-stance-lift-loop.gif,image/gif,gifs e animaçoes/Gifs Pessoas Reais/Treino em Casa Feminino,https://drive.google.com/file/d/129uCsmh6I7oriVwlk_BmOfO18TiqnYtQ/view?usp=drivesdk
Jumping_Lunge.gif,image/gif,gifs e animaçoes/Gifs Pessoas Reais/Treino em Casa Feminino,https://drive.google.com/file/d/178trLM7Btu2suE0q0ymAqdO8dPoENkS5/view?usp=drivesdk
GLÚTEOS4APOIOS1.gif,image/gif,gifs e animaçoes/Gifs Pessoas Reais/Treino em Casa Feminino,https://drive.google.com/file/d/17XRxNowgt1DBZIYQsFfi9-xFEGx1jrbn/view?usp=drivesdk
Down_Dog_Series.gif,image/gif,gifs e animaçoes/Gifs Pessoas Reais/Treino em Casa Feminino,https://drive.google.com/file/d/1BWkF30smyD_ibuSHHCzTU9MUNBO3Zeup/view?usp=drivesdk
ELEVAÇAÕ PELVICA1.gif,image/gif,gifs e animaçoes/Gifs Pessoas Reais/Treino em Casa Feminino,https://drive.google.com/file/d/1CSlHziK6RJJrncPLQrO5J6s08cJ2jWTW/view?usp=drivesdk
ELEVAÇÃO LATERAL1.gif,image/gif,gifs e animaçoes/Gifs Pessoas Reais/Treino em Casa Feminino,https://drive.google.com/file/d/1F1QTlH0K3VjFH-9Ew5kJ42EKtcXhMU23/view?usp=drivesdk
Postura Escalonada.gif,image/gif,gifs e animaçoes/Gifs Pessoas Reais/Treino em Casa Feminino,https://drive.google.com/file/d/1Gbyo2den7nw9O8mTRxdeTuLnVCXcsetw/view?usp=drivesdk
FitnessRUN.gif,image/gif,gifs e animaçoes/Gifs Pessoas Reais/Treino em Casa Feminino,https://drive.google.com/file/d/1JM1qZtWTK14yrwHQTCJvWHhGEqMFB4jT/view?usp=drivesdk
AFUNDOUNILATERAL.gif,image/gif,gifs e animaçoes/Gifs Pessoas Reais/Treino em Casa Feminino,https://drive.google.com/file/d/1LH9ACTBFLg8t67WJO6ENMTdB-ItWMyUP/view?usp=drivesdk
HOLLOWHOLD.gif,image/gif,gifs e animaçoes/Gifs Pessoas Reais/Treino em Casa Feminino,https://drive.google.com/file/d/1N6EofFpklRIXF-ngKljLyKWMG-xWqwb0/view?usp=drivesdk
DESENVOLVIMENTOAGACHA1.gif,image/gif,gifs e animaçoes/Gifs Pessoas Reais/Treino em Casa Feminino,https://drive.google.com/file/d/1PL7cZAf2-86nncii7losHmL3vUPRhKJj/view?usp=drivesdk
JACKKNIFE.gif,image/gif,gifs e animaçoes/Gifs Pessoas Reais/Treino em Casa Feminino,https://drive.google.com/file/d/1QyFoNfwEtR9CfDIjNhlR_DEL4na9GHK9/view?usp=drivesdk
FLEXÃO ALTA1.gif,image/gif,gifs e animaçoes/Gifs Pessoas Reais/Treino em Casa Feminino,https://drive.google.com/file/d/1XX6Zg-6tvjBAsYQ3I13V7e0vyyz16qNu/view?usp=drivesdk
ARNOLD PRESS.gif,image/gif,gifs e animaçoes/Gifs Pessoas Reais/Treino em Casa Feminino,https://drive.google.com/file/d/1Ybi6R3F0-koic2wY_9Ge_t8CNV0OIOEA/view?usp=drivesdk
FLEXÃO AJOELHADA1.gif.crdownload.gif,image/gif,gifs e animaçoes/Gifs Pessoas Reais/Treino em Casa Feminino,https://drive.google.com/file/d/1ZpREimtF5RtEBcJzr1kEKiVcW7MT-Qrn/view?usp=drivesdk
SkaterHops.gif,image/gif,gifs e animaçoes/Gifs Pessoas Reais/Treino em Casa Feminino,https://drive.google.com/file/d/1dLp0e-E9AljwpeqWWNUydBM2DWe-2Ezs/view?usp=drivesdk
FOREARM_SIDE_PLANK_TWIST.gif,image/gif,gifs e animaçoes/Gifs Pessoas Reais/Treino em Casa Feminino,https://drive.google.com/file/d/1nLz79bC9vvfnanDAvVL1yfhedayNZqJs/view?usp=drivesdk
APOIOFECHADOT.gif,image/gif,gifs e animaçoes/Gifs Pessoas Reais/Treino em Casa Feminino,https://drive.google.com/file/d/105FVwtRdd5v_Fr9DPf9hl1FznnljT29q/view?usp=drivesdk
1SINGLE ARM.gif,image/gif,gifs e animaçoes/Gifs Pessoas Reais/Treino em Casa Feminino,https://drive.google.com/file/d/15Sl4K1TqdMr64noc722MnETygAoAU5GV/view?usp=drivesdk
AFUNDOLATERAL.gif,image/gif,gifs e animaçoes/Gifs Pessoas Reais/Treino em Casa Feminino,https://drive.google.com/file/d/15ijYV7zw17NI9rOPs0SOX_glQcJiqwsb/view?usp=drivesdk
Half-Kneeling-Kettlebell.gif,image/gif,gifs e animaçoes/Gifs Pessoas Reais/Treino em Casa Feminino,https://drive.google.com/file/d/1HTsyLbpyc-AlvbYTFm0MZfBeHNDf_Xki/view?usp=drivesdk
Kettlebell-Deadlift.gif,image/gif,gifs e animaçoes/Gifs Pessoas Reais/Treino em Casa Feminino,https://drive.google.com/file/d/1I18HCAjpzqsBHZWjyxNyDnDZZNv39AYg/view?usp=drivesdk
GOBLET_SQUAT.gif,image/gif,gifs e animaçoes/Gifs Pessoas Reais/Treino em Casa Feminino,https://drive.google.com/file/d/1rTpHPbHqFkgolRs6Co8Z2fVWAqJ3IQ8z/view?usp=drivesdk
DESENVOLVIMENTO.gif,image/gif,gifs e animaçoes/Gifs Pessoas Reais/TRAINING MULHER,https://drive.google.com/file/d/115yAQPnCyAM-pWZtS68JGgWs4MohDUs4/view?usp=drivesdk
PONTE DE GLÚTEOS ALTA.gif,image/gif,gifs e animaçoes/Gifs Pessoas Reais/TRAINING MULHER,https://drive.google.com/file/d/13xWMeedtTMhueciDVm6yjZaBnfqXd-iW/view?usp=drivesdk
TOUR COMPLETO.gif,image/gif,gifs e animaçoes/Gifs Pessoas Reais/TRAINING MULHER,https://drive.google.com/file/d/15hhG07WnDjO0eO06Cc8ooVeXEKGN-Zfp/view?usp=drivesdk
FLEXÃO DE BRAÇOS.gif,image/gif,gifs e animaçoes/Gifs Pessoas Reais/TRAINING MULHER,https://drive.google.com/file/d/19nfxt2P-p1bU4gHp1W_FkMLJuC84bE3F/view?usp=drivesdk
TRÍCEPS FRANCES.gif,image/gif,gifs e animaçoes/Gifs Pessoas Reais/TRAINING MULHER,https://drive.google.com/file/d/1A3hZyleZtEcfHAJXG29rNyk82MBUPtrb/view?usp=drivesdk
ABDUÇÃO DE PERNAS DEITADA.gif,image/gif,gifs e animaçoes/Gifs Pessoas Reais/TRAINING MULHER,https://drive.google.com/file/d/1AzlgmJiQf1XS9L-BEn_FA4EpzJ4-lk7K/view?usp=drivesdk
AGACHAMENTO COM BÍCEPS.gif,image/gif,gifs e animaçoes/Gifs Pessoas Reais/TRAINING MULHER,https://drive.google.com/file/d/1HtlMP5FxJWz2C5i9-8fvrRNjzYXbo_a9/view?usp=drivesdk
PRANCHA LATERAL.gif,image/gif,gifs e animaçoes/Gifs Pessoas Reais/TRAINING MULHER,https://drive.google.com/file/d/1LnA4HR_74fTe3jctNmr_HWjZf6LwTT9C/view?usp=drivesdk
JUMPING JACK.gif,image/gif,gifs e animaçoes/Gifs Pessoas Reais/TRAINING MULHER,https://drive.google.com/file/d/1Q1_Gvo-C4llctSO7n6q9r4SlMhilrgIm/view?usp=drivesdk
ABDUÇÃO DE PERNAS.gif,image/gif,gifs e animaçoes/Gifs Pessoas Reais/TRAINING MULHER,https://drive.google.com/file/d/1QFgp88YBcHNXdTsPHOWn-BWRMRf1h2fN/view?usp=drivesdk
BALANÇO DE KETTLEBELL.gif,image/gif,gifs e animaçoes/Gifs Pessoas Reais/TRAINING MULHER,https://drive.google.com/file/d/1QIIzq4equymVvL2FFy-a6V3vzd6CQ1or/view?usp=drivesdk
INFRA UP.gif,image/gif,gifs e animaçoes/Gifs Pessoas Reais/TRAINING MULHER,https://drive.google.com/file/d/1T3crp8eaSGbQeMh0OL6YkUjXZUk0pvtJ/view?usp=drivesdk
STIFF REMADA.gif,image/gif,gifs e animaçoes/Gifs Pessoas Reais/TRAINING MULHER,https://drive.google.com/file/d/1TjYn26HUCqBkbsu73qHe8fmDLJy97iCN/view?usp=drivesdk
SALTO FLEXIONADO.gif,image/gif,gifs e animaçoes/Gifs Pessoas Reais/TRAINING MULHER,https://drive.google.com/file/d/1ZbijQLHo1MAlyAcrH1WLWG95zQGVdX3r/view?usp=drivesdk
ELEVAÇÃO PÉLVICA.gif,image/gif,gifs e animaçoes/Gifs Pessoas Reais/TRAINING MULHER,https://drive.google.com/file/d/1awoSCn5iEMNkITOVBLs68xJfOISVjXP-/view?usp=drivesdk
ELEVAÇÃO PÉLVICA UNILATERAL.gif,image/gif,gifs e animaçoes/Gifs Pessoas Reais/TRAINING MULHER,https://drive.google.com/file/d/1b1HipomTPkGAR4RGpuur_aLbKBZyoimu/view?usp=drivesdk
SALTO NO CAIXOTE.gif,image/gif,gifs e animaçoes/Gifs Pessoas Reais/TRAINING MULHER,https://drive.google.com/file/d/1coDFlj7B117KO-AeV-IqModinjMFDrzc/view?usp=drivesdk
OBLÍQUOS EM PÉ.gif,image/gif,gifs e animaçoes/Gifs Pessoas Reais/TRAINING MULHER,https://drive.google.com/file/d/1eR14iV3CcCW0G7ow9S-BrHbVu-O83268/view?usp=drivesdk
PONTE COM SERROTE.gif,image/gif,gifs e animaçoes/Gifs Pessoas Reais/TRAINING MULHER,https://drive.google.com/file/d/1jyXmgoiIyNCr59KenNaVVl5u9JhklYae/view?usp=drivesdk
EXTENSÃO DE QUARIL EM PÉ.gif,image/gif,gifs e animaçoes/Gifs Pessoas Reais/TRAINING MULHER,https://drive.google.com/file/d/1l2a0AFB4zrzhFMgcUMCNuqSwqAVtbqiE/view?usp=drivesdk
RUSSIAN TWIST.gif,image/gif,gifs e animaçoes/Gifs Pessoas Reais/TRAINING MULHER,https://drive.google.com/file/d/1l5MXDY1zbosB3hhEbrmmFRcDpRYN1cR4/view?usp=drivesdk
REMADA INCLINADA.gif,image/gif,gifs e animaçoes/Gifs Pessoas Reais/TRAINING MULHER,https://drive.google.com/file/d/1mqsDJcZL_4a6evDKC1aJFrBTXZjMd_fH/view?usp=drivesdk
AGACHAMENTO COM ABDUÇÃO.gif,image/gif,gifs e animaçoes/Gifs Pessoas Reais/TRAINING MULHER,https://drive.google.com/file/d/1qQMRuahZrC1P92uTuG2IKCp6BwuEjy1G/view?usp=drivesdk
PONTE DE GLÚTEOS COM ELEVAÇÃO.gif,image/gif,gifs e animaçoes/Gifs Pessoas Reais/TRAINING MULHER,https://drive.google.com/file/d/1vS73uIx6tYCdSKF2wK5oU-Nzg-uenWRR/view?usp=drivesdk
GLÚTEOS 4 APOIOS.gif,image/gif,gifs e animaçoes/Gifs Pessoas Reais/TRAINING MULHER,https://drive.google.com/file/d/1vToUWsZNYDhizzaBR6GaWpKPImzHJVOt/view?usp=drivesdk
BOM DIA UNILATERAL.gif,image/gif,gifs e animaçoes/Gifs Pessoas Reais/TRAINING MULHER,https://drive.google.com/file/d/1vjAAPTb_BOm0vuwIVBjICpKDQ1BfKIrC/view?usp=drivesdk
ESTOCADA PARA TRÁS COM EL FRONTAL.gif,image/gif,gifs e animaçoes/Gifs Pessoas Reais/TRAINING MULHER,https://drive.google.com/file/d/1zfl7QtE4w0-ruLLPm0oHO0c5xgtZRjfK/view?usp=drivesdk
Alongamento dos flexores do quadril em posição de joelho.gif,image/gif,gifs e animaçoes/Gifs Pessoas Reais/TRAINING MULHER/GIFS DE ALONGAMENTO E MOBILIDADE,https://drive.google.com/file/d/101naQybMyF8bUn_5fFDRJYtPWPlq4KZc/view?usp=drivesdk
Alongamento dos flexores de quadril ajoelhado.gif,image/gif,gifs e animaçoes/Gifs Pessoas Reais/TRAINING MULHER/GIFS DE ALONGAMENTO E MOBILIDADE,https://drive.google.com/file/d/10cEgZI8BDMN4WmTVTvq0RPjViw8O73BX/view?usp=drivesdk
Alongamento da panturrilha agachado.gif,image/gif,gifs e animaçoes/Gifs Pessoas Reais/TRAINING MULHER/GIFS DE ALONGAMENTO E MOBILIDADE,https://drive.google.com/file/d/113P00aMcLYaLaPCzJo7Qe6gffmT_IG4m/view?usp=drivesdk
Alongamento de Punho.gif,image/gif,gifs e animaçoes/Gifs Pessoas Reais/TRAINING MULHER/GIFS DE ALONGAMENTO E MOBILIDADE,https://drive.google.com/file/d/11TdO9LIKOFSzSXsgQHQxMusVL1elaG25/view?usp=drivesdk
Alongamento Reverso de Pulso.gif,image/gif,gifs e animaçoes/Gifs Pessoas Reais/TRAINING MULHER/GIFS DE ALONGAMENTO E MOBILIDADE,https://drive.google.com/file/d/12ARPCSHzA1gd32JxoYD_p7AKnqh3Fj7m/view?usp=drivesdk
Alongamento na parede do canto.gif,image/gif,gifs e animaçoes/Gifs Pessoas Reais/TRAINING MULHER/GIFS DE ALONGAMENTO E MOBILIDADE,https://drive.google.com/file/d/155mzasvm_fwhkcbP9NhijAp088dz0dNG/view?usp=drivesdk
Alongamento Borboleta.gif,image/gif,gifs e animaçoes/Gifs Pessoas Reais/TRAINING MULHER/GIFS DE ALONGAMENTO E MOBILIDADE,https://drive.google.com/file/d/19UQFzZi7DvgKBaE28H_67W46CFMIa1Ph/view?usp=drivesdk
Alongamento Lateral da Parte Interna da Coxa.gif,image/gif,gifs e animaçoes/Gifs Pessoas Reais/TRAINING MULHER/GIFS DE ALONGAMENTO E MOBILIDADE,https://drive.google.com/file/d/1BdKFbqpWUcxyir49VDin9lbtKRfMsomu/view?usp=drivesdk
Alongamento dos Extensores dos Dedos dos Pés.gif,image/gif,gifs e animaçoes/Gifs Pessoas Reais/TRAINING MULHER/GIFS DE ALONGAMENTO E MOBILIDADE,https://drive.google.com/file/d/1CLa3KdO-6MVpThmLu12ijXNzESrp0B2g/view?usp=drivesdk
Adução de quadril deitado de lado.gif,image/gif,gifs e animaçoes/Gifs Pessoas Reais/TRAINING MULHER/GIFS DE ALONGAMENTO E MOBILIDADE,https://drive.google.com/file/d/1EYUqpNCOV0uDyROP1HrKzjUPJvVBnVpU/view?usp=drivesdk
Alongamento do peitoral reverso.gif,image/gif,gifs e animaçoes/Gifs Pessoas Reais/TRAINING MULHER/GIFS DE ALONGAMENTO E MOBILIDADE,https://drive.google.com/file/d/1GVfnl4Q5pLBRjwP2URLHfi676B8AEpH8/view?usp=drivesdk
Alongamento dos Adutores com a Perna Estendida ajoelhado.gif,image/gif,gifs e animaçoes/Gifs Pessoas Reais/TRAINING MULHER/GIFS DE ALONGAMENTO E MOBILIDADE,https://drive.google.com/file/d/1KF1jcf0P--KJH2t6__G4BJuYH859McTe/view?usp=drivesdk
Alongamento dos adutores sentado.gif,image/gif,gifs e animaçoes/Gifs Pessoas Reais/TRAINING MULHER/GIFS DE ALONGAMENTO E MOBILIDADE,https://drive.google.com/file/d/1KufndCd5z2rCpM7ALwW7VPF6VF0ll7H4/view?usp=drivesdk
Alongamento do manguito rotador.gif,image/gif,gifs e animaçoes/Gifs Pessoas Reais/TRAINING MULHER/GIFS DE ALONGAMENTO E MOBILIDADE,https://drive.google.com/file/d/1LcUfmAX7rmvix6wisJe9YgtF4fdljtdr/view?usp=drivesdk
Alongamento assistido reverso (peitoral e ombro).gif,image/gif,gifs e animaçoes/Gifs Pessoas Reais/TRAINING MULHER/GIFS DE ALONGAMENTO E MOBILIDADE,https://drive.google.com/file/d/1OmUQitandZ1XcPLD7I_kVdxXBnTE1RtK/view?usp=drivesdk
Abraços nos Joelhos em Pé.gif,image/gif,gifs e animaçoes/Gifs Pessoas Reais/TRAINING MULHER/GIFS DE ALONGAMENTO E MOBILIDADE,https://drive.google.com/file/d/1SDTOV9GZ6ktyyJeO97xRancJ_YEaVC9M/view?usp=drivesdk
Alongamento de ombro com o braço cruzado.gif,image/gif,gifs e animaçoes/Gifs Pessoas Reais/TRAINING MULHER/GIFS DE ALONGAMENTO E MOBILIDADE,https://drive.google.com/file/d/1VGV-7haoecGSOWEEVbBhDqkjZvM4wEEN/view?usp=drivesdk
Alongamento do ombro com toalha.gif,image/gif,gifs e animaçoes/Gifs Pessoas Reais/TRAINING MULHER/GIFS DE ALONGAMENTO E MOBILIDADE,https://drive.google.com/file/d/1WiKzRRDh48BAfzcJg62zKpZ9aA48MsOT/view?usp=drivesdk
Postura da Cobra - Alongamento Abdominal.gif,image/gif,gifs e animaçoes/Gifs Pessoas Reais/TRAINING MULHER/GIFS DE ALONGAMENTO E MOBILIDADE,https://drive.google.com/file/d/1XU-PtSNa4fvbz8grE6swhoqbO_hEsGQh/view?usp=drivesdk
Alongamento em Pé dos Quadríceps.gif,image/gif,gifs e animaçoes/Gifs Pessoas Reais/TRAINING MULHER/GIFS DE ALONGAMENTO E MOBILIDADE,https://drive.google.com/file/d/1_kmi69nQHTi6TgupfFkwaZ1oQGaWqeuk/view?usp=drivesdk
Alongamento dos flexores dos dedos dos pés em pé.gif,image/gif,gifs e animaçoes/Gifs Pessoas Reais/TRAINING MULHER/GIFS DE ALONGAMENTO E MOBILIDADE,https://drive.google.com/file/d/1fr8EKTAdsC9kajkod1gAkEEL_Mu-TtoQ/view?usp=drivesdk
Alongamento reverso assistido (peito e ombro).gif,image/gif,gifs e animaçoes/Gifs Pessoas Reais/TRAINING MULHER/GIFS DE ALONGAMENTO E MOBILIDADE,https://drive.google.com/file/d/1iBg0c5eGcZ9Uz17Givc6BZ1BuTnRQqR1/view?usp=drivesdk
Alongamento de panturrilha em posição estática.gif,image/gif,gifs e animaçoes/Gifs Pessoas Reais/TRAINING MULHER/GIFS DE ALONGAMENTO E MOBILIDADE,https://drive.google.com/file/d/1jJ00_2sF_bSXHlvdMF5RkFJusjPcwNM4/view?usp=drivesdk
Alongamento do Peitoral com um Braço em Pé.gif,image/gif,gifs e animaçoes/Gifs Pessoas Reais/TRAINING MULHER/GIFS DE ALONGAMENTO E MOBILIDADE,https://drive.google.com/file/d/1k6oALVFXHTM7NRh6nP9jeOr45VoAWmBj/view?usp=drivesdk
Alongamento do Gastrocnêmio com Joelho Flexionado.gif,image/gif,gifs e animaçoes/Gifs Pessoas Reais/TRAINING MULHER/GIFS DE ALONGAMENTO E MOBILIDADE,https://drive.google.com/file/d/1kzr7B5n7oXDvtrmzH0VouHTxOX6FgkK6/view?usp=drivesdk
Alongamento de panturrilha em passo largo.gif,image/gif,gifs e animaçoes/Gifs Pessoas Reais/TRAINING MULHER/GIFS DE ALONGAMENTO E MOBILIDADE,https://drive.google.com/file/d/1lO7bEAJ-B-GlGGZcuV6kJbJDJTLAknkA/view?usp=drivesdk
Alongamento do desviador ulnar e extensor do punho.gif,image/gif,gifs e animaçoes/Gifs Pessoas Reais/TRAINING MULHER/GIFS DE ALONGAMENTO E MOBILIDADE,https://drive.google.com/file/d/1m81qYVaSdsXVrU07s5rYKzKN-QNjNHEy/view?usp=drivesdk
Alongamento do tendão de Aquiles em pé.gif,image/gif,gifs e animaçoes/Gifs Pessoas Reais/TRAINING MULHER/GIFS DE ALONGAMENTO E MOBILIDADE,https://drive.google.com/file/d/1nwredLaeUUZDfFwpduarwts4LvBIvhFA/view?usp=drivesdk
adução de pernas (alongamento do adutor maior).gif,image/gif,gifs e animaçoes/Gifs Pessoas Reais/TRAINING MULHER/GIFS DE ALONGAMENTO E MOBILIDADE,https://drive.google.com/file/d/1pltOkbgWlnXUQJNNP9lI23Tl1w5_bSRs/view?usp=drivesdk
Alongamento de ombro reverso em pé.gif,image/gif,gifs e animaçoes/Gifs Pessoas Reais/TRAINING MULHER/GIFS DE ALONGAMENTO E MOBILIDADE,https://drive.google.com/file/d/1qETYSt_3my51U3ruvXVmfV5xI-0iRYAK/view?usp=drivesdk
Alongamento Abraço com Tapinhas nas Costas.gif,image/gif,gifs e animaçoes/Gifs Pessoas Reais/TRAINING MULHER/GIFS DE ALONGAMENTO E MOBILIDADE,https://drive.google.com/file/d/1r6-5FivjsP5q4RwR3bxSlqNH-R1odlkl/view?usp=drivesdk
Alongamento da panturrilha com descida do calcanhar.gif,image/gif,gifs e animaçoes/Gifs Pessoas Reais/TRAINING MULHER/GIFS DE ALONGAMENTO E MOBILIDADE,https://drive.google.com/file/d/1sEFyg3Pp4KAY73fkrhAXsoJ7fjzzI4o7/view?usp=drivesdk
Alongamento de Glúteos Deitado.gif,image/gif,gifs e animaçoes/Gifs Pessoas Reais/TRAINING MULHER/GIFS DE ALONGAMENTO E MOBILIDADE,https://drive.google.com/file/d/1sI5CF7EU82vx0wD1Ns-DmmI5MhgMBW_t/view?usp=drivesdk
Contração abdominal.gif,image/gif,gifs e animaçoes/Gifs Pessoas Reais/TRAINING MULHER/GIFS DE ALONGAMENTO E MOBILIDADE,https://drive.google.com/file/d/1v7cpW-LdFrcWmSZcHeT8GGVYxYaGizn5/view?usp=drivesdk
Alongamento dos Adutores com Pernas Abertas em Pé.gif,image/gif,gifs e animaçoes/Gifs Pessoas Reais/TRAINING MULHER/GIFS DE ALONGAMENTO E MOBILIDADE,https://drive.google.com/file/d/1I0feZQzbuWOZlvrzkOeUKFnoZj31kPgl/view?usp=drivesdk
8.gif,image/gif,gifs e animaçoes/Gifs Pessoas Reais/ROLO DE MASSAGEM,https://drive.google.com/file/d/15bYY4O-vgVz8BQEVFHx5qiG1yWK8mFWk/view?usp=drivesdk
5.gif,image/gif,gifs e animaçoes/Gifs Pessoas Reais/ROLO DE MASSAGEM,https://drive.google.com/file/d/16Yt9yRTIWmL4m5qyiIFBxm5i34cJm1Tc/view?usp=drivesdk
6.gif,image/gif,gifs e animaçoes/Gifs Pessoas Reais/ROLO DE MASSAGEM,https://drive.google.com/file/d/1CHdF9IXvz3B-zgMHe_ZAsehxF_EQB-uG/view?usp=drivesdk
12.gif,image/gif,gifs e animaçoes/Gifs Pessoas Reais/ROLO DE MASSAGEM,https://drive.google.com/file/d/1KBl8QjVY456MVGegk-5lgrpNhxKoOT-u/view?usp=drivesdk
10.gif,image/gif,gifs e animaçoes/Gifs Pessoas Reais/ROLO DE MASSAGEM,https://drive.google.com/file/d/1QzPxhx-H8gbGK9NW43WCtYlKZxxamQvG/view?usp=drivesdk
15.gif,image/gif,gifs e animaçoes/Gifs Pessoas Reais/ROLO DE MASSAGEM,https://drive.google.com/file/d/1UrTj4Rfj6fsoJpnD4saCnwXpUH1Hcj-3/view?usp=drivesdk
11.gif,image/gif,gifs e animaçoes/Gifs Pessoas Reais/ROLO DE MASSAGEM,https://drive.google.com/file/d/1X2NKxiSMBdp0yzV3d1WBblC81MD_Fglt/view?usp=drivesdk
3.gif,image/gif,gifs e animaçoes/Gifs Pessoas Reais/ROLO DE MASSAGEM,https://drive.google.com/file/d/1acdpgcuydNl5Jo8rhLaymsTqAj3h04-G/view?usp=drivesdk
7.gif,image/gif,gifs e animaçoes/Gifs Pessoas Reais/ROLO DE MASSAGEM,https://drive.google.com/file/d/1fmGNbJXUsRUCjAsHADgbIKUqUtt16_kf/view?usp=drivesdk
2.gif,image/gif,gifs e animaçoes/Gifs Pessoas Reais/ROLO DE MASSAGEM,https://drive.google.com/file/d/1jGseHpMx-N7n5jwAJH34p-0R3yxyo7JT/view?usp=drivesdk
1.gif,image/gif,gifs e animaçoes/Gifs Pessoas Reais/ROLO DE MASSAGEM,https://drive.google.com/file/d/1lkAcMddUvoC8u5P7gGfNtvoovLPIDKWC/view?usp=drivesdk
9.gif,image/gif,gifs e animaçoes/Gifs Pessoas Reais/ROLO DE MASSAGEM,https://drive.google.com/file/d/1qYLulFpmvDcxFa5tTnYD8_HJRiebRLEI/view?usp=drivesdk
14.gif,image/gif,gifs e animaçoes/Gifs Pessoas Reais/ROLO DE MASSAGEM,https://drive.google.com/file/d/1sCEHUp-qewoCQsM_yMN5qSxUVO8cF7lE/view?usp=drivesdk
4.gif,image/gif,gifs e animaçoes/Gifs Pessoas Reais/ROLO DE MASSAGEM,https://drive.google.com/file/d/1uw9xuGaxGhtNbX09nxgeo4odYF4putTq/view?usp=drivesdk
SALTO DIVIDIDO.gif,image/gif,gifs e animaçoes/Gifs Pessoas Reais/Homem 1,https://drive.google.com/file/d/10divY9ZSjaUMAwpBhElLh4IccpDJVD6M/view?usp=drivesdk
REMADA COM HALTERES.gif,image/gif,gifs e animaçoes/Gifs Pessoas Reais/Homem 1,https://drive.google.com/file/d/16rFf3s7gUAIMJPAJs3u9rdDll5saDxB1/view?usp=drivesdk
BALANÇO KETTLEBELL UNILATERAL.gif,image/gif,gifs e animaçoes/Gifs Pessoas Reais/Homem 1,https://drive.google.com/file/d/1TuLqfpCuGjOdvwiwj6sHvSCjjZN6S4Ho/view?usp=drivesdk
ESTOCADA COM ROTAÇÃO.gif,image/gif,gifs e animaçoes/Gifs Pessoas Reais/Homem 1,https://drive.google.com/file/d/1Wj7qVyPlHHsz3WAlTtLhzTKuzhgbFsMM/view?usp=drivesdk
ESTOCADA LATERAL.gif,image/gif,gifs e animaçoes/Gifs Pessoas Reais/Homem 1,https://drive.google.com/file/d/1ECNHI-Vu324zDMcDVRTO38_3FA1tghby/view?usp=drivesdk
AGACHAMENTO CÁLICE.gif,image/gif,gifs e animaçoes/Gifs Pessoas Reais/Homem 1,https://drive.google.com/file/d/1TKZnu_pt3j_ZjVly6_FXOS0_XGC2GmNp/view?usp=drivesdk
T PUSHP.gif,image/gif,gifs e animaçoes/Gifs Pessoas Reais/Homem 1,https://drive.google.com/file/d/1YHil7hhUkiq8C5Tg17ln2qdyGf3u9Cpm/view?usp=drivesdk
PRENSA COM HALTERES.gif,image/gif,gifs e animaçoes/Gifs Pessoas Reais/Homem 1,https://drive.google.com/file/d/1i1vO_ePRDlq9_h6TjI5sfhgHiftuzAHN/view?usp=drivesdk
ALPINISTA PÉS ELEVADOS.gif,image/gif,gifs e animaçoes/Gifs Pessoas Reais/Homem 1,https://drive.google.com/file/d/1TfmiyqkTAxcHxBiUU5PkYsdr-QkAerVE/view?usp=drivesdk
FLEXÃO REMADA.gif,image/gif,gifs e animaçoes/Gifs Pessoas Reais/Homem 1,https://drive.google.com/file/d/1yozfGNeQGgfyDGvUN5E_bkIZKyVINSl-/view?usp=drivesdk
33.mp4,video/mp4,gifs e animaçoes/Gifs Pessoas Reais/REABILITAÇÃO,https://drive.google.com/file/d/1AtGgGoAlb-B1OlLdf9UoxWHQed9UVrTS/view?usp=drivesdk
24.mp4,video/mp4,gifs e animaçoes/Gifs Pessoas Reais/REABILITAÇÃO,https://drive.google.com/file/d/1BnueXS_Bje6QY4sLiByYGEA3daZViJK_/view?usp=drivesdk
17.mp4,video/mp4,gifs e animaçoes/Gifs Pessoas Reais/REABILITAÇÃO,https://drive.google.com/file/d/1YzBthr78Fx_qZTiNes5YSbhORCd6jjbB/view?usp=drivesdk
47.mp4,video/mp4,gifs e animaçoes/Gifs Pessoas Reais/REABILITAÇÃO,https://drive.google.com/file/d/1hQ8C6uYCOZqYdHMYNiJ5PtRJkE7fZG0m/view?usp=drivesdk
19.mp4,video/mp4,gifs e animaçoes/Gifs Pessoas Reais/REABILITAÇÃO,https://drive.google.com/file/d/1t66gn4-pusqeOkMo0a5qiFec7JGHvpoq/view?usp=drivesdk
55.mp4,video/mp4,gifs e animaçoes/Gifs Pessoas Reais/REABILITAÇÃO,https://drive.google.com/file/d/1tjnN1aK9GTJo3493-KVabEupcDcnI4Tq/view?usp=drivesdk
15.mp4,video/mp4,gifs e animaçoes/Gifs Pessoas Reais/REABILITAÇÃO,https://drive.google.com/file/d/1vdaH37iXWJlG8gkq5AWDYS-Q23QrTkm9/view?usp=drivesdk
27.mp4,video/mp4,gifs e animaçoes/Gifs Pessoas Reais/REABILITAÇÃO,https://drive.google.com/file/d/1-On1Quo100QqHteSZEBdu_qYkqO9Sao2/view?usp=drivesdk
53.mp4,video/mp4,gifs e animaçoes/Gifs Pessoas Reais/REABILITAÇÃO,https://drive.google.com/file/d/10jUoVqRrNtZyfhOGvI0dc2pbpfRK3C50/view?usp=drivesdk
22.mp4,video/mp4,gifs e animaçoes/Gifs Pessoas Reais/REABILITAÇÃO,https://drive.google.com/file/d/18NpjQ9VnRU02kc9RmSCuukHnkORiee2u/view?usp=drivesdk
43.mp4,video/mp4,gifs e animaçoes/Gifs Pessoas Reais/REABILITAÇÃO,https://drive.google.com/file/d/1Cmn6d5kcE9tolzhU5B9XQmrB0fzvFfl_/view?usp=drivesdk
35.mp4,video/mp4,gifs e animaçoes/Gifs Pessoas Reais/REABILITAÇÃO,https://drive.google.com/file/d/1KeZL_swwfFfyw5ZkXrP_I9FVWzcqCryj/view?usp=drivesdk
30.mp4,video/mp4,gifs e animaçoes/Gifs Pessoas Reais/REABILITAÇÃO,https://drive.google.com/file/d/1Ld2X4XfvHto4_76Jaw9ZlJ7x0KGmwey3/view?usp=drivesdk
40.mp4,video/mp4,gifs e animaçoes/Gifs Pessoas Reais/REABILITAÇÃO,https://drive.google.com/file/d/1NHvBRlw7vVQckAp2LhitlfpxObZkh5Ph/view?usp=drivesdk
52.mp4,video/mp4,gifs e animaçoes/Gifs Pessoas Reais/REABILITAÇÃO,https://drive.google.com/file/d/1OJvBIKbIfVQIiy6hVSnSogpBTfmS2I3X/view?usp=drivesdk
46.mp4,video/mp4,gifs e animaçoes/Gifs Pessoas Reais/REABILITAÇÃO,https://drive.google.com/file/d/1OrnuaANL4ASHVptzx65jG_b1pFD_v7tN/view?usp=drivesdk
45.mp4,video/mp4,gifs e animaçoes/Gifs Pessoas Reais/REABILITAÇÃO,https://drive.google.com/file/d/1U2En2BxCNG3JTyWczerUj5K2Xz8-1KFZ/view?usp=drivesdk
36.mp4,video/mp4,gifs e animaçoes/Gifs Pessoas Reais/REABILITAÇÃO,https://drive.google.com/file/d/1XxsNN0tJKixZvIPRjZdme2QxvzMqtPsy/view?usp=drivesdk
14.mp4,video/mp4,gifs e animaçoes/Gifs Pessoas Reais/REABILITAÇÃO,https://drive.google.com/file/d/1j2DITvSu2V311DC-N_vymdCO8Q16DkfB/view?usp=drivesdk
34.mp4,video/mp4,gifs e animaçoes/Gifs Pessoas Reais/REABILITAÇÃO,https://drive.google.com/file/d/1n-uDkqVzFhPCXbQvgnJlgat1ciE6yrRE/view?usp=drivesdk
38.mp4,video/mp4,gifs e animaçoes/Gifs Pessoas Reais/REABILITAÇÃO,https://drive.google.com/file/d/1nxVSBRkViHl1p3wgbGwCIijn4CQz86eg/view?usp=drivesdk
29.mp4,video/mp4,gifs e animaçoes/Gifs Pessoas Reais/REABILITAÇÃO,https://drive.google.com/file/d/1p-Iq-IuekIb-_JNSLYGUaBCSN3CucGtF/view?usp=drivesdk
6.mp4,video/mp4,gifs e animaçoes/Gifs Pessoas Reais/REABILITAÇÃO,https://drive.google.com/file/d/1uvnbceBDlK0ax6wk2h8GgyC1j7An8VKo/view?usp=drivesdk
16.mp4,video/mp4,gifs e animaçoes/Gifs Pessoas Reais/REABILITAÇÃO,https://drive.google.com/file/d/1vvJQI9D0bZw6guiyOa2eAtI34mS7hTua/view?usp=drivesdk
28.mp4,video/mp4,gifs e animaçoes/Gifs Pessoas Reais/REABILITAÇÃO,https://drive.google.com/file/d/1xJjt--LsrOZ5dnxfsbD3fk8YgwWu4Lfc/view?usp=drivesdk
56.mp4,video/mp4,gifs e animaçoes/Gifs Pessoas Reais/REABILITAÇÃO,https://drive.google.com/file/d/1zUGsJCuHu5GcRbzzM-ss_9AZ7j0FauNn/view?usp=drivesdk
26.mp4,video/mp4,gifs e animaçoes/Gifs Pessoas Reais/REABILITAÇÃO,https://drive.google.com/file/d/11MXOaM0W6CfkQbldvPpA72S5mEfegFHn/view?usp=drivesdk
25.mp4,video/mp4,gifs e animaçoes/Gifs Pessoas Reais/REABILITAÇÃO,https://drive.google.com/file/d/11TPLwHJA4sbH6SHJlG0yWeF1edjfQzEk/view?usp=drivesdk
5.mp4,video/mp4,gifs e animaçoes/Gifs Pessoas Reais/REABILITAÇÃO,https://drive.google.com/file/d/13bIxgsNJcLjS2iWVKdn-wIg2qnBWEzL-/view?usp=drivesdk
37.mp4,video/mp4,gifs e animaçoes/Gifs Pessoas Reais/REABILITAÇÃO,https://drive.google.com/file/d/16rHscAZhY8YnZLXsM1p1LKZNDndWcsne/view?usp=drivesdk
20.mp4,video/mp4,gifs e animaçoes/Gifs Pessoas Reais/REABILITAÇÃO,https://drive.google.com/file/d/1AIL0oq3PjQUr75aeRfVpemg4AZtnqQpM/view?usp=drivesdk
12.mp4,video/mp4,gifs e animaçoes/Gifs Pessoas Reais/REABILITAÇÃO,https://drive.google.com/file/d/1RjJ9f8B6nAyxq72OqJtJYTgr8d0Zbxzx/view?usp=drivesdk
7.mp4,video/mp4,gifs e animaçoes/Gifs Pessoas Reais/REABILITAÇÃO,https://drive.google.com/file/d/1V5tJ554xCgjvtuAwSJwhNUTWy88zp22a/view?usp=drivesdk
42.mp4,video/mp4,gifs e animaçoes/Gifs Pessoas Reais/REABILITAÇÃO,https://drive.google.com/file/d/1_RE-HyWS9icp_xX8eEE-XxTqc1LELpLy/view?usp=drivesdk
44.mp4,video/mp4,gifs e animaçoes/Gifs Pessoas Reais/REABILITAÇÃO,https://drive.google.com/file/d/1hxbTfsLWrtlCE5p-lMfhLlZiy9aDeD6M/view?usp=drivesdk
54.mp4,video/mp4,gifs e animaçoes/Gifs Pessoas Reais/REABILITAÇÃO,https://drive.google.com/file/d/1j4dCm468zKdkxti2VfV5BGoZV8hLQhJb/view?usp=drivesdk
31.mp4,video/mp4,gifs e animaçoes/Gifs Pessoas Reais/REABILITAÇÃO,https://drive.google.com/file/d/1pa-N6_455f-6FQol8LQxW8hnriwWtlAG/view?usp=drivesdk
39.mp4,video/mp4,gifs e animaçoes/Gifs Pessoas Reais/REABILITAÇÃO,https://drive.google.com/file/d/1q9mGKRkGXN41EdPvXfxtwyhuMRcOgN4y/view?usp=drivesdk
32.mp4,video/mp4,gifs e animaçoes/Gifs Pessoas Reais/REABILITAÇÃO,https://drive.google.com/file/d/1qT5lkjygQR3HreUvZ2L1Nt-Z7ws7VKad/view?usp=drivesdk
49.mp4,video/mp4,gifs e animaçoes/Gifs Pessoas Reais/REABILITAÇÃO,https://drive.google.com/file/d/1wdVWVDvwo3ri4CemO_g2Dtj4tEre58Pj/view?usp=drivesdk
51.mp4,video/mp4,gifs e animaçoes/Gifs Pessoas Reais/REABILITAÇÃO,https://drive.google.com/file/d/1ypcN6Pr6Jc-YkigNuh4wB6lZLY1dq6OE/view?usp=drivesdk
41.mp4,video/mp4,gifs e animaçoes/Gifs Pessoas Reais/REABILITAÇÃO,https://drive.google.com/file/d/117iXvWSQf8skuHVkDO6RxR31kstmjznI/view?usp=drivesdk
8.mp4,video/mp4,gifs e animaçoes/Gifs Pessoas Reais/REABILITAÇÃO,https://drive.google.com/file/d/12jDd7RqP5QrYnVC-s1OLCTWJhJqafeeC/view?usp=drivesdk
50.mp4,video/mp4,gifs e animaçoes/Gifs Pessoas Reais/REABILITAÇÃO,https://drive.google.com/file/d/1GtPiwnAi04PI52ykzbJjXEbASbhn3GEB/view?usp=drivesdk
23.mp4,video/mp4,gifs e animaçoes/Gifs Pessoas Reais/REABILITAÇÃO,https://drive.google.com/file/d/1V3xyRqUYDelBSbz44TcShxuKCgvoGWjx/view?usp=drivesdk
21.mp4,video/mp4,gifs e animaçoes/Gifs Pessoas Reais/REABILITAÇÃO,https://drive.google.com/file/d/1_8YrCRn-ZGPM6sEXWZ63WAFIaVugKuYd/view?usp=drivesdk
9.mp4,video/mp4,gifs e animaçoes/Gifs Pessoas Reais/REABILITAÇÃO,https://drive.google.com/file/d/1bM6AlWbC4DiK5RjUoa84JHUPGJG18dSQ/view?usp=drivesdk
10.mp4,video/mp4,gifs e animaçoes/Gifs Pessoas Reais/REABILITAÇÃO,https://drive.google.com/file/d/1rBO3NKJGQzj25qeBkIEJeuZC1WSXe74R/view?usp=drivesdk
11.mp4,video/mp4,gifs e animaçoes/Gifs Pessoas Reais/REABILITAÇÃO,https://drive.google.com/file/d/1yxFMreA1yuRh8Vt5SKb-4cFeuiA8z5q7/view?usp=drivesdk
13.mp4,video/mp4,gifs e animaçoes/Gifs Pessoas Reais/REABILITAÇÃO,https://drive.google.com/file/d/1z30wANwQiQ8b0TEvR4TiAOmPMDTUq4Ma/view?usp=drivesdk
48.mp4,video/mp4,gifs e animaçoes/Gifs Pessoas Reais/REABILITAÇÃO,https://drive.google.com/file/d/1zb-HUY1og_HnEB-Fbhv6OIxGiaooQwAA/view?usp=drivesdk
JAVELIN PRESS.gif,image/gif,gifs e animaçoes/Gifs Pessoas Reais/Homem Treino,https://drive.google.com/file/d/109uIHGYqS4MVil8-NKVrIhe3TN1vKujP/view?usp=drivesdk
TRÍCEPS DIP.gif,image/gif,gifs e animaçoes/Gifs Pessoas Reais/Homem Treino,https://drive.google.com/file/d/10SH2rt10cIMpdRk9yQAhOP4OXIsK7AxE/view?usp=drivesdk
CURL SPIDER INCLINADO.gif,image/gif,gifs e animaçoes/Gifs Pessoas Reais/Homem Treino,https://drive.google.com/file/d/13NdJ__1emii0T_XrFCOrS2XAMB258lwF/view?usp=drivesdk
FLEXÃO DIAMANTE.gif,image/gif,gifs e animaçoes/Gifs Pessoas Reais/Homem Treino,https://drive.google.com/file/d/1peopwBcz1KFBloZg0R-n0LVi6NEPFfG_/view?usp=drivesdk
EXTENSÃO DE TRÍCEPS EM PÉ.gif,image/gif,gifs e animaçoes/Gifs Pessoas Reais/Homem Treino,https://drive.google.com/file/d/1utXIl8UGpNCjsGOR7_XZSk2o7BlegkOu/view?usp=drivesdk
ROSCA DE PUNHO INVERTIDA.gif,image/gif,gifs e animaçoes/Gifs Pessoas Reais/Homem Treino,https://drive.google.com/file/d/12ywUvDnP4tFQ5GhI4vnZ1JFOJ4A1RwEG/view?usp=drivesdk
ROSCA DE PUNHO.gif,image/gif,gifs e animaçoes/Gifs Pessoas Reais/Homem Treino,https://drive.google.com/file/d/13mNDF_BXcSsH2Meqe1_LHIVELsiDIToX/view?usp=drivesdk
ROSCA INCLINADA COM W.gif,image/gif,gifs e animaçoes/Gifs Pessoas Reais/Homem Treino,https://drive.google.com/file/d/1Bw3V6fMwxfxID_HxmZ6hPQjGRi4-VTFB/view?usp=drivesdk
ZOTTMAN.gif,image/gif,gifs e animaçoes/Gifs Pessoas Reais/Homem Treino,https://drive.google.com/file/d/1CTziWDqEO9mcQETUNAmLKwxUFAG8Uezz/view?usp=drivesdk
FRANCESA SENTADO.gif,image/gif,gifs e animaçoes/Gifs Pessoas Reais/Homem Treino,https://drive.google.com/file/d/1CwtlJC3TvOrboqxmAnLlY2MJ7qFO6HFW/view?usp=drivesdk
TESTA W.gif,image/gif,gifs e animaçoes/Gifs Pessoas Reais/Homem Treino,https://drive.google.com/file/d/1EAJvqvOq6my5i89gIONznjVW_VauoJ1r/view?usp=drivesdk
ROSCA ALTERNADA.gif,image/gif,gifs e animaçoes/Gifs Pessoas Reais/Homem Treino,https://drive.google.com/file/d/1F87DHXmMYAoLJUY2LKnPyJ4cOjOgsOPt/view?usp=drivesdk
ROSCA W PEGADA REVERSA.gif,image/gif,gifs e animaçoes/Gifs Pessoas Reais/Homem Treino,https://drive.google.com/file/d/1JdeXfzXfGCnlgjFQKupLKdcRib9GwVA1/view?usp=drivesdk
TATE PRESS.gif,image/gif,gifs e animaçoes/Gifs Pessoas Reais/Homem Treino,https://drive.google.com/file/d/1aqjA8HMoKLkJvwhQRCHc61ui7bL0PKb9/view?usp=drivesdk
ROSCA CONCENTRADA.gif,image/gif,gifs e animaçoes/Gifs Pessoas Reais/Homem Treino,https://drive.google.com/file/d/1vCnHCUHM5vsS8G_S6uTdIQ2HpFsi5y-o/view?usp=drivesdk
BÍCEPS INCLINADO.gif,image/gif,gifs e animaçoes/Gifs Pessoas Reais/Homem Treino,https://drive.google.com/file/d/1wWQjcki-rV11D70H_WX_BySGF3ucHlCK/view?usp=drivesdk
SUPINADO.gif,image/gif,gifs e animaçoes/Gifs Pessoas Reais/Homem Treino,https://drive.google.com/file/d/1whFPg8d6F4OAVDlylGwrPu-d-8flCYLn/view?usp=drivesdk
4 APOIOS CRUZADO BRAÇOS EXTENDIDOS.gif,image/gif,gifs e animaçoes/Gifs Pessoas Reais/Glúteos,https://drive.google.com/file/d/1WnO2zsHaDGm8Ckm6knK7b4GMpjCMYpvg/view?usp=drivesdk
AGACHAMENTO COM FLEXÃO PLANTAR UNI.gif,image/gif,gifs e animaçoes/Gifs Pessoas Reais/Glúteos,https://drive.google.com/file/d/11YEHMbudtY2rF0f4vjYot5m4LZkzZY9z/view?usp=drivesdk
4 APOIOS CACHORRINHO.gif,image/gif,gifs e animaçoes/Gifs Pessoas Reais/Glúteos,https://drive.google.com/file/d/13JUWNGC0xQw7JGip-Ns4e9MdHd0Y2pma/view?usp=drivesdk
SUMÔ PÉS EM ABDUÇAO.gif,image/gif,gifs e animaçoes/Gifs Pessoas Reais/Glúteos,https://drive.google.com/file/d/16xkM9QkgXDOCkPIhrpE-Lhg6adXeyqI-/view?usp=drivesdk
GLÚTEO ABDUZIDO.gif,image/gif,gifs e animaçoes/Gifs Pessoas Reais/Glúteos,https://drive.google.com/file/d/1FnrUmmUiO0aXBnSZXiGKI4h2RHXl9O-u/view?usp=drivesdk
SUMÔ ESTÁTICO COM FLEXÃO PLANTAR.gif,image/gif,gifs e animaçoes/Gifs Pessoas Reais/Glúteos,https://drive.google.com/file/d/1VheVk1B_CRJAkVJpBiA0YIZnugXicqKh/view?usp=drivesdk
3 APOIOS ALTO.gif,image/gif,gifs e animaçoes/Gifs Pessoas Reais/Glúteos,https://drive.google.com/file/d/1dzI-SYbXl-X4jDIIdyCc6g7p6fybolE5/view?usp=drivesdk
ELEVAÇÃO PÉLVICA UNI.gif,image/gif,gifs e animaçoes/Gifs Pessoas Reais/Glúteos,https://drive.google.com/file/d/1lBq8MdCtCqfF9hW9bxQJcfSC25srkQJP/view?usp=drivesdk
ABDUÇÃO FLEXIONADO.gif,image/gif,gifs e animaçoes/Gifs Pessoas Reais/Glúteos,https://drive.google.com/file/d/1mzc3ljCDsQWRrz_JLn-GnW2v85iFpexr/view?usp=drivesdk
CONTRAÇÃO DE QUADRIL.gif,image/gif,gifs e animaçoes/Gifs Pessoas Reais/Glúteos,https://drive.google.com/file/d/1xTp8prQeF5oJG84c44mnjjvouEZL2mN5/view?usp=drivesdk
FLEXÃO ALTA.gif,image/gif,gifs e animaçoes/Gifs Pessoas Reais/Glúteos,https://drive.google.com/file/d/1yh58xsl_Nv6Qh8MI5Dkhb421U11t0oYN/view?usp=drivesdk
14_F_WIP02.gif,image/gif,gifs e animaçoes/Gifs Pessoas Reais/GIFS Mulher,https://drive.google.com/file/d/12EUEdsem7Gc-SK-EpRWp1Rc5bQjRvoTS/view?usp=drivesdk
06_F_WIP02.gif,image/gif,gifs e animaçoes/Gifs Pessoas Reais/GIFS Mulher,https://drive.google.com/file/d/136_b65YPvxNt7aV2V_WkzzcyXGVD2rZq/view?usp=drivesdk
17_F_WIP02.gif,image/gif,gifs e animaçoes/Gifs Pessoas Reais/GIFS Mulher,https://drive.google.com/file/d/13tbSNduukciY-B29YXUflXZe9S3C07ov/view?usp=drivesdk
18_F_V1_WIP02.gif,image/gif,gifs e animaçoes/Gifs Pessoas Reais/GIFS Mulher,https://drive.google.com/file/d/16PZulbltBt_o1qoIgUFLUNh5_sz4gEGb/view?usp=drivesdk
03_F_V1_WIP02.gif,image/gif,gifs e animaçoes/Gifs Pessoas Reais/GIFS Mulher,https://drive.google.com/file/d/17lmbAxqcWIq16iDyn1oNbBnX7-n8vPkB/view?usp=drivesdk
26_F_WIP02.gif,image/gif,gifs e animaçoes/Gifs Pessoas Reais/GIFS Mulher,https://drive.google.com/file/d/1FNHAhf6qVGl7ugmTPyxepVPU-jH7vn2J/view?usp=drivesdk
08_F_WIP02.gif,image/gif,gifs e animaçoes/Gifs Pessoas Reais/GIFS Mulher,https://drive.google.com/file/d/1JHaMnh12ebIUXqHz00MplFCRfb25uA3P/view?usp=drivesdk
19_F_WIP02.gif,image/gif,gifs e animaçoes/Gifs Pessoas Reais/GIFS Mulher,https://drive.google.com/file/d/1VwOLoz6bGclHkMdosqm_Z1DhMn1U5Jqk/view?usp=drivesdk
04_F_WIP02.gif,image/gif,gifs e animaçoes/Gifs Pessoas Reais/GIFS Mulher,https://drive.google.com/file/d/1X9kQWSPYTO4Fbc1BJDBsbaUxWMA0DWtK/view?usp=drivesdk
16_F_V2_WIP02.gif,image/gif,gifs e animaçoes/Gifs Pessoas Reais/GIFS Mulher,https://drive.google.com/file/d/1XR-P7_GSrQAFF2KTpwr7fdC68J8XGDqa/view?usp=drivesdk
30_F_WIP02.gif,image/gif,gifs e animaçoes/Gifs Pessoas Reais/GIFS Mulher,https://drive.google.com/file/d/1YPLRfvHXJk5lPHrCN6uSlo_8gefleBiL/view?usp=drivesdk
02_F_WIP02.gif,image/gif,gifs e animaçoes/Gifs Pessoas Reais/GIFS Mulher,https://drive.google.com/file/d/1YXLa_zdCA2leiBTmaTd5fiMinmgoOBtE/view?usp=drivesdk
28_F_WIP02.gif,image/gif,gifs e animaçoes/Gifs Pessoas Reais/GIFS Mulher,https://drive.google.com/file/d/1dxtT7L3eIcfARX-qKilDKmZOAtvKb2ub/view?usp=drivesdk
07_F_WIP02.gif,image/gif,gifs e animaçoes/Gifs Pessoas Reais/GIFS Mulher,https://drive.google.com/file/d/1g4duj8khe5okgVtKIarDIWfoGOPSHlgO/view?usp=drivesdk
22_F_WIP02.gif,image/gif,gifs e animaçoes/Gifs Pessoas Reais/GIFS Mulher,https://drive.google.com/file/d/1hQoIQK0qUDo1ZdM-ApfwgAWtxrRDfpaK/view?usp=drivesdk
29_F_WIP02.gif,image/gif,gifs e animaçoes/Gifs Pessoas Reais/GIFS Mulher,https://drive.google.com/file/d/1iFMew0KiVwxRbadZbGaDMxIA-o1-zib9/view?usp=drivesdk
21_F_WIP02.gif,image/gif,gifs e animaçoes/Gifs Pessoas Reais/GIFS Mulher,https://drive.google.com/file/d/1ihmnWQ61uIHjHx6Q1mZhrLO1vjlUUutP/view?usp=drivesdk
20_F_WIP02.gif,image/gif,gifs e animaçoes/Gifs Pessoas Reais/GIFS Mulher,https://drive.google.com/file/d/1kqdsk9N4Gz8dtbS8yWHnRf0S4AacXC8C/view?usp=drivesdk
09_F_WIP02.gif,image/gif,gifs e animaçoes/Gifs Pessoas Reais/GIFS Mulher,https://drive.google.com/file/d/1lKnFQ6SaDxY69xukNXDWo_EA7tMyX9iG/view?usp=drivesdk
27_F_WIP02.gif,image/gif,gifs e animaçoes/Gifs Pessoas Reais/GIFS Mulher,https://drive.google.com/file/d/1oygsEThhuu0zgq_zRDkB_8rviT4t1jUn/view?usp=drivesdk
23_F_V1_WIP02.gif,image/gif,gifs e animaçoes/Gifs Pessoas Reais/GIFS Mulher,https://drive.google.com/file/d/1po9uUjJaaOWeKLkFKt9_8HPn5YtjyX2M/view?usp=drivesdk
05_F_WIP03-Plank-Push-up.gif,image/gif,gifs e animaçoes/Gifs Pessoas Reais/GIFS Mulher,https://drive.google.com/file/d/1sXfLhu3c5QTHYJFMfxSDGKvJGFZXNZdk/view?usp=drivesdk
10_F_WIP02.gif,image/gif,gifs e animaçoes/Gifs Pessoas Reais/GIFS Mulher,https://drive.google.com/file/d/1Cd2wiPhVP4JVIsDotmWAXZvV97f3fN-E/view?usp=drivesdk
15_F_WIP02.gif,image/gif,gifs e animaçoes/Gifs Pessoas Reais/GIFS Mulher,https://drive.google.com/file/d/1fVYRXuNUvwDgQ9CWn3E9OktqFLOJQp9m/view?usp=drivesdk
11_F_WIP02.gif,image/gif,gifs e animaçoes/Gifs Pessoas Reais/GIFS Mulher,https://drive.google.com/file/d/1tRrqbRVdoMZgwRNS1sdZlDB340drDACu/view?usp=drivesdk
29_M_WIP02.gif,image/gif,gifs e animaçoes/Gifs Pessoas Reais/GIFS HOMEM,https://drive.google.com/file/d/13c95hAKsz-ZIGwJe_mlZ9uolToF72-zT/view?usp=drivesdk
24_M_WIP02.gif,image/gif,gifs e animaçoes/Gifs Pessoas Reais/GIFS HOMEM,https://drive.google.com/file/d/16PBziIfLf5rB9Afyja9IhmNmKtxuUz5k/view?usp=drivesdk
27_M_WIP02.gif,image/gif,gifs e animaçoes/Gifs Pessoas Reais/GIFS HOMEM,https://drive.google.com/file/d/1A3Qoi_2J_VBLFtk-CM1n8cvU35adAO7m/view?usp=drivesdk
30_M_WIP02.gif,image/gif,gifs e animaçoes/Gifs Pessoas Reais/GIFS HOMEM,https://drive.google.com/file/d/1CtlQV0eeRKBh3rhH2QPJG3kcM84HThYM/view?usp=drivesdk
18_M_V1_WIP02.gif,image/gif,gifs e animaçoes/Gifs Pessoas Reais/GIFS HOMEM,https://drive.google.com/file/d/1LajMlS4Af5kEZnGdBegUnkjfpUtSx2UC/view?usp=drivesdk
28_M_WIP02.gif,image/gif,gifs e animaçoes/Gifs Pessoas Reais/GIFS HOMEM,https://drive.google.com/file/d/1NS2JuwCSjCyb41G3zqGusdqdzmjpAuyq/view?usp=drivesdk
14_M_WIP02.gif,image/gif,gifs e animaçoes/Gifs Pessoas Reais/GIFS HOMEM,https://drive.google.com/file/d/1PX6U_ulOX5D9or_IzWlLUN41y9RVwDLb/view?usp=drivesdk
17_M_WIP02.gif,image/gif,gifs e animaçoes/Gifs Pessoas Reais/GIFS HOMEM,https://drive.google.com/file/d/1T-w65KJ4HejTmJfsFagxktVnWwAmF3kh/view?usp=drivesdk
05_M_WIP03-Plank-push-up.gif,image/gif,gifs e animaçoes/Gifs Pessoas Reais/GIFS HOMEM,https://drive.google.com/file/d/1U61uBGNGQO3x-HtEFeQ11FQ4FfCc0i6K/view?usp=drivesdk
10_M_WIP02.gif,image/gif,gifs e animaçoes/Gifs Pessoas Reais/GIFS HOMEM,https://drive.google.com/file/d/1_xkVhekK9350D4M8NnlKgafgLF2EGoFy/view?usp=drivesdk
07_M_WIP02.gif,image/gif,gifs e animaçoes/Gifs Pessoas Reais/GIFS HOMEM,https://drive.google.com/file/d/1aCOIDP92eOOa6OCWW33WjExdE-FoHOdl/view?usp=drivesdk
13_M_WIP02.gif,image/gif,gifs e animaçoes/Gifs Pessoas Reais/GIFS HOMEM,https://drive.google.com/file/d/1hlwnfpXVaMyF8nDoJ9Motyv956JAXKYR/view?usp=drivesdk
03_M_V1_WIP02.gif,image/gif,gifs e animaçoes/Gifs Pessoas Reais/GIFS HOMEM,https://drive.google.com/file/d/1oCtlXWsM0H5r_6zOuniH-LFrsPCmnRw_/view?usp=drivesdk
08_M_WIP02.gif,image/gif,gifs e animaçoes/Gifs Pessoas Reais/GIFS HOMEM,https://drive.google.com/file/d/1r8qZUyyQOsNWwc2ZKTPYTL_ALpu4nBPB/view?usp=drivesdk
25_M_WIP02.gif,image/gif,gifs e animaçoes/Gifs Pessoas Reais/GIFS HOMEM,https://drive.google.com/file/d/1szVyBJuKePL1OhfLC0qEUJkVcOBsQZ6j/view?usp=drivesdk
06_M_WIP02.gif,image/gif,gifs e animaçoes/Gifs Pessoas Reais/GIFS HOMEM,https://drive.google.com/file/d/1wc5C67XBJbl4xDIdltEx49DOeLepn6xi/view?usp=drivesdk
15_M_WIP02.gif,image/gif,gifs e animaçoes/Gifs Pessoas Reais/GIFS HOMEM,https://drive.google.com/file/d/1xZyDc5eHKnvNqKabqg8EO4gHttfw9RLr/view?usp=drivesdk
26_M_WIP02.gif,image/gif,gifs e animaçoes/Gifs Pessoas Reais/GIFS HOMEM,https://drive.google.com/file/d/1Fy8lVQU9AkqMn3Xq6-gOOLmvN-wUmtIR/view?usp=drivesdk
01_M_WIP02.gif,image/gif,gifs e animaçoes/Gifs Pessoas Reais/GIFS HOMEM,https://drive.google.com/file/d/1YZLl1UsOiB7fjs_EHBH5RqNlvxXrTAI0/view?usp=drivesdk
12_M_WIP02.gif,image/gif,gifs e animaçoes/Gifs Pessoas Reais/GIFS HOMEM,https://drive.google.com/file/d/1Ywm6jJm3-eEbUmXumaQarLgEDkTugW9y/view?usp=drivesdk
04_M_WIP02.gif,image/gif,gifs e animaçoes/Gifs Pessoas Reais/GIFS HOMEM,https://drive.google.com/file/d/1mSixU5S2PSazd_kiqlLZNptgqQnvok_5/view?usp=drivesdk
CORECT 14.mp4,video/mp4,gifs e animaçoes/Gifs Pessoas Reais/Execução Correta,https://drive.google.com/file/d/1ApxhcuOza8PjhSVk0DRUHdKfq00cMJL7/view?usp=drivesdk
CORECT 11.mp4,video/mp4,gifs e animaçoes/Gifs Pessoas Reais/Execução Correta,https://drive.google.com/file/d/1Kc1QkRURYtoRgr_iFeF1jLUFNa9mxva-/view?usp=drivesdk
CORECT 12.mp4,video/mp4,gifs e animaçoes/Gifs Pessoas Reais/Execução Correta,https://drive.google.com/file/d/1Mb_lXGTnH62vKwDc-IxaUaYgw6XaK4Ep/view?usp=drivesdk
CORECT 5.mp4,video/mp4,gifs e animaçoes/Gifs Pessoas Reais/Execução Correta,https://drive.google.com/file/d/1NPB71h_NnJSbfCecia9QodB0iNoLzcOj/view?usp=drivesdk
CORECT 20.mp4,video/mp4,gifs e animaçoes/Gifs Pessoas Reais/Execução Correta,https://drive.google.com/file/d/1Pbo4k6fmUEjZdw5QvRZx-5MMqc9nofVa/view?usp=drivesdk
CORECT 10.mp4,video/mp4,gifs e animaçoes/Gifs Pessoas Reais/Execução Correta,https://drive.google.com/file/d/1YWuCKankp1foEDyrq-YgK09MdNPWLMi4/view?usp=drivesdk
CORECT 1.mp4,video/mp4,gifs e animaçoes/Gifs Pessoas Reais/Execução Correta,https://drive.google.com/file/d/1b4tF6jwU1IinpVn3kB1vUhY7dEC91jLE/view?usp=drivesdk
CORECT 19.mp4,video/mp4,gifs e animaçoes/Gifs Pessoas Reais/Execução Correta,https://drive.google.com/file/d/1hjX0EewROi6MtuJ7SOoK0Xhb45C3tmHa/view?usp=drivesdk
CORECT 15.mp4,video/mp4,gifs e animaçoes/Gifs Pessoas Reais/Execução Correta,https://drive.google.com/file/d/1iDBcygUEDBbWbMzKv_xy0VAjcuoh7wGp/view?usp=drivesdk
CORRECT 24.mp4,video/mp4,gifs e animaçoes/Gifs Pessoas Reais/Execução Correta,https://drive.google.com/file/d/15X8iu7vCQiadKOCk8CSvaalKg_fRI_AT/view?usp=drivesdk
CORRECT 13.mp4,video/mp4,gifs e animaçoes/Gifs Pessoas Reais/Execução Correta,https://drive.google.com/file/d/1MfuhfvDEEks_dJY15rkvf-WEp65g2H6O/view?usp=drivesdk
CORECT 6.mp4,video/mp4,gifs e animaçoes/Gifs Pessoas Reais/Execução Correta,https://drive.google.com/file/d/1pP9Rkji1ckr6zqdxqnhlJI1X0FxSsplM/view?usp=drivesdk
CORECT 18.mp4,video/mp4,gifs e animaçoes/Gifs Pessoas Reais/Execução Correta,https://drive.google.com/file/d/1yRtuLGxDsFwO8PRRjO8rZxuy5uE46x0D/view?usp=drivesdk
CORECT 21.mp4,video/mp4,gifs e animaçoes/Gifs Pessoas Reais/Execução Correta,https://drive.google.com/file/d/1D0_sRF-YKGR3qka86Clka6TwaAsmZsMM/view?usp=drivesdk
CORECT 2.mp4,video/mp4,gifs e animaçoes/Gifs Pessoas Reais/Execução Correta,https://drive.google.com/file/d/1HWSdylFjuEqpx6E-TAmAY0sJDBg6UGlg/view?usp=drivesdk
CORECT 16.mp4,video/mp4,gifs e animaçoes/Gifs Pessoas Reais/Execução Correta,https://drive.google.com/file/d/1IjAWbsP4bi4JwITL74cAg1gJi3xVIYpq/view?usp=drivesdk
CORRECT 26.mp4,video/mp4,gifs e animaçoes/Gifs Pessoas Reais/Execução Correta,https://drive.google.com/file/d/1Lw0OOydA_eEnEQS6OtToVTPKdwiiq1rB/view?usp=drivesdk
CORRECT 27.mp4,video/mp4,gifs e animaçoes/Gifs Pessoas Reais/Execução Correta,https://drive.google.com/file/d/1UbPKs2sN4rgP7hVJTAeDofO7E5LZbuFQ/view?usp=drivesdk
CORECT 3.mp4,video/mp4,gifs e animaçoes/Gifs Pessoas Reais/Execução Correta,https://drive.google.com/file/d/1_jkcCcSLr4UqqgsElb1O5yOenJrB6J9Y/view?usp=drivesdk
CORRECT 23.mp4,video/mp4,gifs e animaçoes/Gifs Pessoas Reais/Execução Correta,https://drive.google.com/file/d/1a3-uiQ5QVp58Z8oVVq2OOm_zDdknnayx/view?usp=drivesdk
CORECT 4.mp4,video/mp4,gifs e animaçoes/Gifs Pessoas Reais/Execução Correta,https://drive.google.com/file/d/1b25SGjCF7Msn-AP8N0kOlh7-qutSARNu/view?usp=drivesdk
CORRECT 25.mp4,video/mp4,gifs e animaçoes/Gifs Pessoas Reais/Execução Correta,https://drive.google.com/file/d/1gNZp6eN3pniaw3SfIij8d6355kTOdcOq/view?usp=drivesdk
CORECT 9.mp4,video/mp4,gifs e animaçoes/Gifs Pessoas Reais/Execução Correta,https://drive.google.com/file/d/1hAExNwCsp3pusk9NXgO_IMF3-ByfI07g/view?usp=drivesdk
CORRECT 22.mp4,video/mp4,gifs e animaçoes/Gifs Pessoas Reais/Execução Correta,https://drive.google.com/file/d/1qUzutxUcXDLhkqgfH7Xuy_QYvFdxYZAm/view?usp=drivesdk
CORECT 17.mp4,video/mp4,gifs e animaçoes/Gifs Pessoas Reais/Execução Correta,https://drive.google.com/file/d/1xNG5oMGOUUUwZobBQ1nYBApPMSKZLjYj/view?usp=drivesdk
Extensão de perna ajoelhada.gif,image/gif,gifs e animaçoes/Gifs Pessoas Reais/FAIXA DE RESISTÊNCIA GLÚTEOS,https://drive.google.com/file/d/13k87LdwXiht-F-CgSx1S2ZAKj1sxYgUv/view?usp=drivesdk
Garra.gif,image/gif,gifs e animaçoes/Gifs Pessoas Reais/FAIXA DE RESISTÊNCIA GLÚTEOS,https://drive.google.com/file/d/19djMlSqD7-QHkSx_kngO9Ni8p33ywg3Q/view?usp=drivesdk
Caminhada Bandida.gif,image/gif,gifs e animaçoes/Gifs Pessoas Reais/FAIXA DE RESISTÊNCIA GLÚTEOS,https://drive.google.com/file/d/1AwPgGmoG9smD0bW5uEFF5RAifUkXwVQe/view?usp=drivesdk
chute de burro.gif,image/gif,gifs e animaçoes/Gifs Pessoas Reais/FAIXA DE RESISTÊNCIA GLÚTEOS,https://drive.google.com/file/d/1DunQmMEvR1rmIxJHWASPRqg2NupMU7od/view?usp=drivesdk
Ponte do quadril com extensão de perna alternada.gif,image/gif,gifs e animaçoes/Gifs Pessoas Reais/FAIXA DE RESISTÊNCIA GLÚTEOS,https://drive.google.com/file/d/1iU83fRYx0Lfyi8dwieLXjEbWR3e0e9Ni/view?usp=drivesdk
Pulso da Ponte do Quadril.gif,image/gif,gifs e animaçoes/Gifs Pessoas Reais/FAIXA DE RESISTÊNCIA GLÚTEOS,https://drive.google.com/file/d/1-79GzOD254yYBhxbra7c8vrPmm6zR08B/view?usp=drivesdk
Agachamento para Elevação Lateral da Perna.gif,image/gif,gifs e animaçoes/Gifs Pessoas Reais/FAIXA DE RESISTÊNCIA GLÚTEOS,https://drive.google.com/file/d/129PBJ8VMH4YnGwrTXp1RHwQaqaQ7w2Sj/view?usp=drivesdk
Retrocesso de glúteo em pé.gif,image/gif,gifs e animaçoes/Gifs Pessoas Reais/FAIXA DE RESISTÊNCIA GLÚTEOS,https://drive.google.com/file/d/1BQmpz5It6Dg2gL_5PhUKbWX3nLd4GQY2/view?usp=drivesdk
hidrante.gif,image/gif,gifs e animaçoes/Gifs Pessoas Reais/FAIXA DE RESISTÊNCIA GLÚTEOS,https://drive.google.com/file/d/1FSVivmHWAC1zYKE_3cz6zU3hhtwLABfn/view?usp=drivesdk
Extensão de perna em supino.gif,image/gif,gifs e animaçoes/Gifs Pessoas Reais/FAIXA DE RESISTÊNCIA GLÚTEOS,https://drive.google.com/file/d/1MPN57YQZfQQdpNYJkvmGm9pl48mC3M3d/view?usp=drivesdk
Jack de salto de tornozelo.gif,image/gif,gifs e animaçoes/Gifs Pessoas Reais/FAIXA DE RESISTÊNCIA GLÚTEOS,https://drive.google.com/file/d/1YjyyWLCalyFZVCB2loVmtPQSotQxnK-c/view?usp=drivesdk
LS Mountain Climbers2.gif,image/gif,gifs e animaçoes/Gifs Pessoas Reais/EXERCICIOS MASCULINO 1,https://drive.google.com/file/d/12_A6DuNHeK_wryarN0D7HF1Z3KMpzTZX/view?usp=drivesdk
LS Plank Forearm Male.gif,image/gif,gifs e animaçoes/Gifs Pessoas Reais/EXERCICIOS MASCULINO 1,https://drive.google.com/file/d/16nC4MtAcVIRJ99QiAApQFYOHb40DyUyw/view?usp=drivesdk
LS Jump Tuck.gif,image/gif,gifs e animaçoes/Gifs Pessoas Reais/EXERCICIOS MASCULINO 1,https://drive.google.com/file/d/18YzG--K7D9skXbCZfx_SCanRXHzmeszP/view?usp=drivesdk
LS Plank Side Touches Male.gif,image/gif,gifs e animaçoes/Gifs Pessoas Reais/EXERCICIOS MASCULINO 1,https://drive.google.com/file/d/1CZD8d8ejFNzwB1qe0YpUcmXJU7jTr-Xx/view?usp=drivesdk
LS Jump Squats.gif,image/gif,gifs e animaçoes/Gifs Pessoas Reais/EXERCICIOS MASCULINO 1,https://drive.google.com/file/d/1EB2kPP0c1U6_Ck3Xyzh8ov0MogehulvW/view?usp=drivesdk
LS Tuck Jumps.gif,image/gif,gifs e animaçoes/Gifs Pessoas Reais/EXERCICIOS MASCULINO 1,https://drive.google.com/file/d/1FePMFiqbslvQqU3Mn3n20XkvjXvQ9RDf/view?usp=drivesdk
LS Alternating Side Lunges.gif,image/gif,gifs e animaçoes/Gifs Pessoas Reais/EXERCICIOS MASCULINO 1,https://drive.google.com/file/d/1G5T8PY3TpNYClTd_y-Gnfs3X1MVyQaTq/view?usp=drivesdk
LS Flutter Kicks.gif,image/gif,gifs e animaçoes/Gifs Pessoas Reais/EXERCICIOS MASCULINO 1,https://drive.google.com/file/d/1GQ2ncoKj8Vmv4_BcvyscGX-bOzggikUk/view?usp=drivesdk
LS Heismans.gif,image/gif,gifs e animaçoes/Gifs Pessoas Reais/EXERCICIOS MASCULINO 1,https://drive.google.com/file/d/1GSiv6E0BLh_8XsibJjiwmLSToOQDfqJ5/view?usp=drivesdk
LS Leg Ab Lifts.gif,image/gif,gifs e animaçoes/Gifs Pessoas Reais/EXERCICIOS MASCULINO 1,https://drive.google.com/file/d/1JKIsD9gTGMXiw756FNAoeVsrReRgFVCI/view?usp=drivesdk
LS Lunges.gif,image/gif,gifs e animaçoes/Gifs Pessoas Reais/EXERCICIOS MASCULINO 1,https://drive.google.com/file/d/1LmkNSumIlmh7xZEZNY0poLRDYyoUBmKq/view?usp=drivesdk
LS Crunch Side.gif,image/gif,gifs e animaçoes/Gifs Pessoas Reais/EXERCICIOS MASCULINO 1,https://drive.google.com/file/d/1OH3BIbB3fU8HbS3Xas7UJlooTumS6VC4/view?usp=drivesdk
LS Sit Ups Male.gif,image/gif,gifs e animaçoes/Gifs Pessoas Reais/EXERCICIOS MASCULINO 1,https://drive.google.com/file/d/1OICRwHzPI2SnxXOWJg4XO3_jCnHZ3x7W/view?usp=drivesdk
LS Sunflowers.gif,image/gif,gifs e animaçoes/Gifs Pessoas Reais/EXERCICIOS MASCULINO 1,https://drive.google.com/file/d/1PFkjsIuI31fQXnzKMNlMwTZcI6Fv-Li4/view?usp=drivesdk
LS Side Crunches.gif,image/gif,gifs e animaçoes/Gifs Pessoas Reais/EXERCICIOS MASCULINO 1,https://drive.google.com/file/d/1WzYDso5GBd7Ui6NuMz13FRsS09lDcJyX/view?usp=drivesdk
LS Plank Forearm Modified.gif,image/gif,gifs e animaçoes/Gifs Pessoas Reais/EXERCICIOS MASCULINO 1,https://drive.google.com/file/d/1ZCfUyjb_FolspQ4tgiQodQIccpGoovSv/view?usp=drivesdk
LS Push Up With Clap.gif,image/gif,gifs e animaçoes/Gifs Pessoas Reais/EXERCICIOS MASCULINO 1,https://drive.google.com/file/d/1hDS1MhY9hh4SREG0QeLGPCTLzyYBXrX4/view?usp=drivesdk
LS Squats.gif,image/gif,gifs e animaçoes/Gifs Pessoas Reais/EXERCICIOS MASCULINO 1,https://drive.google.com/file/d/1zCjmGMuKJFqrXqQ1GIu2R05Adt_Wl1lu/view?usp=drivesdk
LS Squat Single Leg.gif,image/gif,gifs e animaçoes/Gifs Pessoas Reais/EXERCICIOS MASCULINO 1,https://drive.google.com/file/d/152cL4mJiJ4qdTgWn51pcO8vvUTXnivfw/view?usp=drivesdk
LS Stretch To Toe.gif,image/gif,gifs e animaçoes/Gifs Pessoas Reais/EXERCICIOS MASCULINO 1,https://drive.google.com/file/d/1D3WK2QHSM1ozFx5jLKRV20dG6ysNXm31/view?usp=drivesdk
LS Push Ups2.gif,image/gif,gifs e animaçoes/Gifs Pessoas Reais/EXERCICIOS MASCULINO 1,https://drive.google.com/file/d/1GLujuhUKNvx4TNPVJs3pzci_i3ln9F23/view?usp=drivesdk
LS Shoulder Press.gif,image/gif,gifs e animaçoes/Gifs Pessoas Reais/EXERCICIOS MASCULINO 1,https://drive.google.com/file/d/1JSpECT8wwh2shJZDEcma8h0TIM0SNVRy/view?usp=drivesdk
LS Bird dog.gif,image/gif,gifs e animaçoes/Gifs Pessoas Reais/EXERCICIOS MASCULINO 1,https://drive.google.com/file/d/1Prq3WqPR12DzMt2sd0TdPLo7yuXTXGdL/view?usp=drivesdk
LS Side Lifts.GIF,image/gif,gifs e animaçoes/Gifs Pessoas Reais/EXERCICIOS MASCULINO 1,https://drive.google.com/file/d/1PzEw3e4UaImCgSEGzRdxwFJe2ymnzmAZ/view?usp=drivesdk
LS Crunch Knees Up.gif,image/gif,gifs e animaçoes/Gifs Pessoas Reais/EXERCICIOS MASCULINO 1,https://drive.google.com/file/d/1QEAg_5Yhf6LxgIaMs15yjI4WpKamJeus/view?usp=drivesdk
LS Burpee With Pushup Male.gif,image/gif,gifs e animaçoes/Gifs Pessoas Reais/EXERCICIOS MASCULINO 1,https://drive.google.com/file/d/1QTEUL4BdvEI__A7S1JUIL1kzvqEeyJn_/view?usp=drivesdk
LS Cross Curl Ups.gif,image/gif,gifs e animaçoes/Gifs Pessoas Reais/EXERCICIOS MASCULINO 1,https://drive.google.com/file/d/1QXQyZMMrFP2j0soQOtD-qONPbDdSIPPO/view?usp=drivesdk
LS Reach Through Curl Up.gif,image/gif,gifs e animaçoes/Gifs Pessoas Reais/EXERCICIOS MASCULINO 1,https://drive.google.com/file/d/1W29s9QZ_cPUYK1PfOaI6cYJ_sM_xZzba/view?usp=drivesdk
LS Burpees.gif,image/gif,gifs e animaçoes/Gifs Pessoas Reais/EXERCICIOS MASCULINO 1,https://drive.google.com/file/d/1XdXAChu66YNLgoNc7WaryT6XkwpQlXba/view?usp=drivesdk
LS Crunches.gif,image/gif,gifs e animaçoes/Gifs Pessoas Reais/EXERCICIOS MASCULINO 1,https://drive.google.com/file/d/1aUTPnT2-fHWsdbpCvsR8t7OeYTTEjWNn/view?usp=drivesdk
LS Thruster.gif,image/gif,gifs e animaçoes/Gifs Pessoas Reais/EXERCICIOS MASCULINO 1,https://drive.google.com/file/d/1bmVQH93NWZp-9RqpFyqoFO_dc3v7fL2O/view?usp=drivesdk
LS Reverse Curl.gif,image/gif,gifs e animaçoes/Gifs Pessoas Reais/EXERCICIOS MASCULINO 1,https://drive.google.com/file/d/1e8DpSs0J6dV9r6ajHdYBfVKC0Tz4TC8M/view?usp=drivesdk
LS Dumbell Raises.gif,image/gif,gifs e animaçoes/Gifs Pessoas Reais/EXERCICIOS MASCULINO 1,https://drive.google.com/file/d/1eU5kRu_fLnAZJaY75X9Afx6bLceh4Jt_/view?usp=drivesdk
LS Knee Ups.gif,image/gif,gifs e animaçoes/Gifs Pessoas Reais/EXERCICIOS MASCULINO 1,https://drive.google.com/file/d/1fzdnwHNOD3Z8VkMezmeEqRvZM2g1zl0p/view?usp=drivesdk
LS Alternating Bicep Curls.gif,image/gif,gifs e animaçoes/Gifs Pessoas Reais/EXERCICIOS MASCULINO 1,https://drive.google.com/file/d/1gDfRVchsfwdbN9Fdgj2zs7gxllLI_yr8/view?usp=drivesdk
LS Bicycle.gif,image/gif,gifs e animaçoes/Gifs Pessoas Reais/EXERCICIOS MASCULINO 1,https://drive.google.com/file/d/1j5RlSBzqVxFRDiulSy2FggvamtUkwmbh/view?usp=drivesdk
LS V sit.gif,image/gif,gifs e animaçoes/Gifs Pessoas Reais/EXERCICIOS MASCULINO 1,https://drive.google.com/file/d/1jG7lPzyQmrBdmLZ88r7OFVjeRokmMyVS/view?usp=drivesdk
LS Quadraplex.gif,image/gif,gifs e animaçoes/Gifs Pessoas Reais/EXERCICIOS MASCULINO 1,https://drive.google.com/file/d/1m3v20akrhjVUCumNtKBuh0WKD23VW2hq/view?usp=drivesdk
LS Butt Kickers.gif,image/gif,gifs e animaçoes/Gifs Pessoas Reais/EXERCICIOS MASCULINO 1,https://drive.google.com/file/d/1mqMhcuivxYwkduFIas3g1Z9l568K7qe3/view?usp=drivesdk
LS Jumping Jacks.gif,image/gif,gifs e animaçoes/Gifs Pessoas Reais/EXERCICIOS MASCULINO 1,https://drive.google.com/file/d/1pS9j2T_NHrCjgM4NIzaRnOqw7VVxy2q6/view?usp=drivesdk
ALONG SOBRE OS CALCANHARES1.gif,image/gif,gifs e animaçoes/Gifs Pessoas Reais/ALONGAMENTOS PESSOAS REAIS,https://drive.google.com/file/d/10Dopz73uyDhibu1lGoKFE35gceFtn1hA/view?usp=drivesdk
POSTURA DE ÁGUIA.gif,image/gif,gifs e animaçoes/Gifs Pessoas Reais/ALONGAMENTOS PESSOAS REAIS,https://drive.google.com/file/d/12tpOtOpR460dd4LuW2V6TuFMn6KzL8sS/view?usp=drivesdk
ROTAÇÃO DE TRONCO SUPERIOR.gif,image/gif,gifs e animaçoes/Gifs Pessoas Reais/ALONGAMENTOS PESSOAS REAIS,https://drive.google.com/file/d/15fzkmSiu047PoEbOGBrc_HMu8dchXopl/view?usp=drivesdk
ALONG EXTENSÃO DE BRAÇOS1.gif,image/gif,gifs e animaçoes/Gifs Pessoas Reais/ALONGAMENTOS PESSOAS REAIS,https://drive.google.com/file/d/1Awc3iuwp4a4SJlt1W_emsz1eK-mFCoH2/view?usp=drivesdk
ALONGAMENTO ISQUITIBIAIS.gif,image/gif,gifs e animaçoes/Gifs Pessoas Reais/ALONGAMENTOS PESSOAS REAIS,https://drive.google.com/file/d/1DFXyjI-Ke_oaLgcjTAvstjIpJhMjNfN4/view?usp=drivesdk
ALONG FLEXÃO DO QUADRIL SENTADO.gif,image/gif,gifs e animaçoes/Gifs Pessoas Reais/ALONGAMENTOS PESSOAS REAIS,https://drive.google.com/file/d/1EHvJ6XISPFlH246ld4Co4NQ1-l9pW26F/view?usp=drivesdk
POSTURA DO GATO.gif,image/gif,gifs e animaçoes/Gifs Pessoas Reais/ALONGAMENTOS PESSOAS REAIS,https://drive.google.com/file/d/1FIjGmKket1b7wm8Xy_0xI5lUnFiD591G/view?usp=drivesdk
ALONG TRONCO AJOELHADO1.gif,image/gif,gifs e animaçoes/Gifs Pessoas Reais/ALONGAMENTOS PESSOAS REAIS,https://drive.google.com/file/d/1ITw8FkUPiJphBtIQ5Vz1FUYkR0l5tmn3/view?usp=drivesdk
ROSCA DE PERNA DEITADA.gif,image/gif,gifs e animaçoes/Gifs Pessoas Reais/ALONGAMENTOS PESSOAS REAIS,https://drive.google.com/file/d/1JhVV4YLVMRzpwR5y1F9mBmFWXVL8HWU7/view?usp=drivesdk
CÃO DESCENDENTE.gif,image/gif,gifs e animaçoes/Gifs Pessoas Reais/ALONGAMENTOS PESSOAS REAIS,https://drive.google.com/file/d/1UG8pSyIa8I8hqzKNSqUr5aRfIEFjoAve/view?usp=drivesdk
ALONG ROTAÇÃO CRUZADO.gif,image/gif,gifs e animaçoes/Gifs Pessoas Reais/ALONGAMENTOS PESSOAS REAIS,https://drive.google.com/file/d/1moPtNDbmwuKGGKgucOYonBfcD5b3jO6w/view?usp=drivesdk
TRECHO COBRA.gif,image/gif,gifs e animaçoes/Gifs Pessoas Reais/ALONGAMENTOS PESSOAS REAIS,https://drive.google.com/file/d/1orHZ7iyugdJQeCKOzKnC8gMbmdOcXrvq/view?usp=drivesdk
ROTAÇÃO LATERAL DO PESCOÇO.gif,image/gif,gifs e animaçoes/Gifs Pessoas Reais/ALONGAMENTOS PESSOAS REAIS,https://drive.google.com/file/d/1xdcSu7-xZnKTltn9TIQRjtKGzlS4ftSF/view?usp=drivesdk
EXTENSÃO TORÁCICA.gif,image/gif,gifs e animaçoes/Gifs Pessoas Reais/ALONGAMENTOS PESSOAS REAIS,https://drive.google.com/file/d/1-_xgUewOYt4VNeeoRViOyn4dM_4hhpsH/view?usp=drivesdk
ALONGAMENTO AFUNDO.gif,image/gif,gifs e animaçoes/Gifs Pessoas Reais/ALONGAMENTOS PESSOAS REAIS,https://drive.google.com/file/d/14K3dPY3krUS9fg2VgsI90l85sQKUMeSR/view?usp=drivesdk
ABDUÇÃO DE QUADRIL.gif,image/gif,gifs e animaçoes/Gifs Pessoas Reais/ALONGAMENTOS PESSOAS REAIS,https://drive.google.com/file/d/15TsaIqTKxN8Zg5mTKngIOoffd8__gmTN/view?usp=drivesdk
ALONG FLEXORES DE QUADRIL.gif,image/gif,gifs e animaçoes/Gifs Pessoas Reais/ALONGAMENTOS PESSOAS REAIS,https://drive.google.com/file/d/16DVo0R9SeEPt7Yk7zepV-Sr7zkdkd8FQ/view?usp=drivesdk
SUPERHOMEM1.gif,image/gif,gifs e animaçoes/Gifs Pessoas Reais/ALONGAMENTOS PESSOAS REAIS,https://drive.google.com/file/d/16WLMwNWdi_xJ--chd035C9cU2iO-sfyF/view?usp=drivesdk
ROLAMENTO DE BANDA.gif,image/gif,gifs e animaçoes/Gifs Pessoas Reais/ALONGAMENTOS PESSOAS REAIS,https://drive.google.com/file/d/16s9cF89fntvVSr0t4VRbE2fjhU5UfGvV/view?usp=drivesdk
ISQUIOTIBIAIS.gif,image/gif,gifs e animaçoes/Gifs Pessoas Reais/ALONGAMENTOS PESSOAS REAIS,https://drive.google.com/file/d/16vFnpmB5H0XRTW27Eto2rhsBigSCcd7p/view?usp=drivesdk
ALONG ADUTORES1.gif,image/gif,gifs e animaçoes/Gifs Pessoas Reais/ALONGAMENTOS PESSOAS REAIS,https://drive.google.com/file/d/175ael2HGBKRpEmfdCmQDqXFeg0MTM8dE/view?usp=drivesdk
ESTOCADA PRA FRENTE.gif,image/gif,gifs e animaçoes/Gifs Pessoas Reais/ALONGAMENTOS PESSOAS REAIS,https://drive.google.com/file/d/18Gb9BYqjz_l_Nx6PAyNOJR9VFBLRFYvh/view?usp=drivesdk
MEIA ROTAÇÃO PESCOÇO.gif,image/gif,gifs e animaçoes/Gifs Pessoas Reais/ALONGAMENTOS PESSOAS REAIS,https://drive.google.com/file/d/1HBUE22fr1cdpUAgf0GV29RXoWbu33Qvl/view?usp=drivesdk
ESCAPULAR.gif,image/gif,gifs e animaçoes/Gifs Pessoas Reais/ALONGAMENTOS PESSOAS REAIS,https://drive.google.com/file/d/1Nb1_sh1FW6y8zf35ubMM-6CImWrdTkdL/view?usp=drivesdk
ROTAÇÃO DE TRONCO SENTADO LATERAL.gif,image/gif,gifs e animaçoes/Gifs Pessoas Reais/ALONGAMENTOS PESSOAS REAIS,https://drive.google.com/file/d/1OeA9Sn7vKkLr2A4VdKG7dUxvHka_Vsge/view?usp=drivesdk
ALOG ABDOMINAIS1.gif,image/gif,gifs e animaçoes/Gifs Pessoas Reais/ALONGAMENTOS PESSOAS REAIS,https://drive.google.com/file/d/1RJK22JSPXCSqxo-Wn7HRYdnaxhJPPf_9/view?usp=drivesdk
ALONG BÍCEPS1.gif,image/gif,gifs e animaçoes/Gifs Pessoas Reais/ALONGAMENTOS PESSOAS REAIS,https://drive.google.com/file/d/1SHGCIm7njwryqvhkuTERdoZRDBA_Tn37/view?usp=drivesdk
TORÇÃO RECLINADA.gif,image/gif,gifs e animaçoes/Gifs Pessoas Reais/ALONGAMENTOS PESSOAS REAIS,https://drive.google.com/file/d/1SmdM3RJPjytCAmPJAtlM1FzaeL7erJ0G/view?usp=drivesdk
ROTAÇÃO DE TRONCO.gif,image/gif,gifs e animaçoes/Gifs Pessoas Reais/ALONGAMENTOS PESSOAS REAIS,https://drive.google.com/file/d/1T2wyJ5jBqFUu3XYJF4rYfsVfya8rRw6A/view?usp=drivesdk
ALONG LATERAL PESCOÇO.gif,image/gif,gifs e animaçoes/Gifs Pessoas Reais/ALONGAMENTOS PESSOAS REAIS,https://drive.google.com/file/d/1UwFuKJkdd8gOljnNn3_kjPdivYkQzBBH/view?usp=drivesdk
LÚPULO CONTROLADO COM BANDA.gif,image/gif,gifs e animaçoes/Gifs Pessoas Reais/ALONGAMENTOS PESSOAS REAIS,https://drive.google.com/file/d/1V4uhIDNW_2BzKI9OJ_6eY-Q72fgWNB15/view?usp=drivesdk
ELEVAÇÃO DE OMBRO.gif,image/gif,gifs e animaçoes/Gifs Pessoas Reais/ALONGAMENTOS PESSOAS REAIS,https://drive.google.com/file/d/1V5vORFBPsv_bLDEQuFz9Zxxp5OmoMA7A/view?usp=drivesdk
ALONG OMBROVPEITORAL.gif,image/gif,gifs e animaçoes/Gifs Pessoas Reais/ALONGAMENTOS PESSOAS REAIS,https://drive.google.com/file/d/1Yq3rnlXzNUa7kF5is56EWq5qkOAKPL0J/view?usp=drivesdk
ALONG ROMBOIDE1.gif,image/gif,gifs e animaçoes/Gifs Pessoas Reais/ALONGAMENTOS PESSOAS REAIS,https://drive.google.com/file/d/1gEelvveYMnN9ZF37bW5uPgXWZVU5T5rg/view?usp=drivesdk
ALONG LOMBAR UNI1.gif,image/gif,gifs e animaçoes/Gifs Pessoas Reais/ALONGAMENTOS PESSOAS REAIS,https://drive.google.com/file/d/1hcSEOIBmONTpsIUJX1zzQU5N2rn65Zj1/view?usp=drivesdk
QUADRUPEDE LIMBS.gif,image/gif,gifs e animaçoes/Gifs Pessoas Reais/ALONGAMENTOS PESSOAS REAIS,https://drive.google.com/file/d/1iGr9JFxFpAlVuUyhVJndXG6eOaVWNhqo/view?usp=drivesdk
POSE CRIANÇA ALONGAMENTO.gif,image/gif,gifs e animaçoes/Gifs Pessoas Reais/ALONGAMENTOS PESSOAS REAIS,https://drive.google.com/file/d/1nxi4qkZmNWI7W2wSrYOwF2CLLGsVFapW/view?usp=drivesdk
ALONG TRÍCEPS1.gif,image/gif,gifs e animaçoes/Gifs Pessoas Reais/ALONGAMENTOS PESSOAS REAIS,https://drive.google.com/file/d/1x12NgGISp6obxrIH6ebPJpXvtgkp-5sE/view?usp=drivesdk
ROTAÇÃO DOS OMBROS.gif,image/gif,gifs e animaçoes/Gifs Pessoas Reais/ALONGAMENTOS PESSOAS REAIS,https://drive.google.com/file/d/12vxTWj1ns18BLe4UnlkvJOTlRDdOELlv/view?usp=drivesdk
ESTOCADA LATERAL.gif,image/gif,gifs e animaçoes/Gifs Pessoas Reais/ALONGAMENTOS PESSOAS REAIS,https://drive.google.com/file/d/13WFvCJyAwVAQTVLSSMiJyfS_IHZH6pQg/view?usp=drivesdk
ALONG TENDÕES1.gif,image/gif,gifs e animaçoes/Gifs Pessoas Reais/ALONGAMENTOS PESSOAS REAIS,https://drive.google.com/file/d/14ZnzUlz_ZtNcbWdGY60Zu3iyDkveOKz4/view?usp=drivesdk
JOELHO AO PEITO.gif,image/gif,gifs e animaçoes/Gifs Pessoas Reais/ALONGAMENTOS PESSOAS REAIS,https://drive.google.com/file/d/1J-54YigKRpPgSyRCtm-25iMnOoHYiQGY/view?usp=drivesdk
ALONGAMENTO DE FLEXORES DE QUADRIL.gif,image/gif,gifs e animaçoes/Gifs Pessoas Reais/ALONGAMENTOS PESSOAS REAIS,https://drive.google.com/file/d/1LINPV2-sZKPhX84pEYukkjgK25SE5nzS/view?usp=drivesdk
ALONGAMENTO ASA MAIOR SENTADO.gif,image/gif,gifs e animaçoes/Gifs Pessoas Reais/ALONGAMENTOS PESSOAS REAIS,https://drive.google.com/file/d/1UPGY5DECgl2cbBp5uLup9qIMkz1zmAjj/view?usp=drivesdk
ROTAÇÃO OMBRO CIRCULAR.gif,image/gif,gifs e animaçoes/Gifs Pessoas Reais/ALONGAMENTOS PESSOAS REAIS,https://drive.google.com/file/d/1XccHgb-l82N-FuSesfQ8aUgb7IaWjaDB/view?usp=drivesdk
QUADRNGULO INTERNO.gif,image/gif,gifs e animaçoes/Gifs Pessoas Reais/ALONGAMENTOS PESSOAS REAIS,https://drive.google.com/file/d/1_yFu6mBoTAqFatjrUN_UFxEQvR_4Y90J/view?usp=drivesdk
ALONG ISQUIOTIBIAIS SENTADO.gif,image/gif,gifs e animaçoes/Gifs Pessoas Reais/ALONGAMENTOS PESSOAS REAIS,https://drive.google.com/file/d/1aU4RwyNAmQxNHE98vAKR758cExBfblR5/view?usp=drivesdk
ALONG TORÁCICA1.gif,image/gif,gifs e animaçoes/Gifs Pessoas Reais/ALONGAMENTOS PESSOAS REAIS,https://drive.google.com/file/d/1gLNCLzDZT1pYFnK5XwDFKmG08u3hCYhP/view?usp=drivesdk
ROTAÇAO DE QUADRIL.gif,image/gif,gifs e animaçoes/Gifs Pessoas Reais/ALONGAMENTOS PESSOAS REAIS,https://drive.google.com/file/d/1hwzhAS_gVBVEwt_h49Sx8ULW7kzKiFAE/view?usp=drivesdk
ALONGAMENTO DE ROTAÇÃO QUADRIL LOMBAR.gif,image/gif,gifs e animaçoes/Gifs Pessoas Reais/ALONGAMENTOS PESSOAS REAIS,https://drive.google.com/file/d/1n3o08SvOAaiESyuzjAA7h0IBfkd4aILW/view?usp=drivesdk
PONTE1.gif,image/gif,gifs e animaçoes/Gifs Pessoas Reais/ALONGAMENTOS PESSOAS REAIS,https://drive.google.com/file/d/1sSdXdk7uQLQAjEcrMu40jLJn_l7vKpp2/view?usp=drivesdk
ALONG GLÚTEOS1.gif,image/gif,gifs e animaçoes/Gifs Pessoas Reais/ALONGAMENTOS PESSOAS REAIS,https://drive.google.com/file/d/1tBaQEt0bKa5b86B7V3vh7E0kp2FDsb47/view?usp=drivesdk
ALONG LOMBAR1.gif,image/gif,gifs e animaçoes/Gifs Pessoas Reais/ALONGAMENTOS PESSOAS REAIS,https://drive.google.com/file/d/1v49A1rCprS_zZqYLYiKMGWCWzpR0_axj/view?usp=drivesdk
JOELHO AO PEITO UNI.gif,image/gif,gifs e animaçoes/Gifs Pessoas Reais/ALONGAMENTOS PESSOAS REAIS,https://drive.google.com/file/d/1xsP11KAq5tkblFFt3B-uX-MuS4Yojbyg/view?usp=drivesdk
desenvolvimento-cadeira.gif,image/gif,gifs e animaçoes/Gifs Pessoas Reais/EXERCÍCIOS INICIANTES CADEIRA,https://drive.google.com/file/d/12ZLf6xxSSD49njRala7twG9kqWCtNILR/view?usp=drivesdk
cadeira-tríceps.gif,image/gif,gifs e animaçoes/Gifs Pessoas Reais/EXERCÍCIOS INICIANTES CADEIRA,https://drive.google.com/file/d/1JhAXc3ORu_LOrOdsb6aj-Gi6wyBloqa3/view?usp=drivesdk
cadeira-alpinista.gif,image/gif,gifs e animaçoes/Gifs Pessoas Reais/EXERCÍCIOS INICIANTES CADEIRA,https://drive.google.com/file/d/1de1nOWT6ZZ4Ao-cxu1g7eTUjQITs6JHT/view?usp=drivesdk
cadeira-agachamento com carga.gif,image/gif,gifs e animaçoes/Gifs Pessoas Reais/EXERCÍCIOS INICIANTES CADEIRA,https://drive.google.com/file/d/1f5w6LJZS_md4HLothPQw71q2ZfHwck06/view?usp=drivesdk
cadeira-flexão.gif,image/gif,gifs e animaçoes/Gifs Pessoas Reais/EXERCÍCIOS INICIANTES CADEIRA,https://drive.google.com/file/d/1wYw9Fz1ODZoG6CxANcmLgerQCW4L_pLq/view?usp=drivesdk
cadeira-macaco sentado.gif,image/gif,gifs e animaçoes/Gifs Pessoas Reais/EXERCÍCIOS INICIANTES CADEIRA,https://drive.google.com/file/d/1y94ZSmQLWXBIrY4sWlxr6EAlZAEYUPCe/view?usp=drivesdk
cadeira-círculo pélvico.gif,image/gif,gifs e animaçoes/Gifs Pessoas Reais/EXERCÍCIOS INICIANTES CADEIRA,https://drive.google.com/file/d/1-fE8983sTxevbq7tgyjXeMQjVoE_lvWU/view?usp=drivesdk
cadeira-extensão unilateral.gif,image/gif,gifs e animaçoes/Gifs Pessoas Reais/EXERCÍCIOS INICIANTES CADEIRA,https://drive.google.com/file/d/1YHwDD54438qwe9wFNFtkzxaNvaD31MT8/view?usp=drivesdk
cadeira-remada alta.gif,image/gif,gifs e animaçoes/Gifs Pessoas Reais/EXERCÍCIOS INICIANTES CADEIRA,https://drive.google.com/file/d/1YirlI89QEHDTVcQGnK6OLqaIOxmV52Ri/view?usp=drivesdk
cadeira-glúteo em pé.gif,image/gif,gifs e animaçoes/Gifs Pessoas Reais/EXERCÍCIOS INICIANTES CADEIRA,https://drive.google.com/file/d/1vpyp9LCrdo55QURaM8nAOe0QJ5gBBokZ/view?usp=drivesdk
cadeira-abdução.gif,image/gif,gifs e animaçoes/Gifs Pessoas Reais/EXERCÍCIOS INICIANTES CADEIRA,https://drive.google.com/file/d/1w4NBVFhg6r9Sbjh_1dhGqzP2T8u6PoLB/view?usp=drivesdk